site,window,humidity_method,candidates,n_days_valid,mean_residual_pp,mean_abs_residual_pp,median_abs_residual_pp,p95_abs_residual_pp,max_abs_residual_pp,frac_days_abs_residual_gt_1pp,frac_days_abs_residual_gt_5pp,tolerance_pp
Kochi,1990-2004,vapour_pressure,"A, B",5476,-1.9559391969321887,2.204650154892915,2.0185341368623853,4.935240153449051,9.634906781143542,0.752191380569759,0.045653761869978084,1e-06
Kochi,1990-2004,input_consistent_daily_rh,"C, D",5476,3.631929773567004e-10,1.0181232640533151e-07,6.169278066181505e-08,3.198899278800127e-07,4.879366883869807e-07,0.0,0.0,1e-06
Kolkata,1990-2004,vapour_pressure,"A, B",5476,-1.1394538752848835,1.642495272475924,1.4428314847396067,3.942683437732608,8.15739626364568,0.6440832724616509,0.01168736303871439,1e-06
Kolkata,1990-2004,input_consistent_daily_rh,"C, D",5476,6.96659520916142e-10,3.5352866571048076e-08,0.0,2.8428758724885483e-07,5.377829239705534e-07,0.0,0.0,1e-06
Bikaner,1990-2004,vapour_pressure,"A, B",5476,0.6983812438379275,1.21513439337634,1.0646042812387222,2.9403305962832373,6.376899458935661,0.529218407596786,0.003287070854638422,1e-06
Bikaner,1990-2004,input_consistent_daily_rh,"C, D",5476,3.6477840113824526e-10,5.432017867733918e-09,0.0,1.4210854715202004e-14,5.826825599797303e-07,0.0,0.0,1e-06
Lucknow,1990-2004,vapour_pressure,"A, B",5476,-0.20226211510190148,1.3833294451137268,1.121729748508752,3.568421629601694,9.931084260985742,0.5493060628195763,0.009495982468955442,1e-06
Lucknow,1990-2004,input_consistent_daily_rh,"C, D",5476,-2.827718314351579e-10,3.4722454307466836e-08,0.0,2.8097540649696384e-07,5.939499061469178e-07,0.0,0.0,1e-06
Hyderabad,1990-2004,vapour_pressure,"A, B",5476,-0.06732809993307415,1.2990754373991564,1.0747359209554066,3.3231223365145723,6.816484697454598,0.5314097881665449,0.005295836376917458,1e-06
Hyderabad,1990-2004,input_consistent_daily_rh,"C, D",5476,2.527142380758264e-09,1.563544248313791e-08,0.0,2.842170943040401e-14,9.807775001036134e-07,0.0,0.0,1e-06
Shimla,1990-2004,vapour_pressure,"A, B",5476,0.13822727629526455,1.7702084240167437,1.5248724330638126,4.230379694713163,8.280071525605635,0.6585098612125639,0.02154857560262966,1e-06
Shimla,1990-2004,input_consistent_daily_rh,"C, D",5476,3.329888737443686e-09,7.120464740059457e-08,1.4210854715202004e-14,3.2830401508476825e-07,5.262092201974156e-07,0.0,0.0,1e-06
Kochi,2005-2014,vapour_pressure,"A, B",3649,-2.1610820139630844,2.2942496731185673,2.1305183209680933,4.897177124893458,10.950132505112236,0.7859687585639902,0.04384762948753083,1e-06
Kochi,2005-2014,input_consistent_daily_rh,"C, D",3649,-4.072377617975892e-09,1.9799099513028764e-07,9.516772081497038e-08,6.473581606769584e-07,9.75924791646321e-07,0.0,0.0,1e-06
Kolkata,2005-2014,vapour_pressure,"A, B",3649,-1.3533950192078024,1.759540050898237,1.5438451448256387,4.131377841037407,8.553204337582542,0.6716908742121129,0.014524527267744588,1e-06
Kolkata,2005-2014,input_consistent_daily_rh,"C, D",3649,2.592999670223118e-10,3.482431365412782e-08,0.0,2.84210059930956e-07,5.940202214560486e-07,0.0,0.0,1e-06
Bikaner,2005-2014,vapour_pressure,"A, B",3649,0.5929612022616906,1.1687275162896364,1.0036597985811007,2.8889717865265316,7.1434229330824905,0.5012332145793368,0.0027404768429706767,1e-06
Bikaner,2005-2014,input_consistent_daily_rh,"C, D",3649,3.832506627148895e-11,5.3128275487453744e-09,0.0,1.4210854715202004e-14,5.354746974717273e-07,0.0,0.0,1e-06
Lucknow,2005-2014,vapour_pressure,"A, B",3649,-0.33926090973602263,1.3267948488068626,1.047343356369069,3.530429282535441,9.176077971614632,0.5209646478487256,0.012880241161962182,1e-06
Lucknow,2005-2014,input_consistent_daily_rh,"C, D",3649,-2.407196736634974e-10,3.234369531569611e-08,0.0,2.8100986355639173e-07,5.983667179521035e-07,0.0,0.0,1e-06
Hyderabad,2005-2014,vapour_pressure,"A, B",3649,-0.7200975900314335,1.3226605800663123,1.0269324911949695,3.6265300075911995,10.587911301385617,0.5146615511098931,0.007673335160317895,1e-06
Hyderabad,2005-2014,input_consistent_daily_rh,"C, D",3649,-1.431929266916853e-09,1.5684113704139303e-08,0.0,2.842170943040401e-14,9.673222507444734e-07,0.0,0.0,1e-06
Shimla,2005-2014,vapour_pressure,"A, B",3649,-0.0015157459718515855,1.7375265435433658,1.4937851201640342,4.16079759131386,8.397207864529989,0.65607015620718,0.01644286105782406,1e-06
Shimla,2005-2014,input_consistent_daily_rh,"C, D",3649,-1.7913040122806268e-09,7.03801389176189e-08,1.4210854715202004e-14,3.3079122090384767e-07,5.485494511958677e-07,0.0,0.0,1e-06
