site,window,candidate_id,candidate,wind_treatment,n_days,n_days_valid,n_days_invalid,n_solver_failures,invalid_reasons,solve_paths,mean_abs_residual_pp,max_abs_residual_pp,residual_tolerance_pp,max_iterations_used,iteration_limit,mean_delta_e_hpa,median_delta_e_hpa,min_delta_e_hpa,max_delta_e_hpa,frac_days_e_star_above_e_old,mean_saturated_hour_fraction_new,mean_clipped_hour_fraction_old,frac_hours_clipped_new,frac_hours_clipped_old,mean_rh_old_pct,mean_rh_new_pct
Bikaner,1990-2004,C,cand_C,C1,5478,5476,2,0,"{""invalid: non-finite or non-positive saturation vapour pressure"": 2}","{""analytic: no sampled hour saturates"": 5351, ""bisection: clipping at 100 percent binds"": 125, """": 2}",5.432017867733918e-09,5.826825599797303e-07,1e-06,27,200,-0.19436495710714857,-0.2724191542328849,-2.1044934373135327,3.146719674460403,0.2325666301569916,0.002008032128514056,0.001985213581599124,0.002008032128514056,0.001985213581599124,45.814603083962815,45.1102005725586
Bikaner,1990-2004,D,cand_D,W1,5478,5476,2,0,"{""invalid: non-finite or non-positive saturation vapour pressure"": 2}","{""analytic: no sampled hour saturates"": 5351, ""bisection: clipping at 100 percent binds"": 125, """": 2}",5.432017867733918e-09,5.826825599797303e-07,1e-06,27,200,-0.19436495710714857,-0.2724191542328849,-2.1044934373135327,3.146719674460403,0.2325666301569916,0.002008032128514056,0.001985213581599124,0.002008032128514056,0.001985213581599124,45.814603083962815,45.1102005725586
Hyderabad,1990-2004,C,cand_C,C1,5478,5476,2,0,"{""invalid: non-finite or non-positive saturation vapour pressure"": 2}","{""analytic: no sampled hour saturates"": 5252, ""bisection: clipping at 100 percent binds"": 224, """": 2}",1.563544248313791e-08,9.807775001036134e-07,1e-06,26,200,0.03464464040508908,-0.053765666210685126,-1.8477134229758505,2.856221058522557,0.4600219058050383,0.005978459291712304,0.002076487769258854,0.005978459291712304,0.002076487769258854,61.713063930961845,61.778921660671784
Hyderabad,1990-2004,D,cand_D,W1,5478,5476,2,0,"{""invalid: non-finite or non-positive saturation vapour pressure"": 2}","{""analytic: no sampled hour saturates"": 5252, ""bisection: clipping at 100 percent binds"": 224, """": 2}",1.563544248313791e-08,9.807775001036134e-07,1e-06,26,200,0.03464464040508908,-0.053765666210685126,-1.8477134229758505,2.856221058522557,0.4600219058050383,0.005978459291712304,0.002076487769258854,0.005978459291712304,0.002076487769258854,61.713063930961845,61.778921660671784
Kochi,1990-2004,C,cand_C,C1,5478,5476,2,0,"{""invalid: non-finite or non-positive saturation vapour pressure"": 2}","{""bisection: clipping at 100 percent binds"": 3436, ""analytic: no sampled hour saturates"": 2040, """": 2}",1.0181232640533151e-07,4.879366883869807e-07,1e-06,27,200,0.8737409317900673,0.8090795531643131,-1.7003735429456093,4.92834502647964,0.8612632347572107,0.15697639041012534,0.0726694657417549,0.15697639041012534,0.0726694657417549,81.06072883325098,83.01862673520613
Kochi,1990-2004,D,cand_D,W1,5478,5476,2,0,"{""invalid: non-finite or non-positive saturation vapour pressure"": 2}","{""bisection: clipping at 100 percent binds"": 3436, ""analytic: no sampled hour saturates"": 2040, """": 2}",1.0181232640533151e-07,4.879366883869807e-07,1e-06,27,200,0.8737409317900673,0.8090795531643131,-1.7003735429456093,4.92834502647964,0.8612632347572107,0.15697639041012534,0.0726694657417549,0.15697639041012534,0.0726694657417549,81.06072883325098,83.01862673520613
Kolkata,1990-2004,C,cand_C,C1,5478,5476,2,0,"{""invalid: non-finite or non-positive saturation vapour pressure"": 2}","{""analytic: no sampled hour saturates"": 4526, ""bisection: clipping at 100 percent binds"": 950, """": 2}",3.5352866571048076e-08,5.377829239705534e-07,1e-06,27,200,0.4570102295378241,0.39644940880079105,-1.6189144565814786,4.1399756480969,0.7643300474625776,0.019677193622976753,0.010253133747109651,0.019677193622976756,0.010253133747109651,76.21828667804196,77.36053536714418
Kolkata,1990-2004,D,cand_D,W1,5478,5476,2,0,"{""invalid: non-finite or non-positive saturation vapour pressure"": 2}","{""analytic: no sampled hour saturates"": 4526, ""bisection: clipping at 100 percent binds"": 950, """": 2}",3.5352866571048076e-08,5.377829239705534e-07,1e-06,27,200,0.4570102295378241,0.39644940880079105,-1.6189144565814786,4.1399756480969,0.7643300474625776,0.019677193622976753,0.010253133747109651,0.019677193622976756,0.010253133747109651,76.21828667804196,77.36053536714418
Lucknow,1990-2004,C,cand_C,C1,5478,5476,2,0,"{""invalid: non-finite or non-positive saturation vapour pressure"": 2}","{""analytic: no sampled hour saturates"": 4602, ""bisection: clipping at 100 percent binds"": 874, """": 2}",3.4722454307466836e-08,5.939499061469178e-07,1e-06,27,200,0.0791405499540639,0.036839173007054526,-2.1279232759313764,3.597928914480285,0.5295728368017525,0.024758123402701716,0.01727364001460387,0.024758123402701716,0.01727364001460387,65.12976895989298,65.33082237614771
Lucknow,1990-2004,D,cand_D,W1,5478,5476,2,0,"{""invalid: non-finite or non-positive saturation vapour pressure"": 2}","{""analytic: no sampled hour saturates"": 4602, ""bisection: clipping at 100 percent binds"": 874, """": 2}",3.4722454307466836e-08,5.939499061469178e-07,1e-06,27,200,0.0791405499540639,0.036839173007054526,-2.1279232759313764,3.597928914480285,0.5295728368017525,0.024758123402701716,0.01727364001460387,0.024758123402701716,0.01727364001460387,65.12976895989298,65.33082237614771
Shimla,1990-2004,C,cand_C,C1,5478,5476,2,0,"{""invalid: non-finite or non-positive saturation vapour pressure"": 2}","{""analytic: no sampled hour saturates"": 3344, ""bisection: clipping at 100 percent binds"": 2132, """": 2}",7.120464740059457e-08,5.262092201974156e-07,1e-06,27,200,0.03210969529478671,-0.011513264148547808,-1.4896987762199014,3.3019487546131288,0.4868565169769989,0.08494584398198855,0.0677026286966046,0.08494584398198857,0.0677026286966046,71.19236168426896,71.05573563761283
Shimla,1990-2004,D,cand_D,W1,5478,5476,2,0,"{""invalid: non-finite or non-positive saturation vapour pressure"": 2}","{""analytic: no sampled hour saturates"": 3344, ""bisection: clipping at 100 percent binds"": 2132, """": 2}",7.120464740059457e-08,5.262092201974156e-07,1e-06,27,200,0.03210969529478671,-0.011513264148547808,-1.4896987762199014,3.3019487546131288,0.4868565169769989,0.08494584398198855,0.0677026286966046,0.08494584398198857,0.0677026286966046,71.19236168426896,71.05573563761283
Bikaner,2005-2014,C,cand_C,C1,3651,3649,2,0,"{""invalid: non-finite or non-positive saturation vapour pressure"": 2}","{""analytic: no sampled hour saturates"": 3557, ""bisection: clipping at 100 percent binds"": 92, """": 2}",5.3128275487453744e-09,5.354746974717273e-07,1e-06,27,200,-0.15892760210118445,-0.2468808912435243,-1.9611333371714181,2.1483890902724596,0.24732949876746096,0.003298183146169999,0.0034008947320368853,0.003298183146169999,0.003400894732036885,46.459352770572146,45.854868913896006
Bikaner,2005-2014,D,cand_D,W1,3651,3649,2,0,"{""invalid: non-finite or non-positive saturation vapour pressure"": 2}","{""analytic: no sampled hour saturates"": 3557, ""bisection: clipping at 100 percent binds"": 92, """": 2}",5.3128275487453744e-09,5.354746974717273e-07,1e-06,27,200,-0.15892760210118445,-0.2468808912435243,-1.9611333371714181,2.1483890902724596,0.24732949876746096,0.003298183146169999,0.0034008947320368853,0.003298183146169999,0.003400894732036885,46.459352770572146,45.854868913896006
Hyderabad,2005-2014,C,cand_C,C1,3651,3649,2,0,"{""invalid: non-finite or non-positive saturation vapour pressure"": 2}","{""analytic: no sampled hour saturates"": 3492, ""bisection: clipping at 100 percent binds"": 157, """": 2}",1.5684113704139303e-08,9.673222507444734e-07,1e-06,26,200,0.26411696828722203,0.19048841681378548,-1.3503252137476878,4.090230692667376,0.6499589153656532,0.005637724824249065,0.0010613530539578199,0.005637724824249064,0.0010613530539578197,61.74980050951723,62.469044028896015
Hyderabad,2005-2014,D,cand_D,W1,3651,3649,2,0,"{""invalid: non-finite or non-positive saturation vapour pressure"": 2}","{""analytic: no sampled hour saturates"": 3492, ""bisection: clipping at 100 percent binds"": 157, """": 2}",1.5684113704139303e-08,9.673222507444734e-07,1e-06,26,200,0.26411696828722203,0.19048841681378548,-1.3503252137476878,4.090230692667376,0.6499589153656532,0.005637724824249065,0.0010613530539578199,0.005637724824249064,0.0010613530539578197,61.74980050951723,62.469044028896015
Kochi,2005-2014,C,cand_C,C1,3651,3649,2,0,"{""invalid: non-finite or non-positive saturation vapour pressure"": 2}","{""bisection: clipping at 100 percent binds"": 2149, ""analytic: no sampled hour saturates"": 1500, """": 2}",1.9799099513028764e-07,9.75924791646321e-07,1e-06,26,200,0.9574433755694818,0.8823147164665954,-1.223428398379852,5.154754471456741,0.9131744727471925,0.13634392403907605,0.055041997626221126,0.13634392403907605,0.055041997626221126,80.50862968425162,82.67133689188086
Kochi,2005-2014,D,cand_D,W1,3651,3649,2,0,"{""invalid: non-finite or non-positive saturation vapour pressure"": 2}","{""bisection: clipping at 100 percent binds"": 2149, ""analytic: no sampled hour saturates"": 1500, """": 2}",1.9799099513028764e-07,9.75924791646321e-07,1e-06,26,200,0.9574433755694818,0.8823147164665954,-1.223428398379852,5.154754471456741,0.9131744727471925,0.13634392403907605,0.055041997626221126,0.13634392403907605,0.055041997626221126,80.50862968425162,82.67133689188086
Kolkata,2005-2014,C,cand_C,C1,3651,3649,2,0,"{""invalid: non-finite or non-positive saturation vapour pressure"": 2}","{""analytic: no sampled hour saturates"": 3033, ""bisection: clipping at 100 percent binds"": 616, """": 2}",3.482431365412782e-08,5.940202214560486e-07,1e-06,27,200,0.5466343877052613,0.46859400527912953,-1.567150723076189,3.2005115833308366,0.8088195015064366,0.019983109650324116,0.008901670775130101,0.019983109650324113,0.008901670775130101,75.54950177500088,76.9039577055667
Kolkata,2005-2014,D,cand_D,W1,3651,3649,2,0,"{""invalid: non-finite or non-positive saturation vapour pressure"": 2}","{""analytic: no sampled hour saturates"": 3033, ""bisection: clipping at 100 percent binds"": 616, """": 2}",3.482431365412782e-08,5.940202214560486e-07,1e-06,27,200,0.5466343877052613,0.46859400527912953,-1.567150723076189,3.2005115833308366,0.8088195015064366,0.019983109650324116,0.008901670775130101,0.019983109650324113,0.008901670775130101,75.54950177500088,76.9039577055667
Lucknow,2005-2014,C,cand_C,C1,3651,3649,2,0,"{""invalid: non-finite or non-positive saturation vapour pressure"": 2}","{""analytic: no sampled hour saturates"": 3096, ""bisection: clipping at 100 percent binds"": 553, """": 2}",3.234369531569611e-08,5.983667179521035e-07,1e-06,27,200,0.11339829055522303,0.059824053714987,-1.852813909963455,3.2090551896516217,0.5502602026841961,0.02348671596822788,0.014254085638637816,0.02348671596822788,0.014254085638637816,64.8482395624964,65.18292682902756
Lucknow,2005-2014,D,cand_D,W1,3651,3649,2,0,"{""invalid: non-finite or non-positive saturation vapour pressure"": 2}","{""analytic: no sampled hour saturates"": 3096, ""bisection: clipping at 100 percent binds"": 553, """": 2}",3.234369531569611e-08,5.983667179521035e-07,1e-06,27,200,0.11339829055522303,0.059824053714987,-1.852813909963455,3.2090551896516217,0.5502602026841961,0.02348671596822788,0.014254085638637816,0.02348671596822788,0.014254085638637816,64.8482395624964,65.18292682902756
Shimla,2005-2014,C,cand_C,C1,3651,3649,2,0,"{""invalid: non-finite or non-positive saturation vapour pressure"": 2}","{""analytic: no sampled hour saturates"": 2273, ""bisection: clipping at 100 percent binds"": 1376, """": 2}",7.03801389176189e-08,5.485494511958677e-07,1e-06,27,200,0.053856223310441494,0.004833271670091399,-1.3297921608993306,3.1108246508991115,0.5053410024650781,0.0797954898201406,0.05947000821692687,0.0797954898201406,0.05947000821692687,70.62778986655168,70.62502283551572
Shimla,2005-2014,D,cand_D,W1,3651,3649,2,0,"{""invalid: non-finite or non-positive saturation vapour pressure"": 2}","{""analytic: no sampled hour saturates"": 2273, ""bisection: clipping at 100 percent binds"": 1376, """": 2}",7.03801389176189e-08,5.485494511958677e-07,1e-06,27,200,0.053856223310441494,0.004833271670091399,-1.3297921608993306,3.1108246508991115,0.5053410024650781,0.0797954898201406,0.05947000821692687,0.0797954898201406,0.05947000821692687,70.62778986655168,70.62502283551572
