site,source,model,candidate,humidity_method,wind_treatment,years_requested,n_complete_years,annual_mean_c,days_ge_28_per_year,days_ge_30_per_year,days_ge_32_per_year,q50_c,q90_c,q99_c,DJF_mean_c,MAM_mean_c,JJAS_mean_c,ON_mean_c,common_complete_years,signed_error_28,relative_error_28,signed_error_30,relative_error_30,signed_error_32,relative_error_32,annual_mean_signed_error_c,old_counterpart,annual_mean_change_c,q99_change_c,count_change_28,abs_error_change_28,count_change_30,abs_error_change_30,count_change_32,abs_error_change_32
Bikaner,ERA5 ref_audited (IST civil day),,,,,1990-1999,9.0,27.447212449748022,190.22222222222223,146.77777777777777,70.77777777777777,28.42490841648697,33.07435107711427,35.8408119014816,21.038245090570705,28.40257773485665,31.96150230453419,26.39315825796692,,,,,,,,,,,,,,,,,
Bikaner,NEX candidate (inferred NEX day),ACCESS-CM2,A,vapour_pressure,C1,1990-1999,8.0,27.94070739550913,202.125,168.5,115.125,29.355644261711063,34.51774071284533,36.5129027491308,20.309135940684303,28.825661962286357,33.50150744613127,27.118690530940054,8.0,11.902777777777771,0.06257301401869156,21.72222222222223,0.147993943981832,44.34722222222223,0.626569858712716,0.49349494576110686,,,,,,,,,
Bikaner,NEX candidate (inferred NEX day),ACCESS-CM2,B,vapour_pressure,W1,1990-1999,8.0,27.443660426360683,192.875,158.25,101.25,28.809185598913302,34.19565907251032,36.15809583142115,19.71510718137866,28.287844725851556,33.16088073076287,26.508126225056927,8.0,2.6527777777777715,0.013945677570093424,11.472222222222229,0.07816048448145349,30.47222222222223,0.4305337519623235,-0.003552023387339176,,,,,,,,,
Bikaner,NEX candidate (inferred NEX day),ACCESS-CM2,C,input_consistent_daily_rh,C1,1990-1999,8.0,27.790862534891907,199.125,164.875,111.875,29.201156793817177,34.427700733712285,36.47065173753747,20.116746542036786,28.690633494418865,33.42322955130218,26.86136910030912,8.0,8.902777777777771,0.04680198598130838,18.09722222222223,0.12329674489023472,41.09722222222223,0.5806514913657772,0.34365008514388506,,,,,,,,,
Bikaner,NEX candidate (inferred NEX day),ACCESS-CM2,D,input_consistent_daily_rh,W1,1990-1999,8.0,27.292547996160515,190.375,156.0,97.75,28.662717584765403,34.1116760735187,36.153571031003864,19.52142228181685,28.15175943977186,33.08188690718704,26.248004242236867,8.0,0.15277777777777146,0.0008031542056074434,9.222222222222229,0.06283118849356553,26.97222222222223,0.3810832025117741,-0.15466445358750747,,,,,,,,,
Bikaner,NEX candidate (inferred NEX day),MRI-ESM2-0,A,vapour_pressure,C1,1990-1999,8.0,27.946370534064776,205.25,177.5,123.625,29.517603439388097,34.116297866416396,36.408473991464504,20.20791265186278,28.96913790293226,33.356124981842925,27.152690736854005,8.0,15.027777777777771,0.07900116822429903,30.72222222222223,0.20931112793338386,52.84722222222223,0.746664050235479,0.499158084316754,,,,,,,,,
Bikaner,NEX candidate (inferred NEX day),MRI-ESM2-0,B,vapour_pressure,W1,1990-1999,8.0,27.46230471614954,196.625,167.625,109.25,29.041141597246792,33.8067663336421,36.031170557035054,19.640133259474528,28.446232422547077,33.02550045105308,26.538295590453583,8.0,6.4027777777777715,0.03365946261682239,20.84722222222223,0.14203255109765334,38.47222222222223,0.5435635792778651,0.015092266401516952,,,,,,,,,
Bikaner,NEX candidate (inferred NEX day),MRI-ESM2-0,C,input_consistent_daily_rh,C1,1990-1999,8.0,27.791855244340848,202.25,173.75,119.0,29.324619494280057,34.03667254600305,36.35989479405603,20.010163382090816,28.833996898061837,33.271892354921945,26.897148843095138,8.0,12.027777777777771,0.06323014018691585,26.97222222222223,0.1837623012869039,48.22222222222223,0.6813186813186815,0.34464279459282565,,,,,,,,,
Bikaner,NEX candidate (inferred NEX day),MRI-ESM2-0,D,input_consistent_daily_rh,W1,1990-1999,8.0,27.30648530117641,193.0,163.5,103.75,28.830354301407993,33.70477853879177,35.98726343830989,19.44089553764241,28.31015523649992,32.94063721311058,26.279862392990005,8.0,2.7777777777777715,0.014602803738317724,16.72222222222223,0.1139288417865254,32.97222222222223,0.4658555729984303,-0.14072714857161372,,,,,,,,,
Hyderabad,ERA5 ref_audited (IST civil day),,,,,1990-1999,9.0,28.558684553155146,212.33333333333334,104.66666666666667,39.333333333333336,28.454705979628613,32.0448916377394,34.7902894831017,26.083311904500416,31.097654254047423,28.73415830798909,27.63087432536441,,,,,,,,,,,,,,,,,
Hyderabad,NEX candidate (inferred NEX day),ACCESS-CM2,A,vapour_pressure,C1,1990-1999,8.0,28.883970106647638,244.0,156.0,29.75,29.670386155964707,31.938830280824305,33.78958078671794,25.31350264134431,30.072437775186003,30.89272986988472,28.72609375406179,8.0,31.666666666666657,0.14913657770800623,51.33333333333333,0.4904458598726114,-9.583333333333336,-0.24364406779661021,0.3252855534924919,,,,,,,,,
Hyderabad,NEX candidate (inferred NEX day),ACCESS-CM2,B,vapour_pressure,W1,1990-1999,8.0,28.490781386127026,231.0,133.25,17.625,29.315519914854974,31.585549153435398,33.36986358386028,24.830209580777776,29.579732526354956,30.63738000192274,28.335873251844323,8.0,18.666666666666657,0.08791208791208786,28.58333333333333,0.27308917197452226,-21.708333333333336,-0.551906779661017,-0.06790316702812049,,,,,,,,,
Hyderabad,NEX candidate (inferred NEX day),ACCESS-CM2,C,input_consistent_daily_rh,C1,1990-1999,8.0,28.800757786655563,239.5,154.25,29.25,29.61347717673729,31.896941911430854,33.68917904226813,25.144945240881945,29.944241537928526,30.931324750781595,28.56269821756926,8.0,27.166666666666657,0.12794348508634218,49.58333333333333,0.47372611464968145,-10.083333333333336,-0.25635593220338987,0.24207323350041676,,,,,,,,,
Hyderabad,NEX candidate (inferred NEX day),ACCESS-CM2,D,input_consistent_daily_rh,W1,1990-1999,8.0,28.40680209764139,227.5,131.0,17.375,29.254929017086226,31.532691553019795,33.31915777039082,24.660092443625036,29.450495613690766,30.676324281643,28.170812669042682,8.0,15.166666666666657,0.07142857142857138,26.33333333333333,0.25159235668789803,-21.958333333333336,-0.5582627118644068,-0.151882455513757,,,,,,,,,
Hyderabad,NEX candidate (inferred NEX day),MRI-ESM2-0,A,vapour_pressure,C1,1990-1999,8.0,29.02965130254834,244.875,157.75,43.125,29.564181736576558,32.15951399177304,34.124683603581246,25.542302274018382,29.93842301460757,30.93345387449835,28.870158745774074,8.0,32.54166666666666,0.15325745682888534,53.08333333333333,0.5071656050955413,3.7916666666666643,0.0963983050847457,0.47096674939319527,,,,,,,,,
Hyderabad,NEX candidate (inferred NEX day),MRI-ESM2-0,B,vapour_pressure,W1,1990-1999,8.0,28.641766581625628,231.375,139.0,28.625,29.20180361098261,31.77618684154381,33.714327051052365,25.090701047830823,29.464683232170792,30.675260315056157,28.485246964645164,8.0,19.041666666666657,0.0896781789638932,34.33333333333333,0.3280254777070063,-10.708333333333336,-0.27224576271186446,0.08308202847048207,,,,,,,,,
Hyderabad,NEX candidate (inferred NEX day),MRI-ESM2-0,C,input_consistent_daily_rh,C1,1990-1999,8.0,28.926105784849398,241.0,154.875,39.125,29.484566616588324,32.06705857115637,34.00441097797984,25.376556480294546,29.817904215995977,30.930508814843265,28.71578421863761,8.0,28.666666666666657,0.13500784929356352,50.20833333333333,0.47969745222929927,-0.2083333333333357,-0.005296610169491585,0.36742123169425156,,,,,,,,,
Hyderabad,NEX candidate (inferred NEX day),MRI-ESM2-0,D,input_consistent_daily_rh,W1,1990-1999,8.0,28.537298527599262,226.625,137.125,26.25,29.12701303012946,31.681703020607905,33.642375879482856,24.92362714968051,29.342995238854915,30.672286700508778,28.32917736120759,8.0,14.291666666666657,0.06730769230769226,32.45833333333333,0.3101114649681528,-13.083333333333336,-0.33262711864406785,-0.021386025555884203,,,,,,,,,
Kochi,ERA5 ref_audited (IST civil day),,,,,1990-1999,9.0,31.878150764398747,356.6666666666667,307.1111111111111,189.0,32.05353937226084,34.01815000971504,35.20746288237078,32.57094490578248,33.01514120191343,30.35005076997212,32.05316236083669,,,,,,,,,,,,,,,,,
Kochi,NEX candidate (inferred NEX day),ACCESS-CM2,A,vapour_pressure,C1,1990-1999,8.0,31.225813057703725,364.75,301.375,95.125,30.993188894717008,33.23347305529609,34.84783984386008,30.758449452641713,32.663135153422786,30.51771685007192,31.483859930635408,8.0,8.083333333333314,0.022663551401869104,-5.736111111111086,-0.018677641099855202,-93.875,-0.4966931216931217,-0.6523377066950218,,,,,,,,,
Kochi,NEX candidate (inferred NEX day),ACCESS-CM2,B,vapour_pressure,W1,1990-1999,8.0,30.99319263407648,364.375,276.875,79.25,30.78371719304178,32.938687621158984,34.49677696731374,30.42661219648552,32.39508994412262,30.38827162066594,31.237482527967963,8.0,7.708333333333314,0.021612149532710227,-30.236111111111086,-0.09845332850940658,-109.75,-0.5806878306878307,-0.8849581303222678,,,,,,,,,
Kochi,NEX candidate (inferred NEX day),ACCESS-CM2,C,input_consistent_daily_rh,C1,1990-1999,8.0,31.13394415715302,364.375,290.5,88.75,30.905138390075336,33.14381735176015,34.72912162397471,30.625831785105913,32.55757807561868,30.46520665198189,31.388187111353147,8.0,7.708333333333314,0.021612149532710227,-16.611111111111086,-0.05408827785817648,-100.25,-0.5304232804232805,-0.7442066072457258,,,,,,,,,
Kochi,NEX candidate (inferred NEX day),ACCESS-CM2,D,input_consistent_daily_rh,W1,1990-1999,8.0,30.90078893642025,364.125,266.25,73.375,30.693813113918964,32.83696068941416,34.396864549751996,30.29299274739004,32.28899074984879,30.335643927911963,31.141169463742163,8.0,7.458333333333314,0.020911214953270973,-40.861111111111086,-0.1330499276410998,-115.625,-0.6117724867724867,-0.9773618279784984,,,,,,,,,
Kochi,NEX candidate (inferred NEX day),MRI-ESM2-0,A,vapour_pressure,C1,1990-1999,8.0,31.313228298945557,363.625,299.375,110.875,31.04770334788134,33.308416205985104,34.9823475750697,30.79591681207941,32.64735708454632,30.515850190172866,31.43508761335338,8.0,6.958333333333314,0.01950934579439247,-7.736111111111086,-0.025189942112879803,-78.125,-0.41335978835978837,-0.5649224654531899,,,,,,,,,
Kochi,NEX candidate (inferred NEX day),MRI-ESM2-0,B,vapour_pressure,W1,1990-1999,8.0,31.07727843148671,362.75,282.0,94.875,30.8412099042977,32.96842543035465,34.54841663531043,30.46138600303262,32.374611155268816,30.388444882626178,31.18986850940856,8.0,6.083333333333314,0.017056074766355084,-25.111111111111086,-0.08176555716353104,-94.125,-0.498015873015873,-0.8008723329120357,,,,,,,,,
Kochi,NEX candidate (inferred NEX day),MRI-ESM2-0,C,input_consistent_daily_rh,C1,1990-1999,8.0,31.21785175284953,363.375,290.125,103.375,30.950783365824435,33.20629250918892,34.79457956774995,30.662643266215973,32.53144333285836,30.460366806818204,31.343939981831486,8.0,6.708333333333314,0.018808411214953216,-16.986111111111086,-0.055309334298118594,-85.625,-0.453042328042328,-0.6602990115492169,,,,,,,,,
Kochi,NEX candidate (inferred NEX day),MRI-ESM2-0,D,input_consistent_daily_rh,W1,1990-1999,8.0,30.98130702538389,361.875,272.25,89.25,30.747801654479076,32.86745698266331,34.3888912427378,30.327022572151943,32.257935189715944,30.33281794985726,31.098206737711138,8.0,5.208333333333314,0.014602803738317703,-34.861111111111086,-0.11351302460202597,-99.75,-0.5277777777777778,-0.8968437390148551,,,,,,,,,
Kolkata,ERA5 ref_audited (IST civil day),,,,,1990-1999,9.0,29.733262495590605,258.0,210.44444444444446,124.22222222222223,30.75241457567438,33.56353801752732,35.50460939395157,24.880739934670146,31.631528318719386,31.913826932354002,29.508590825111742,,,,,,,,,,,,,,,,,
Kolkata,NEX candidate (inferred NEX day),ACCESS-CM2,A,vapour_pressure,C1,1990-1999,8.0,31.021594701588914,271.75,238.375,194.75,32.39824092468882,35.00549916099743,36.25199444504005,25.352095089641406,31.924409284628673,34.35144029285187,31.478086000660277,8.0,13.75,0.05329457364341085,27.930555555555543,0.132721752903907,70.52777777777777,0.5677549194991055,1.2883322059983087,,,,,,,,,
Kolkata,NEX candidate (inferred NEX day),ACCESS-CM2,B,vapour_pressure,W1,1990-1999,8.0,30.675589903364447,264.375,230.75,184.75,32.14308701366417,34.76582881835911,35.97969663302354,24.8689575183772,31.520054322458048,34.152646419887276,31.13128436192956,8.0,6.375,0.024709302325581394,20.305555555555543,0.09648891235480458,60.52777777777777,0.48725402504472265,0.9423274077738419,,,,,,,,,
Kolkata,NEX candidate (inferred NEX day),ACCESS-CM2,C,input_consistent_daily_rh,C1,1990-1999,8.0,31.0157442988696,268.0,235.625,192.625,32.370796965744034,35.229710453868925,36.47562225141719,25.15693942793286,31.809401669383757,34.62653869792449,31.349683939721114,8.0,10.0,0.03875968992248062,25.180555555555543,0.1196541710665258,68.40277777777777,0.5506484794275491,1.2824818032789942,,,,,,,,,
Kolkata,NEX candidate (inferred NEX day),ACCESS-CM2,D,input_consistent_daily_rh,W1,1990-1999,8.0,30.66923800275131,261.75,227.375,182.625,32.07113750688799,34.98910604240278,36.16205506685715,24.671880927891728,31.403944645563595,34.429017864185354,31.001692072033183,8.0,3.75,0.014534883720930232,16.930555555555543,0.0804514255543822,58.40277777777777,0.4701475849731663,0.9359755071607054,,,,,,,,,
Kolkata,NEX candidate (inferred NEX day),MRI-ESM2-0,A,vapour_pressure,C1,1990-1999,8.0,30.987605634462476,271.5,234.625,194.0,32.454459951075876,35.03839691466036,36.54719046920901,25.4831311296251,31.629511591815092,34.36254121825623,31.46407883275003,8.0,13.5,0.05232558139534884,24.180555555555543,0.11490232312565991,69.77777777777777,0.5617173524150267,1.2543431388718709,,,,,,,,,
Kolkata,NEX candidate (inferred NEX day),MRI-ESM2-0,B,vapour_pressure,W1,1990-1999,8.0,30.64805772771477,261.875,225.25,186.75,32.18254046397007,34.774421143191795,36.201590737361855,25.019313892956397,31.24146607871377,34.163001408811695,31.10329566543528,8.0,3.875,0.015019379844961241,14.805555555555543,0.07035374868004217,62.52777777777777,0.5033542039355992,0.9147952321241668,,,,,,,,,
Kolkata,NEX candidate (inferred NEX day),MRI-ESM2-0,C,input_consistent_daily_rh,C1,1990-1999,8.0,30.982234376639887,267.375,231.75,192.125,32.438570812035636,35.237046852055855,36.68528282487895,25.293728221216547,31.53486204990881,34.6278333859202,31.330163004898974,8.0,9.375,0.036337209302325583,21.305555555555543,0.10124076029567047,67.90277777777777,0.54662343470483,1.2489718810492825,,,,,,,,,
Kolkata,NEX candidate (inferred NEX day),MRI-ESM2-0,D,input_consistent_daily_rh,W1,1990-1999,8.0,30.642157958590907,258.25,223.0,184.5,32.139356220698744,35.00016916558256,36.399464096633,24.82799578448278,31.145999840291545,34.429427670887584,30.968018798765012,8.0,0.25,0.0009689922480620155,12.555555555555543,0.05966209081309392,60.27777777777777,0.4852415026833631,0.9088954630003023,,,,,,,,,
Lucknow,ERA5 ref_audited (IST civil day),,,,,1990-1999,9.0,28.429052629211714,212.33333333333334,171.11111111111111,108.0,29.5439998240019,34.285568727566556,37.175752140547786,21.911130009611785,29.678179756298128,32.460552964262725,27.98928938599917,,,,,,,,,,,,,,,,,
Lucknow,NEX candidate (inferred NEX day),ACCESS-CM2,A,vapour_pressure,C1,1990-1999,8.0,28.90698750724978,216.625,186.125,141.25,30.305832024235997,34.98137075247904,37.26880040684946,21.399486969193728,29.215385586463345,34.40322553026226,29.00467166978248,8.0,4.291666666666657,0.020211930926216596,15.013888888888886,0.08774350649350647,33.25,0.30787037037037035,0.47793487803806656,,,,,,,,,
Lucknow,NEX candidate (inferred NEX day),ACCESS-CM2,B,vapour_pressure,W1,1990-1999,8.0,28.474545153356768,207.25,176.875,128.375,29.798688409613277,34.69921041434686,36.992046030359425,20.901023822398184,28.685676325635118,34.114559329145806,28.525561241120272,8.0,-5.083333333333343,-0.02394034536891684,5.763888888888886,0.033685064935064915,20.375,0.1886574074074074,0.04549252414505389,,,,,,,,,
Lucknow,NEX candidate (inferred NEX day),ACCESS-CM2,C,input_consistent_daily_rh,C1,1990-1999,8.0,28.859944814279533,212.625,182.5,137.875,30.146194777869397,35.355112089149586,37.325817176172556,21.199285263303818,29.0611187159621,34.63750307772688,28.75428694767972,8.0,0.2916666666666572,0.0013736263736263288,11.388888888888886,0.06655844155844154,29.875,0.27662037037037035,0.4308921850678189,,,,,,,,,
Lucknow,NEX candidate (inferred NEX day),ACCESS-CM2,D,input_consistent_daily_rh,W1,1990-1999,8.0,28.42669654070228,202.5,173.0,126.125,29.602127297541927,35.10888543577536,36.985717835997335,20.699027500641105,28.52985503162561,34.35040613564298,28.272244165873907,8.0,-9.833333333333343,-0.04631083202511778,1.8888888888888857,0.01103896103896102,18.125,0.16782407407407407,-0.002356088509433363,,,,,,,,,
Lucknow,NEX candidate (inferred NEX day),MRI-ESM2-0,A,vapour_pressure,C1,1990-1999,8.0,28.96212352324526,219.625,191.625,145.125,30.41703290940552,35.15037601105726,36.73376842357647,21.18469700234909,29.053334176317012,34.456196523277356,29.06509822623096,8.0,7.291666666666657,0.034340659340659295,20.513888888888886,0.11988636363636361,37.125,0.34375,0.5330708940335462,,,,,,,,,
Lucknow,NEX candidate (inferred NEX day),MRI-ESM2-0,B,vapour_pressure,W1,1990-1999,8.0,28.53273881821995,214.125,180.125,136.125,29.926092392536987,34.8470339311679,36.40257320995725,20.695685290055128,28.54052877569538,34.172636472055224,28.56918080927069,8.0,1.7916666666666572,0.008437990580847678,9.013888888888886,0.05267857142857141,28.125,0.2604166666666667,0.10368618900823634,,,,,,,,,
Lucknow,NEX candidate (inferred NEX day),MRI-ESM2-0,C,input_consistent_daily_rh,C1,1990-1999,8.0,28.903144885989104,216.5,187.375,142.5,30.214611803736886,35.42759125375581,37.02218514114105,20.98693089514684,28.90155991520047,34.68073333862655,28.808076404156647,8.0,4.166666666666657,0.01962323390894815,16.263888888888886,0.09504870129870129,34.5,0.3194444444444444,0.4740922567773893,,,,,,,,,
Lucknow,NEX candidate (inferred NEX day),MRI-ESM2-0,D,input_consistent_daily_rh,W1,1990-1999,8.0,28.472935183483578,211.5,177.125,133.375,29.6890628637058,35.14826807013711,36.64023219464693,20.495948648136682,28.387318301962992,34.39861012706709,28.309360899762943,8.0,-0.8333333333333428,-0.003924646781789684,6.013888888888886,0.03514610389610388,25.375,0.2349537037037037,0.04388255427186394,,,,,,,,,
Shimla,ERA5 ref_audited (IST civil day),,,,,1990-1999,9.0,19.520941091001962,0.5555555555555556,0.0,0.0,20.16872050854073,25.25207584228599,27.11593390092827,13.385662625816675,19.900653593151233,24.330735921455524,18.464451645055124,,,,,,,,,,,,,,,,,
Shimla,NEX candidate (inferred NEX day),ACCESS-CM2,A,vapour_pressure,C1,1990-1999,8.0,21.23796878520018,3.0,0.125,0.0,22.351399739792697,26.968298217347087,27.92383268869664,14.420036941102179,22.052855608368073,26.173787882922,20.406786866692023,8.0,2.4444444444444446,4.4,0.125,,0.0,,1.7170276941982188,,,,,,,,,
Shimla,NEX candidate (inferred NEX day),ACCESS-CM2,B,vapour_pressure,W1,1990-1999,8.0,20.92681485337478,1.5,0.0,0.0,22.070510297429593,26.706862377149235,27.679293218719483,14.061082847558081,21.718401600766985,25.914250746705566,20.10015378968694,8.0,0.9444444444444444,1.7,0.0,,0.0,,1.405873762372817,,,,,,,,,
Shimla,NEX candidate (inferred NEX day),ACCESS-CM2,C,input_consistent_daily_rh,C1,1990-1999,8.0,21.15006434198119,2.875,0.125,0.0,22.23109956191408,26.990316303720363,27.954135552053092,14.265700455837344,21.945243502198352,26.194454497050497,20.217576512218507,8.0,2.3194444444444446,4.175,0.125,,0.0,,1.6291232509792266,,,,,,,,,
Shimla,NEX candidate (inferred NEX day),ACCESS-CM2,D,input_consistent_daily_rh,W1,1990-1999,8.0,20.83820726060591,1.5,0.0,0.0,21.924122758366394,26.74721001133242,27.70300839321645,13.905550019153193,21.61000123365092,25.9350328764878,19.909508693188382,8.0,0.9444444444444444,1.7,0.0,,0.0,,1.317266169603947,,,,,,,,,
Shimla,NEX candidate (inferred NEX day),MRI-ESM2-0,A,vapour_pressure,C1,1990-1999,8.0,21.158807765738544,3.75,0.0,0.0,22.732046538188,26.841358926059108,28.037011015676185,14.197469059467993,21.943149185302612,26.12293631587921,20.66501275922752,8.0,3.1944444444444446,5.75,0.0,,0.0,,1.637866674736582,,,,,,,,,
Shimla,NEX candidate (inferred NEX day),MRI-ESM2-0,B,vapour_pressure,W1,1990-1999,8.0,20.853180323957922,2.375,0.0,0.0,22.41309394384882,26.585726716821807,27.787452735991117,13.845811709491725,21.616627095466555,25.86858151587344,20.346400124560603,8.0,1.8194444444444444,3.275,0.0,,0.0,,1.3322392329559598,,,,,,,,,
Shimla,NEX candidate (inferred NEX day),MRI-ESM2-0,C,input_consistent_daily_rh,C1,1990-1999,8.0,21.07611797892767,4.0,0.0,0.0,22.61651870679026,26.940443798594494,28.01669226546916,14.05171571214208,21.844264106114704,26.165058986453516,20.471869658950673,8.0,3.4444444444444446,6.2,0.0,,0.0,,1.5551768879257075,,,,,,,,,
Shimla,NEX candidate (inferred NEX day),MRI-ESM2-0,D,input_consistent_daily_rh,W1,1990-1999,8.0,20.769838049633293,2.25,0.0,0.0,22.29352092540782,26.67822792475523,27.77247045952882,13.698928884009486,21.517066508382825,25.910947043163432,20.1517306970082,8.0,1.6944444444444444,3.05,0.0,,0.0,,1.248896958631331,,,,,,,,,
Bikaner,change versus old humidity,ACCESS-CM2,C,,C1,,,,,,,,,,,,,,,,,,,,,,A,-0.1498448606172218,-0.042251011593329224,-3.0,-3.0,-3.625,-3.625,-3.25,-3.25
Bikaner,change versus old humidity,ACCESS-CM2,D,,W1,,,,,,,,,,,,,,,,,,,,,,B,-0.1511124302001683,-0.004524800417286201,-2.5,-2.5,-2.25,-2.25,-3.5,-3.5
Bikaner,change versus old humidity,MRI-ESM2-0,C,,C1,,,,,,,,,,,,,,,,,,,,,,A,-0.15451528972392836,-0.04857919740847194,-3.0,-3.0,-3.75,-3.75,-4.625,-4.625
Bikaner,change versus old humidity,MRI-ESM2-0,D,,W1,,,,,,,,,,,,,,,,,,,,,,B,-0.15581941497313068,-0.04390711872516562,-3.625,-3.625,-4.125,-4.125,-5.5,-5.5
Hyderabad,change versus old humidity,ACCESS-CM2,C,,C1,,,,,,,,,,,,,,,,,,,,,,A,-0.08321231999207512,-0.10040174444981176,-4.5,-4.5,-1.75,-1.75,-0.5,0.5
Hyderabad,change versus old humidity,ACCESS-CM2,D,,W1,,,,,,,,,,,,,,,,,,,,,,B,-0.08397928848563652,-0.050705813469463124,-3.5,-3.5,-2.25,-2.25,-0.25,0.25
Hyderabad,change versus old humidity,MRI-ESM2-0,C,,C1,,,,,,,,,,,,,,,,,,,,,,A,-0.10354551769894371,-0.12027262560140883,-3.875,-3.875,-2.875,-2.875,-4.0,-3.5833333333333286
Hyderabad,change versus old humidity,MRI-ESM2-0,D,,W1,,,,,,,,,,,,,,,,,,,,,,B,-0.10446805402636627,-0.07195117156950914,-4.75,-4.75,-1.875,-1.875,-2.375,2.375
Kochi,change versus old humidity,ACCESS-CM2,C,,C1,,,,,,,,,,,,,,,,,,,,,,A,-0.09186890055070407,-0.11871821988536624,-0.375,-0.375,-10.875,10.875,-6.375,6.375
Kochi,change versus old humidity,ACCESS-CM2,D,,W1,,,,,,,,,,,,,,,,,,,,,,B,-0.09240369765623058,-0.09991241756174674,-0.25,-0.25,-10.625,10.625,-5.875,5.875
Kochi,change versus old humidity,MRI-ESM2-0,C,,C1,,,,,,,,,,,,,,,,,,,,,,A,-0.09537654609602697,-0.18776800731975385,-0.25,-0.25,-9.25,9.25,-7.5,7.5
Kochi,change versus old humidity,MRI-ESM2-0,D,,W1,,,,,,,,,,,,,,,,,,,,,,B,-0.0959714061028194,-0.15952539257263254,-0.875,-0.875,-9.75,9.75,-5.625,5.625
Kolkata,change versus old humidity,ACCESS-CM2,C,,C1,,,,,,,,,,,,,,,,,,,,,,A,-0.005850402719314474,0.22362780637714508,-3.75,-3.75,-2.75,-2.75,-2.125,-2.125
Kolkata,change versus old humidity,ACCESS-CM2,D,,W1,,,,,,,,,,,,,,,,,,,,,,B,-0.0063519006131365074,0.18235843383360617,-2.625,-2.625,-3.375,-3.375,-2.125,-2.125
Kolkata,change versus old humidity,MRI-ESM2-0,C,,C1,,,,,,,,,,,,,,,,,,,,,,A,-0.0053712578225884045,0.13809235566994005,-4.125,-4.125,-2.875,-2.875,-1.875,-1.875
Kolkata,change versus old humidity,MRI-ESM2-0,D,,W1,,,,,,,,,,,,,,,,,,,,,,B,-0.005899769123864473,0.19787335927114214,-3.625,-3.625,-2.25,-2.25,-2.25,-2.25
Lucknow,change versus old humidity,ACCESS-CM2,C,,C1,,,,,,,,,,,,,,,,,,,,,,A,-0.04704269297024766,0.057016769323098515,-4.0,-4.0,-3.625,-3.625,-3.375,-3.375
Lucknow,change versus old humidity,ACCESS-CM2,D,,W1,,,,,,,,,,,,,,,,,,,,,,B,-0.047848612654487255,-0.0063281943620907555,-4.75,4.75,-3.875,-3.875,-2.25,-2.25
Lucknow,change versus old humidity,MRI-ESM2-0,C,,C1,,,,,,,,,,,,,,,,,,,,,,A,-0.05897863725615693,0.28841671756458,-3.125,-3.125,-4.25,-4.25,-2.625,-2.625
Lucknow,change versus old humidity,MRI-ESM2-0,D,,W1,,,,,,,,,,,,,,,,,,,,,,B,-0.0598036347363724,0.2376589846896806,-2.625,-0.9583333333333144,-3.0,-3.0,-2.75,-2.75
Shimla,change versus old humidity,ACCESS-CM2,C,,C1,,,,,,,,,,,,,,,,,,,,,,A,-0.08790444321899216,0.030302863356453713,-0.125,-0.125,0.0,0.0,0.0,0.0
Shimla,change versus old humidity,ACCESS-CM2,D,,W1,,,,,,,,,,,,,,,,,,,,,,B,-0.08860759276887009,0.02371517449696725,0.0,0.0,0.0,0.0,0.0,0.0
Shimla,change versus old humidity,MRI-ESM2-0,C,,C1,,,,,,,,,,,,,,,,,,,,,,A,-0.08268978681087447,-0.020318750207025005,0.25,0.25,0.0,0.0,0.0,0.0
Shimla,change versus old humidity,MRI-ESM2-0,D,,W1,,,,,,,,,,,,,,,,,,,,,,B,-0.08334227432462882,-0.014982276462298216,-0.125,-0.125,0.0,0.0,0.0,0.0
