site,window,policy,method,year,threshold,reference_days,candidate_days,absolute_count_error,false_positives,missed_events,annual_mean_error,populated,target_met
Kochi,2005-2014,deployment,candidate,2006,28,115,134,19,40,21,0.2122549992185088,True,True
Kochi,2005-2014,deployment,candidate,2006,30,1,11,10,10,0,0.2122549992185088,False,False
Kochi,2005-2014,deployment,candidate,2006,32,0,0,0,0,0,0.2122549992185088,False,True
Kochi,2005-2014,deployment,candidate,2007,28,114,150,36,59,23,0.2757902909251703,True,False
Kochi,2005-2014,deployment,candidate,2007,30,2,25,23,24,1,0.2757902909251703,False,False
Kochi,2005-2014,deployment,candidate,2007,32,0,0,0,0,0,0.2757902909251703,False,True
Kochi,2005-2014,deployment,candidate,2008,28,107,125,18,42,24,0.151016014357791,True,True
Kochi,2005-2014,deployment,candidate,2008,30,0,1,1,1,0,0.151016014357791,False,False
Kochi,2005-2014,deployment,candidate,2008,32,0,0,0,0,0,0.151016014357791,False,True
Kochi,2005-2014,deployment,candidate,2009,28,121,147,26,52,26,0.2481372697930165,True,False
Kochi,2005-2014,deployment,candidate,2009,30,0,15,15,15,0,0.2481372697930165,False,False
Kochi,2005-2014,deployment,candidate,2009,32,0,0,0,0,0,0.2481372697930165,False,True
Kochi,2005-2014,deployment,candidate,2010,28,140,159,19,38,19,0.132675423984599,True,True
Kochi,2005-2014,deployment,candidate,2010,30,18,50,32,39,7,0.132675423984599,False,False
Kochi,2005-2014,deployment,candidate,2010,32,0,0,0,0,0,0.132675423984599,False,True
Kochi,2005-2014,deployment,candidate,2011,28,118,148,30,61,31,0.2237137647138154,True,False
Kochi,2005-2014,deployment,candidate,2011,30,1,10,9,10,1,0.2237137647138154,False,False
Kochi,2005-2014,deployment,candidate,2011,32,0,0,0,0,0,0.2237137647138154,False,True
Kochi,2005-2014,deployment,candidate,2012,28,127,167,40,59,19,0.306501979555034,True,False
Kochi,2005-2014,deployment,candidate,2012,30,3,26,23,24,1,0.306501979555034,False,False
Kochi,2005-2014,deployment,candidate,2012,32,0,0,0,0,0,0.306501979555034,False,True
Kochi,2005-2014,deployment,candidate,2013,28,121,164,43,57,14,0.2990195213623526,True,False
Kochi,2005-2014,deployment,candidate,2013,30,9,33,24,24,0,0.2990195213623526,False,False
Kochi,2005-2014,deployment,candidate,2013,32,0,0,0,0,0,0.2990195213623526,False,True
Kochi,2005-2014,deployment,candidate,2014,28,188,186,2,38,40,0.149070094698599,True,True
Kochi,2005-2014,deployment,candidate,2014,30,10,38,28,32,4,0.149070094698599,False,False
Kochi,2005-2014,deployment,candidate,2014,32,0,0,0,0,0,0.149070094698599,False,True
Kolkata,2005-2014,deployment,candidate,2006,28,182,179,3,9,12,0.3830708158737853,True,True
Kolkata,2005-2014,deployment,candidate,2006,30,43,49,6,20,14,0.3830708158737853,False,True
Kolkata,2005-2014,deployment,candidate,2006,32,1,2,1,1,0,0.3830708158737853,False,False
Kolkata,2005-2014,deployment,candidate,2007,28,181,181,0,13,13,0.306011424880829,True,True
Kolkata,2005-2014,deployment,candidate,2007,30,40,48,8,14,6,0.306011424880829,False,True
Kolkata,2005-2014,deployment,candidate,2007,32,6,8,2,4,2,0.306011424880829,False,False
Kolkata,2005-2014,deployment,candidate,2008,28,170,180,10,20,10,0.2961373348955423,True,True
Kolkata,2005-2014,deployment,candidate,2008,30,30,44,14,18,4,0.2961373348955423,False,False
Kolkata,2005-2014,deployment,candidate,2008,32,1,5,4,5,1,0.2961373348955423,False,False
Kolkata,2005-2014,deployment,candidate,2009,28,179,199,20,25,5,0.5703098142838625,True,True
Kolkata,2005-2014,deployment,candidate,2009,30,55,73,18,23,5,0.5703098142838625,True,False
Kolkata,2005-2014,deployment,candidate,2009,32,6,20,14,14,0,0.5703098142838625,False,False
Kolkata,2005-2014,deployment,candidate,2010,28,209,222,13,17,4,0.3659850633159709,True,True
Kolkata,2005-2014,deployment,candidate,2010,30,84,86,2,12,10,0.3659850633159709,True,True
Kolkata,2005-2014,deployment,candidate,2010,32,6,18,12,12,0,0.3659850633159709,False,False
Kolkata,2005-2014,deployment,candidate,2011,28,156,167,11,17,6,0.4188950623514945,True,True
Kolkata,2005-2014,deployment,candidate,2011,30,46,46,0,5,5,0.4188950623514945,False,True
Kolkata,2005-2014,deployment,candidate,2011,32,0,2,2,2,0,0.4188950623514945,False,False
Kolkata,2005-2014,deployment,candidate,2012,28,184,193,9,13,4,0.4002919279964398,True,True
Kolkata,2005-2014,deployment,candidate,2012,30,73,73,0,14,14,0.4002919279964398,True,True
Kolkata,2005-2014,deployment,candidate,2012,32,10,26,16,16,0,0.4002919279964398,False,False
Kolkata,2005-2014,deployment,candidate,2013,28,175,183,8,17,9,0.3906226864010321,True,True
Kolkata,2005-2014,deployment,candidate,2013,30,52,62,10,18,8,0.3906226864010321,True,True
Kolkata,2005-2014,deployment,candidate,2013,32,1,6,5,5,0,0.3906226864010321,False,False
Kolkata,2005-2014,deployment,candidate,2014,28,186,192,6,11,5,0.5168624783921736,True,True
Kolkata,2005-2014,deployment,candidate,2014,30,65,80,15,29,14,0.5168624783921736,True,False
Kolkata,2005-2014,deployment,candidate,2014,32,1,26,25,25,0,0.5168624783921736,False,False
Bikaner,2005-2014,deployment,candidate,2006,28,137,154,17,17,0,0.5539403288792366,True,True
Bikaner,2005-2014,deployment,candidate,2006,30,54,75,21,22,1,0.5539403288792366,True,False
Bikaner,2005-2014,deployment,candidate,2006,32,3,12,9,9,0,0.5539403288792366,False,False
Bikaner,2005-2014,deployment,candidate,2007,28,137,150,13,13,0,0.5121054587975339,True,True
Bikaner,2005-2014,deployment,candidate,2007,30,54,81,27,27,0,0.5121054587975339,True,False
Bikaner,2005-2014,deployment,candidate,2007,32,2,12,10,10,0,0.5121054587975339,False,False
Bikaner,2005-2014,deployment,candidate,2008,28,131,149,18,20,2,0.4053504996151565,True,True
Bikaner,2005-2014,deployment,candidate,2008,30,34,72,38,39,1,0.4053504996151565,False,False
Bikaner,2005-2014,deployment,candidate,2008,32,0,3,3,3,0,0.4053504996151565,False,False
Bikaner,2005-2014,deployment,candidate,2009,28,132,154,22,22,0,0.5693963713546859,True,True
Bikaner,2005-2014,deployment,candidate,2009,30,50,87,37,37,0,0.5693963713546859,True,False
Bikaner,2005-2014,deployment,candidate,2009,32,2,16,14,14,0,0.5693963713546859,False,False
Bikaner,2005-2014,deployment,candidate,2010,28,133,150,17,19,2,0.5316818625213433,True,True
Bikaner,2005-2014,deployment,candidate,2010,30,51,73,22,23,1,0.5316818625213433,True,False
Bikaner,2005-2014,deployment,candidate,2010,32,3,12,9,9,0,0.5316818625213433,False,False
Bikaner,2005-2014,deployment,candidate,2011,28,132,141,9,10,1,0.4867790135857515,True,True
Bikaner,2005-2014,deployment,candidate,2011,30,64,89,25,25,0,0.4867790135857515,True,False
Bikaner,2005-2014,deployment,candidate,2011,32,0,7,7,7,0,0.4867790135857515,False,False
Bikaner,2005-2014,deployment,candidate,2012,28,120,133,13,16,3,0.5181460579914496,True,True
Bikaner,2005-2014,deployment,candidate,2012,30,51,69,18,19,1,0.5181460579914496,True,False
Bikaner,2005-2014,deployment,candidate,2012,32,1,8,7,7,0,0.5181460579914496,False,False
Bikaner,2005-2014,deployment,candidate,2013,28,137,149,12,13,1,0.4632602938080533,True,True
Bikaner,2005-2014,deployment,candidate,2013,30,56,78,22,22,0,0.4632602938080533,True,False
Bikaner,2005-2014,deployment,candidate,2013,32,2,10,8,8,0,0.4632602938080533,False,False
Bikaner,2005-2014,deployment,candidate,2014,28,118,138,20,20,0,0.5746751085714384,True,True
Bikaner,2005-2014,deployment,candidate,2014,30,52,73,21,23,2,0.5746751085714384,True,False
Bikaner,2005-2014,deployment,candidate,2014,32,0,9,9,9,0,0.5746751085714384,False,False
Lucknow,2005-2014,deployment,candidate,2006,28,151,159,8,10,2,0.2201062991751801,True,True
Lucknow,2005-2014,deployment,candidate,2006,30,49,53,4,13,9,0.2201062991751801,False,True
Lucknow,2005-2014,deployment,candidate,2006,32,2,3,1,1,0,0.2201062991751801,False,False
Lucknow,2005-2014,deployment,candidate,2007,28,149,151,2,8,6,0.1910862327430486,True,True
Lucknow,2005-2014,deployment,candidate,2007,30,48,57,9,16,7,0.1910862327430486,False,True
Lucknow,2005-2014,deployment,candidate,2007,32,1,4,3,3,0,0.1910862327430486,False,False
Lucknow,2005-2014,deployment,candidate,2008,28,130,132,2,13,11,0.1571529139007403,True,True
Lucknow,2005-2014,deployment,candidate,2008,30,28,25,3,5,8,0.1571529139007403,False,True
Lucknow,2005-2014,deployment,candidate,2008,32,0,0,0,0,0,0.1571529139007403,False,True
Lucknow,2005-2014,deployment,candidate,2009,28,146,149,3,5,2,0.2159346947711911,True,True
Lucknow,2005-2014,deployment,candidate,2009,30,60,61,1,10,9,0.2159346947711911,True,True
Lucknow,2005-2014,deployment,candidate,2009,32,3,4,1,1,0,0.2159346947711911,False,False
Lucknow,2005-2014,deployment,candidate,2010,28,155,174,19,20,1,0.1853653073013629,True,True
Lucknow,2005-2014,deployment,candidate,2010,30,68,73,5,13,8,0.1853653073013629,True,True
Lucknow,2005-2014,deployment,candidate,2010,32,6,9,3,4,1,0.1853653073013629,False,False
Lucknow,2005-2014,deployment,candidate,2011,28,147,146,1,5,6,0.1583474361857425,True,True
Lucknow,2005-2014,deployment,candidate,2011,30,36,40,4,10,6,0.1583474361857425,False,True
Lucknow,2005-2014,deployment,candidate,2011,32,0,2,2,2,0,0.1583474361857425,False,False
Lucknow,2005-2014,deployment,candidate,2012,28,132,134,2,9,7,0.191223751543158,True,True
Lucknow,2005-2014,deployment,candidate,2012,30,54,52,2,12,14,0.191223751543158,True,True
Lucknow,2005-2014,deployment,candidate,2012,32,1,7,6,6,0,0.191223751543158,False,False
Lucknow,2005-2014,deployment,candidate,2013,28,140,140,0,4,4,0.0857620861201718,True,True
Lucknow,2005-2014,deployment,candidate,2013,30,48,49,1,4,3,0.0857620861201718,False,True
Lucknow,2005-2014,deployment,candidate,2013,32,5,9,4,5,1,0.0857620861201718,False,False
Lucknow,2005-2014,deployment,candidate,2014,28,157,160,3,4,1,0.2021967894270023,True,True
Lucknow,2005-2014,deployment,candidate,2014,30,71,75,4,8,4,0.2021967894270023,True,True
Lucknow,2005-2014,deployment,candidate,2014,32,9,21,12,14,2,0.2021967894270023,False,False
Hyderabad,2005-2014,deployment,candidate,2006,28,41,57,16,16,0,0.2472143431592811,False,False
Hyderabad,2005-2014,deployment,candidate,2006,30,0,3,3,3,0,0.2472143431592811,False,False
Hyderabad,2005-2014,deployment,candidate,2006,32,0,0,0,0,0,0.2472143431592811,False,True
Hyderabad,2005-2014,deployment,candidate,2007,28,50,61,11,13,2,0.2833724144246799,True,False
Hyderabad,2005-2014,deployment,candidate,2007,30,0,3,3,3,0,0.2833724144246799,False,False
Hyderabad,2005-2014,deployment,candidate,2007,32,0,0,0,0,0,0.2833724144246799,False,True
Hyderabad,2005-2014,deployment,candidate,2008,28,30,41,11,12,1,0.2813057487058314,False,False
Hyderabad,2005-2014,deployment,candidate,2008,30,0,0,0,0,0,0.2813057487058314,False,True
Hyderabad,2005-2014,deployment,candidate,2008,32,0,0,0,0,0,0.2813057487058314,False,True
Hyderabad,2005-2014,deployment,candidate,2009,28,57,73,16,18,2,0.3283310199631084,True,False
Hyderabad,2005-2014,deployment,candidate,2009,30,0,7,7,7,0,0.3283310199631084,False,False
Hyderabad,2005-2014,deployment,candidate,2009,32,0,0,0,0,0,0.3283310199631084,False,True
Hyderabad,2005-2014,deployment,candidate,2010,28,69,82,13,15,2,0.2359185024570836,True,True
Hyderabad,2005-2014,deployment,candidate,2010,30,7,17,10,10,0,0.2359185024570836,False,False
Hyderabad,2005-2014,deployment,candidate,2010,32,0,0,0,0,0,0.2359185024570836,False,True
Hyderabad,2005-2014,deployment,candidate,2011,28,36,46,10,12,2,0.3561571359434062,False,False
Hyderabad,2005-2014,deployment,candidate,2011,30,0,4,4,4,0,0.3561571359434062,False,False
Hyderabad,2005-2014,deployment,candidate,2011,32,0,0,0,0,0,0.3561571359434062,False,True
Hyderabad,2005-2014,deployment,candidate,2012,28,54,70,16,16,0,0.2857980998631758,True,False
Hyderabad,2005-2014,deployment,candidate,2012,30,0,4,4,4,0,0.2857980998631758,False,False
Hyderabad,2005-2014,deployment,candidate,2012,32,0,0,0,0,0,0.2857980998631758,False,True
Hyderabad,2005-2014,deployment,candidate,2013,28,55,68,13,13,0,0.2643353249818811,True,False
Hyderabad,2005-2014,deployment,candidate,2013,30,3,16,13,13,0,0.2643353249818811,False,False
Hyderabad,2005-2014,deployment,candidate,2013,32,0,1,1,1,0,0.2643353249818811,False,False
Hyderabad,2005-2014,deployment,candidate,2014,28,58,75,17,19,2,0.3639495219737134,True,False
Hyderabad,2005-2014,deployment,candidate,2014,30,1,11,10,10,0,0.3639495219737134,False,False
Hyderabad,2005-2014,deployment,candidate,2014,32,0,0,0,0,0,0.3639495219737134,False,True
Shimla,2005-2014,deployment,candidate,2006,28,0,0,0,0,0,-0.3590503671325235,False,True
Shimla,2005-2014,deployment,candidate,2006,30,0,0,0,0,0,-0.3590503671325235,False,True
Shimla,2005-2014,deployment,candidate,2006,32,0,0,0,0,0,-0.3590503671325235,False,True
Shimla,2005-2014,deployment,candidate,2007,28,0,0,0,0,0,-0.2724382401361231,False,True
Shimla,2005-2014,deployment,candidate,2007,30,0,0,0,0,0,-0.2724382401361231,False,True
Shimla,2005-2014,deployment,candidate,2007,32,0,0,0,0,0,-0.2724382401361231,False,True
Shimla,2005-2014,deployment,candidate,2008,28,0,0,0,0,0,-0.3805707525261748,False,True
Shimla,2005-2014,deployment,candidate,2008,30,0,0,0,0,0,-0.3805707525261748,False,True
Shimla,2005-2014,deployment,candidate,2008,32,0,0,0,0,0,-0.3805707525261748,False,True
Shimla,2005-2014,deployment,candidate,2009,28,0,0,0,0,0,-0.2342195173007303,False,True
Shimla,2005-2014,deployment,candidate,2009,30,0,0,0,0,0,-0.2342195173007303,False,True
Shimla,2005-2014,deployment,candidate,2009,32,0,0,0,0,0,-0.2342195173007303,False,True
Shimla,2005-2014,deployment,candidate,2010,28,0,0,0,0,0,-0.3721962672550328,False,True
Shimla,2005-2014,deployment,candidate,2010,30,0,0,0,0,0,-0.3721962672550328,False,True
Shimla,2005-2014,deployment,candidate,2010,32,0,0,0,0,0,-0.3721962672550328,False,True
Shimla,2005-2014,deployment,candidate,2011,28,0,0,0,0,0,-0.3418252611330682,False,True
Shimla,2005-2014,deployment,candidate,2011,30,0,0,0,0,0,-0.3418252611330682,False,True
Shimla,2005-2014,deployment,candidate,2011,32,0,0,0,0,0,-0.3418252611330682,False,True
Shimla,2005-2014,deployment,candidate,2012,28,0,0,0,0,0,-0.3477642372233223,False,True
Shimla,2005-2014,deployment,candidate,2012,30,0,0,0,0,0,-0.3477642372233223,False,True
Shimla,2005-2014,deployment,candidate,2012,32,0,0,0,0,0,-0.3477642372233223,False,True
Shimla,2005-2014,deployment,candidate,2013,28,0,0,0,0,0,-0.4441481847926281,False,True
Shimla,2005-2014,deployment,candidate,2013,30,0,0,0,0,0,-0.4441481847926281,False,True
Shimla,2005-2014,deployment,candidate,2013,32,0,0,0,0,0,-0.4441481847926281,False,True
Shimla,2005-2014,deployment,candidate,2014,28,0,0,0,0,0,-0.3273427218447358,False,True
Shimla,2005-2014,deployment,candidate,2014,30,0,0,0,0,0,-0.3273427218447358,False,True
Shimla,2005-2014,deployment,candidate,2014,32,0,0,0,0,0,-0.3273427218447358,False,True
Kochi,1990-2004,deployment,candidate,1991,28,92,137,45,54,9,0.3039788749626563,True,False
Kochi,1990-2004,deployment,candidate,1991,30,1,7,6,6,0,0.3039788749626563,False,False
Kochi,1990-2004,deployment,candidate,1991,32,0,0,0,0,0,0.3039788749626563,False,True
Kochi,1990-2004,deployment,candidate,1992,28,57,89,32,39,7,0.2259533083473592,True,False
Kochi,1990-2004,deployment,candidate,1992,30,1,6,5,6,1,0.2259533083473592,False,False
Kochi,1990-2004,deployment,candidate,1992,32,0,0,0,0,0,0.2259533083473592,False,True
Kochi,1990-2004,deployment,candidate,1993,28,63,98,35,42,7,0.2091692705841106,True,False
Kochi,1990-2004,deployment,candidate,1993,30,0,6,6,6,0,0.2091692705841106,False,False
Kochi,1990-2004,deployment,candidate,1993,32,0,0,0,0,0,0.2091692705841106,False,True
Kochi,1990-2004,deployment,candidate,1994,28,63,106,43,46,3,0.1886833197657013,True,False
Kochi,1990-2004,deployment,candidate,1994,30,0,3,3,3,0,0.1886833197657013,False,False
Kochi,1990-2004,deployment,candidate,1994,32,0,0,0,0,0,0.1886833197657013,False,True
Kochi,1990-2004,deployment,candidate,1995,28,69,114,45,53,8,0.165403701078105,True,False
Kochi,1990-2004,deployment,candidate,1995,30,0,6,6,6,0,0.165403701078105,False,False
Kochi,1990-2004,deployment,candidate,1995,32,0,0,0,0,0,0.165403701078105,False,True
Kochi,1990-2004,deployment,candidate,1996,28,79,111,32,40,8,0.1790176727530127,True,False
Kochi,1990-2004,deployment,candidate,1996,30,0,10,10,10,0,0.1790176727530127,False,False
Kochi,1990-2004,deployment,candidate,1996,32,0,0,0,0,0,0.1790176727530127,False,True
Kochi,1990-2004,deployment,candidate,1997,28,108,118,10,29,19,0.2162018619039178,True,True
Kochi,1990-2004,deployment,candidate,1997,30,0,14,14,14,0,0.2162018619039178,False,False
Kochi,1990-2004,deployment,candidate,1997,32,0,0,0,0,0,0.2162018619039178,False,True
Kochi,1990-2004,deployment,candidate,1998,28,113,145,32,41,9,0.1804471140433683,True,False
Kochi,1990-2004,deployment,candidate,1998,30,14,49,35,36,1,0.1804471140433683,False,False
Kochi,1990-2004,deployment,candidate,1998,32,0,0,0,0,0,0.1804471140433683,False,True
Kochi,1990-2004,deployment,candidate,1999,28,65,75,10,26,16,0.0529315367587791,True,True
Kochi,1990-2004,deployment,candidate,1999,30,0,9,9,9,0,0.0529315367587791,False,False
Kochi,1990-2004,deployment,candidate,1999,32,0,0,0,0,0,0.0529315367587791,False,True
Kochi,1990-2004,deployment,candidate,2000,28,74,103,29,41,12,0.0835097350721629,True,False
Kochi,1990-2004,deployment,candidate,2000,30,0,0,0,0,0,0.0835097350721629,False,True
Kochi,1990-2004,deployment,candidate,2000,32,0,0,0,0,0,0.0835097350721629,False,True
Kochi,1990-2004,deployment,candidate,2001,28,71,104,33,45,12,0.0797763393460534,True,False
Kochi,1990-2004,deployment,candidate,2001,30,0,2,2,2,0,0.0797763393460534,False,False
Kochi,1990-2004,deployment,candidate,2001,32,0,0,0,0,0,0.0797763393460534,False,True
Kochi,1990-2004,deployment,candidate,2002,28,92,126,34,54,20,0.2510831473825295,True,False
Kochi,1990-2004,deployment,candidate,2002,30,1,15,14,15,1,0.2510831473825295,False,False
Kochi,1990-2004,deployment,candidate,2002,32,0,0,0,0,0,0.2510831473825295,False,True
Kochi,1990-2004,deployment,candidate,2003,28,118,140,22,45,23,0.1132026416339028,True,True
Kochi,1990-2004,deployment,candidate,2003,30,0,3,3,3,0,0.1132026416339028,False,False
Kochi,1990-2004,deployment,candidate,2003,32,0,0,0,0,0,0.1132026416339028,False,True
Kochi,1990-2004,deployment,candidate,2004,28,98,122,24,51,27,0.1896247766273395,True,False
Kochi,1990-2004,deployment,candidate,2004,30,0,12,12,12,0,0.1896247766273395,False,False
Kochi,1990-2004,deployment,candidate,2004,32,0,0,0,0,0,0.1896247766273395,False,True
Kolkata,1990-2004,deployment,candidate,1991,28,178,177,1,14,15,0.3372889635555513,True,True
Kolkata,1990-2004,deployment,candidate,1991,30,38,50,12,17,5,0.3372889635555513,False,False
Kolkata,1990-2004,deployment,candidate,1991,32,0,3,3,3,0,0.3372889635555513,False,False
Kolkata,1990-2004,deployment,candidate,1992,28,154,166,12,23,11,0.4015210651142412,True,True
Kolkata,1990-2004,deployment,candidate,1992,30,22,35,13,19,6,0.4015210651142412,False,False
Kolkata,1990-2004,deployment,candidate,1992,32,0,0,0,0,0,0.4015210651142412,False,True
Kolkata,1990-2004,deployment,candidate,1993,28,154,156,2,12,10,0.3064438687094939,True,True
Kolkata,1990-2004,deployment,candidate,1993,30,36,31,5,7,12,0.3064438687094939,False,True
Kolkata,1990-2004,deployment,candidate,1993,32,0,0,0,0,0,0.3064438687094939,False,True
Kolkata,1990-2004,deployment,candidate,1994,28,162,173,11,25,14,0.3872733638399318,True,True
Kolkata,1990-2004,deployment,candidate,1994,30,24,33,9,11,2,0.3872733638399318,False,False
Kolkata,1990-2004,deployment,candidate,1994,32,0,6,6,6,0,0.3872733638399318,False,False
Kolkata,1990-2004,deployment,candidate,1995,28,168,168,0,11,11,0.3085066284304799,True,True
Kolkata,1990-2004,deployment,candidate,1995,30,40,53,13,17,4,0.3085066284304799,False,False
Kolkata,1990-2004,deployment,candidate,1995,32,2,14,12,12,0,0.3085066284304799,False,False
Kolkata,1990-2004,deployment,candidate,1996,28,159,168,9,20,11,0.3835929843513069,True,True
Kolkata,1990-2004,deployment,candidate,1996,30,44,44,0,10,10,0.3835929843513069,False,True
Kolkata,1990-2004,deployment,candidate,1996,32,0,4,4,4,0,0.3835929843513069,False,False
Kolkata,1990-2004,deployment,candidate,1997,28,155,154,1,14,15,0.2443111547798899,True,True
Kolkata,1990-2004,deployment,candidate,1997,30,41,34,7,3,10,0.2443111547798899,False,True
Kolkata,1990-2004,deployment,candidate,1997,32,0,4,4,4,0,0.2443111547798899,False,False
Kolkata,1990-2004,deployment,candidate,1998,28,187,187,0,5,5,0.1125170217319757,True,True
Kolkata,1990-2004,deployment,candidate,1998,30,55,57,2,11,9,0.1125170217319757,True,True
Kolkata,1990-2004,deployment,candidate,1998,32,8,11,3,4,1,0.1125170217319757,False,False
Kolkata,1990-2004,deployment,candidate,1999,28,174,173,1,14,15,0.3495464838948177,True,True
Kolkata,1990-2004,deployment,candidate,1999,30,30,42,12,18,6,0.3495464838948177,False,False
Kolkata,1990-2004,deployment,candidate,1999,32,2,6,4,5,1,0.3495464838948177,False,False
Kolkata,1990-2004,deployment,candidate,2000,28,180,183,3,11,8,0.2737534761647605,True,True
Kolkata,1990-2004,deployment,candidate,2000,30,31,39,8,13,5,0.2737534761647605,False,False
Kolkata,1990-2004,deployment,candidate,2000,32,0,1,1,1,0,0.2737534761647605,False,False
Kolkata,1990-2004,deployment,candidate,2001,28,170,168,2,15,17,0.2587728354249458,True,True
Kolkata,1990-2004,deployment,candidate,2001,30,22,27,5,9,4,0.2587728354249458,False,False
Kolkata,1990-2004,deployment,candidate,2001,32,0,0,0,0,0,0.2587728354249458,False,True
Kolkata,1990-2004,deployment,candidate,2002,28,169,167,2,7,9,0.2915876960514511,True,True
Kolkata,1990-2004,deployment,candidate,2002,30,57,57,0,9,9,0.2915876960514511,True,True
Kolkata,1990-2004,deployment,candidate,2002,32,5,6,1,3,2,0.2915876960514511,False,True
Kolkata,1990-2004,deployment,candidate,2003,28,184,185,1,7,6,0.2509839489688525,True,True
Kolkata,1990-2004,deployment,candidate,2003,30,57,57,0,10,10,0.2509839489688525,True,True
Kolkata,1990-2004,deployment,candidate,2003,32,1,12,11,11,0,0.2509839489688525,False,False
Kolkata,1990-2004,deployment,candidate,2004,28,177,183,6,8,2,0.3980556408855336,True,True
Kolkata,1990-2004,deployment,candidate,2004,30,47,62,15,24,9,0.3980556408855336,False,False
Kolkata,1990-2004,deployment,candidate,2004,32,0,13,13,13,0,0.3980556408855336,False,False
Bikaner,1990-2004,deployment,candidate,1991,28,109,120,11,12,1,0.3830121279804774,True,True
Bikaner,1990-2004,deployment,candidate,1991,30,43,63,20,20,0,0.3830121279804774,False,False
Bikaner,1990-2004,deployment,candidate,1991,32,0,11,11,11,0,0.3830121279804774,False,False
Bikaner,1990-2004,deployment,candidate,1992,28,105,106,1,6,5,0.2978404793597571,True,True
Bikaner,1990-2004,deployment,candidate,1992,30,30,47,17,18,1,0.2978404793597571,False,False
Bikaner,1990-2004,deployment,candidate,1992,32,1,2,1,1,0,0.2978404793597571,False,False
Bikaner,1990-2004,deployment,candidate,1993,28,145,151,6,7,1,0.328218865691906,True,True
Bikaner,1990-2004,deployment,candidate,1993,30,45,60,15,16,1,0.328218865691906,False,False
Bikaner,1990-2004,deployment,candidate,1993,32,0,6,6,6,0,0.328218865691906,False,False
Bikaner,1990-2004,deployment,candidate,1994,28,112,118,6,10,4,0.3169521831025872,True,True
Bikaner,1990-2004,deployment,candidate,1994,30,43,62,19,20,1,0.3169521831025872,False,False
Bikaner,1990-2004,deployment,candidate,1994,32,2,6,4,5,1,0.3169521831025872,False,False
Bikaner,1990-2004,deployment,candidate,1995,28,120,134,14,18,4,0.3215051302834184,True,True
Bikaner,1990-2004,deployment,candidate,1995,30,36,52,16,18,2,0.3215051302834184,False,False
Bikaner,1990-2004,deployment,candidate,1995,32,1,5,4,4,0,0.3215051302834184,False,False
Bikaner,1990-2004,deployment,candidate,1996,28,119,124,5,6,1,0.3010401975879731,True,True
Bikaner,1990-2004,deployment,candidate,1996,30,38,52,14,15,1,0.3010401975879731,False,False
Bikaner,1990-2004,deployment,candidate,1996,32,0,7,7,7,0,0.3010401975879731,False,False
Bikaner,1990-2004,deployment,candidate,1997,28,114,124,10,12,2,0.3073603118353888,True,True
Bikaner,1990-2004,deployment,candidate,1997,30,36,58,22,22,0,0.3073603118353888,False,False
Bikaner,1990-2004,deployment,candidate,1997,32,0,1,1,1,0,0.3073603118353888,False,False
Bikaner,1990-2004,deployment,candidate,1998,28,149,157,8,10,2,0.3785145791980236,True,True
Bikaner,1990-2004,deployment,candidate,1998,30,62,86,24,26,2,0.3785145791980236,True,False
Bikaner,1990-2004,deployment,candidate,1998,32,5,15,10,10,0,0.3785145791980236,False,False
Bikaner,1990-2004,deployment,candidate,1999,28,138,147,9,11,2,0.352512065893393,True,True
Bikaner,1990-2004,deployment,candidate,1999,30,34,56,22,22,0,0.352512065893393,False,False
Bikaner,1990-2004,deployment,candidate,1999,32,1,4,3,3,0,0.352512065893393,False,False
Bikaner,1990-2004,deployment,candidate,2000,28,132,147,15,18,3,0.3924917406434597,True,True
Bikaner,1990-2004,deployment,candidate,2000,30,48,78,30,32,2,0.3924917406434597,False,False
Bikaner,1990-2004,deployment,candidate,2000,32,0,7,7,7,0,0.3924917406434597,False,False
Bikaner,1990-2004,deployment,candidate,2001,28,131,148,17,18,1,0.4366281357980985,True,True
Bikaner,1990-2004,deployment,candidate,2001,30,32,53,21,23,2,0.4366281357980985,False,False
Bikaner,1990-2004,deployment,candidate,2001,32,0,5,5,5,0,0.4366281357980985,False,False
Bikaner,1990-2004,deployment,candidate,2002,28,141,145,4,8,4,0.4614458250992777,True,True
Bikaner,1990-2004,deployment,candidate,2002,30,60,94,34,34,0,0.4614458250992777,True,False
Bikaner,1990-2004,deployment,candidate,2002,32,1,10,9,9,0,0.4614458250992777,False,False
Bikaner,1990-2004,deployment,candidate,2003,28,131,137,6,9,3,0.3291855917081946,True,True
Bikaner,1990-2004,deployment,candidate,2003,30,54,66,12,14,2,0.3291855917081946,True,False
Bikaner,1990-2004,deployment,candidate,2003,32,0,16,16,16,0,0.3291855917081946,False,False
Bikaner,1990-2004,deployment,candidate,2004,28,139,154,15,15,0,0.5091297643633259,True,True
Bikaner,1990-2004,deployment,candidate,2004,30,47,80,33,33,0,0.5091297643633259,False,False
Bikaner,1990-2004,deployment,candidate,2004,32,0,11,11,11,0,0.5091297643633259,False,False
Lucknow,1990-2004,deployment,candidate,1991,28,133,130,3,5,8,0.2306668776771091,True,True
Lucknow,1990-2004,deployment,candidate,1991,30,55,59,4,8,4,0.2306668776771091,True,True
Lucknow,1990-2004,deployment,candidate,1991,32,3,8,5,6,1,0.2306668776771091,False,False
Lucknow,1990-2004,deployment,candidate,1992,28,113,120,7,16,9,0.1585947371606052,True,True
Lucknow,1990-2004,deployment,candidate,1992,30,42,48,6,7,1,0.1585947371606052,False,True
Lucknow,1990-2004,deployment,candidate,1992,32,0,1,1,1,0,0.1585947371606052,False,False
Lucknow,1990-2004,deployment,candidate,1993,28,140,142,2,7,5,0.2071769988834991,True,True
Lucknow,1990-2004,deployment,candidate,1993,30,59,66,7,10,3,0.2071769988834991,True,True
Lucknow,1990-2004,deployment,candidate,1993,32,1,4,3,4,1,0.2071769988834991,False,False
Lucknow,1990-2004,deployment,candidate,1994,28,127,127,0,6,6,0.209962347533568,True,True
Lucknow,1990-2004,deployment,candidate,1994,30,42,44,2,5,3,0.209962347533568,False,True
Lucknow,1990-2004,deployment,candidate,1994,32,0,5,5,5,0,0.209962347533568,False,False
Lucknow,1990-2004,deployment,candidate,1995,28,147,153,6,10,4,0.2296991902492454,True,True
Lucknow,1990-2004,deployment,candidate,1995,30,41,38,3,3,6,0.2296991902492454,False,True
Lucknow,1990-2004,deployment,candidate,1995,32,12,18,6,6,0,0.2296991902492454,False,False
Lucknow,1990-2004,deployment,candidate,1996,28,133,128,5,3,8,0.0981865778578496,True,True
Lucknow,1990-2004,deployment,candidate,1996,30,34,40,6,10,4,0.0981865778578496,False,True
Lucknow,1990-2004,deployment,candidate,1996,32,1,3,2,2,0,0.0981865778578496,False,False
Lucknow,1990-2004,deployment,candidate,1997,28,124,131,7,11,4,0.1300361443727201,True,True
Lucknow,1990-2004,deployment,candidate,1997,30,32,31,1,6,7,0.1300361443727201,False,True
Lucknow,1990-2004,deployment,candidate,1997,32,1,0,1,0,1,0.1300361443727201,False,False
Lucknow,1990-2004,deployment,candidate,1998,28,156,152,4,6,10,0.1681759227382896,True,True
Lucknow,1990-2004,deployment,candidate,1998,30,71,74,3,13,10,0.1681759227382896,True,True
Lucknow,1990-2004,deployment,candidate,1998,32,3,10,7,7,0,0.1681759227382896,False,False
Lucknow,1990-2004,deployment,candidate,1999,28,152,152,0,9,9,0.1200660558101285,True,True
Lucknow,1990-2004,deployment,candidate,1999,30,48,54,6,10,4,0.1200660558101285,False,True
Lucknow,1990-2004,deployment,candidate,1999,32,0,6,6,6,0,0.1200660558101285,False,False
Lucknow,1990-2004,deployment,candidate,2000,28,142,148,6,11,5,0.142167388920601,True,True
Lucknow,1990-2004,deployment,candidate,2000,30,41,47,6,10,4,0.142167388920601,False,True
Lucknow,1990-2004,deployment,candidate,2000,32,2,5,3,4,1,0.142167388920601,False,False
Lucknow,1990-2004,deployment,candidate,2001,28,155,159,4,8,4,0.1022220211499047,True,True
Lucknow,1990-2004,deployment,candidate,2001,30,43,52,9,12,3,0.1022220211499047,False,False
Lucknow,1990-2004,deployment,candidate,2001,32,0,1,1,1,0,0.1022220211499047,False,False
Lucknow,1990-2004,deployment,candidate,2002,28,140,146,6,11,5,0.2029924690389337,True,True
Lucknow,1990-2004,deployment,candidate,2002,30,78,84,6,14,8,0.2029924690389337,True,True
Lucknow,1990-2004,deployment,candidate,2002,32,1,11,10,10,0,0.2029924690389337,False,False
Lucknow,1990-2004,deployment,candidate,2003,28,134,134,0,12,12,0.1126107495662996,True,True
Lucknow,1990-2004,deployment,candidate,2003,30,44,47,3,7,4,0.1126107495662996,False,True
Lucknow,1990-2004,deployment,candidate,2003,32,0,7,7,7,0,0.1126107495662996,False,False
Lucknow,1990-2004,deployment,candidate,2004,28,159,160,1,7,6,0.0105240888217958,True,True
Lucknow,1990-2004,deployment,candidate,2004,30,44,49,5,11,6,0.0105240888217958,False,True
Lucknow,1990-2004,deployment,candidate,2004,32,3,4,1,1,0,0.0105240888217958,False,False
Hyderabad,1990-2004,deployment,candidate,1991,28,44,55,11,11,0,0.313289180042212,False,False
Hyderabad,1990-2004,deployment,candidate,1991,30,0,5,5,5,0,0.313289180042212,False,False
Hyderabad,1990-2004,deployment,candidate,1991,32,0,0,0,0,0,0.313289180042212,False,True
Hyderabad,1990-2004,deployment,candidate,1992,28,38,58,20,22,2,0.322701094750765,False,False
Hyderabad,1990-2004,deployment,candidate,1992,30,0,4,4,4,0,0.322701094750765,False,False
Hyderabad,1990-2004,deployment,candidate,1992,32,0,0,0,0,0,0.322701094750765,False,True
Hyderabad,1990-2004,deployment,candidate,1993,28,45,66,21,23,2,0.3168779573896188,False,False
Hyderabad,1990-2004,deployment,candidate,1993,30,1,6,5,5,0,0.3168779573896188,False,False
Hyderabad,1990-2004,deployment,candidate,1993,32,0,0,0,0,0,0.3168779573896188,False,True
Hyderabad,1990-2004,deployment,candidate,1994,28,29,53,24,24,0,0.2804875017921099,False,False
Hyderabad,1990-2004,deployment,candidate,1994,30,0,6,6,6,0,0.2804875017921099,False,False
Hyderabad,1990-2004,deployment,candidate,1994,32,0,0,0,0,0,0.2804875017921099,False,True
Hyderabad,1990-2004,deployment,candidate,1995,28,29,53,24,24,0,0.2891063837287688,False,False
Hyderabad,1990-2004,deployment,candidate,1995,30,0,6,6,6,0,0.2891063837287688,False,False
Hyderabad,1990-2004,deployment,candidate,1995,32,0,0,0,0,0,0.2891063837287688,False,True
Hyderabad,1990-2004,deployment,candidate,1996,28,35,50,15,15,0,0.2584033781287276,False,False
Hyderabad,1990-2004,deployment,candidate,1996,30,0,6,6,6,0,0.2584033781287276,False,False
Hyderabad,1990-2004,deployment,candidate,1996,32,0,0,0,0,0,0.2584033781287276,False,True
Hyderabad,1990-2004,deployment,candidate,1997,28,30,36,6,7,1,0.2868878998525,False,True
Hyderabad,1990-2004,deployment,candidate,1997,30,0,0,0,0,0,0.2868878998525,False,True
Hyderabad,1990-2004,deployment,candidate,1997,32,0,0,0,0,0,0.2868878998525,False,True
Hyderabad,1990-2004,deployment,candidate,1998,28,69,87,18,21,3,0.2622875017814506,True,False
Hyderabad,1990-2004,deployment,candidate,1998,30,4,13,9,9,0,0.2622875017814506,False,False
Hyderabad,1990-2004,deployment,candidate,1998,32,0,0,0,0,0,0.2622875017814506,False,True
Hyderabad,1990-2004,deployment,candidate,1999,28,37,49,12,13,1,0.2360211524012219,False,False
Hyderabad,1990-2004,deployment,candidate,1999,30,1,2,1,2,1,0.2360211524012219,False,False
Hyderabad,1990-2004,deployment,candidate,1999,32,0,0,0,0,0,0.2360211524012219,False,True
Hyderabad,1990-2004,deployment,candidate,2000,28,38,55,17,18,1,0.2856046468104207,False,False
Hyderabad,1990-2004,deployment,candidate,2000,30,0,2,2,2,0,0.2856046468104207,False,False
Hyderabad,1990-2004,deployment,candidate,2000,32,0,0,0,0,0,0.2856046468104207,False,True
Hyderabad,1990-2004,deployment,candidate,2001,28,34,54,20,21,1,0.3126783415361654,False,False
Hyderabad,1990-2004,deployment,candidate,2001,30,0,3,3,3,0,0.3126783415361654,False,False
Hyderabad,1990-2004,deployment,candidate,2001,32,0,0,0,0,0,0.3126783415361654,False,True
Hyderabad,1990-2004,deployment,candidate,2002,28,51,74,23,24,1,0.344652574705386,True,False
Hyderabad,1990-2004,deployment,candidate,2002,30,2,9,7,7,0,0.344652574705386,False,False
Hyderabad,1990-2004,deployment,candidate,2002,32,0,0,0,0,0,0.344652574705386,False,True
Hyderabad,1990-2004,deployment,candidate,2003,28,57,69,12,13,1,0.249280409092967,True,False
Hyderabad,1990-2004,deployment,candidate,2003,30,0,1,1,1,0,0.249280409092967,False,False
Hyderabad,1990-2004,deployment,candidate,2003,32,0,0,0,0,0,0.249280409092967,False,True
Hyderabad,1990-2004,deployment,candidate,2004,28,35,57,22,22,0,0.3769370836287225,False,False
Hyderabad,1990-2004,deployment,candidate,2004,30,0,4,4,4,0,0.3769370836287225,False,False
Hyderabad,1990-2004,deployment,candidate,2004,32,0,0,0,0,0,0.3769370836287225,False,True
Shimla,1990-2004,deployment,candidate,1991,28,0,0,0,0,0,-0.3807751731186971,False,True
Shimla,1990-2004,deployment,candidate,1991,30,0,0,0,0,0,-0.3807751731186971,False,True
Shimla,1990-2004,deployment,candidate,1991,32,0,0,0,0,0,-0.3807751731186971,False,True
Shimla,1990-2004,deployment,candidate,1992,28,0,0,0,0,0,-0.2795426901173843,False,True
Shimla,1990-2004,deployment,candidate,1992,30,0,0,0,0,0,-0.2795426901173843,False,True
Shimla,1990-2004,deployment,candidate,1992,32,0,0,0,0,0,-0.2795426901173843,False,True
Shimla,1990-2004,deployment,candidate,1993,28,0,0,0,0,0,-0.3052158053299196,False,True
Shimla,1990-2004,deployment,candidate,1993,30,0,0,0,0,0,-0.3052158053299196,False,True
Shimla,1990-2004,deployment,candidate,1993,32,0,0,0,0,0,-0.3052158053299196,False,True
Shimla,1990-2004,deployment,candidate,1994,28,0,0,0,0,0,-0.3541926429383502,False,True
Shimla,1990-2004,deployment,candidate,1994,30,0,0,0,0,0,-0.3541926429383502,False,True
Shimla,1990-2004,deployment,candidate,1994,32,0,0,0,0,0,-0.3541926429383502,False,True
Shimla,1990-2004,deployment,candidate,1995,28,0,0,0,0,0,-0.389748088250969,False,True
Shimla,1990-2004,deployment,candidate,1995,30,0,0,0,0,0,-0.389748088250969,False,True
Shimla,1990-2004,deployment,candidate,1995,32,0,0,0,0,0,-0.389748088250969,False,True
Shimla,1990-2004,deployment,candidate,1996,28,0,0,0,0,0,-0.3934824479386352,False,True
Shimla,1990-2004,deployment,candidate,1996,30,0,0,0,0,0,-0.3934824479386352,False,True
Shimla,1990-2004,deployment,candidate,1996,32,0,0,0,0,0,-0.3934824479386352,False,True
Shimla,1990-2004,deployment,candidate,1997,28,0,0,0,0,0,-0.4792247922552413,False,True
Shimla,1990-2004,deployment,candidate,1997,30,0,0,0,0,0,-0.4792247922552413,False,True
Shimla,1990-2004,deployment,candidate,1997,32,0,0,0,0,0,-0.4792247922552413,False,True
Shimla,1990-2004,deployment,candidate,1998,28,0,0,0,0,0,-0.4360128008852708,False,True
Shimla,1990-2004,deployment,candidate,1998,30,0,0,0,0,0,-0.4360128008852708,False,True
Shimla,1990-2004,deployment,candidate,1998,32,0,0,0,0,0,-0.4360128008852708,False,True
Shimla,1990-2004,deployment,candidate,1999,28,0,0,0,0,0,-0.3723549524169292,False,True
Shimla,1990-2004,deployment,candidate,1999,30,0,0,0,0,0,-0.3723549524169292,False,True
Shimla,1990-2004,deployment,candidate,1999,32,0,0,0,0,0,-0.3723549524169292,False,True
Shimla,1990-2004,deployment,candidate,2000,28,0,0,0,0,0,-0.3865492965340404,False,True
Shimla,1990-2004,deployment,candidate,2000,30,0,0,0,0,0,-0.3865492965340404,False,True
Shimla,1990-2004,deployment,candidate,2000,32,0,0,0,0,0,-0.3865492965340404,False,True
Shimla,1990-2004,deployment,candidate,2001,28,0,0,0,0,0,-0.4418015437750408,False,True
Shimla,1990-2004,deployment,candidate,2001,30,0,0,0,0,0,-0.4418015437750408,False,True
Shimla,1990-2004,deployment,candidate,2001,32,0,0,0,0,0,-0.4418015437750408,False,True
Shimla,1990-2004,deployment,candidate,2002,28,0,0,0,0,0,-0.4326940043724857,False,True
Shimla,1990-2004,deployment,candidate,2002,30,0,0,0,0,0,-0.4326940043724857,False,True
Shimla,1990-2004,deployment,candidate,2002,32,0,0,0,0,0,-0.4326940043724857,False,True
Shimla,1990-2004,deployment,candidate,2003,28,0,0,0,0,0,-0.4355768157876046,False,True
Shimla,1990-2004,deployment,candidate,2003,30,0,0,0,0,0,-0.4355768157876046,False,True
Shimla,1990-2004,deployment,candidate,2003,32,0,0,0,0,0,-0.4355768157876046,False,True
Shimla,1990-2004,deployment,candidate,2004,28,0,0,0,0,0,-0.4047354613056025,False,True
Shimla,1990-2004,deployment,candidate,2004,30,0,0,0,0,0,-0.4047354613056025,False,True
Shimla,1990-2004,deployment,candidate,2004,32,0,0,0,0,0,-0.4047354613056025,False,True
