model,site,complete_years,mean_bias,shipped_mean_bias,shipped_quantile_0.05_bias,quantile_0.05_bias,shipped_quantile_0.5_bias,quantile_0.5_bias,shipped_quantile_0.95_bias,quantile_0.95_bias,shipped_quantile_0.99_bias,quantile_0.99_bias,model_days_ge_28,shipped_days_ge_28,reference_days_ge_28,model_days_ge_30,shipped_days_ge_30,reference_days_ge_30,model_days_ge_32,shipped_days_ge_32,reference_days_ge_32
ACCESS-CM2,Kochi,20,0.30951847539090593,-1.7311978037826457,-2.425673089638863,0.18406773982891167,-1.6061714651237793,0.15493216494213868,-1.3172613788723453,0.802889282596162,-0.983790329407352,1.0889643970025595,120.45,15.9,94.15,18.95,0.3,2.3,0.35,0.0,0.0
ACCESS-CM2,Kolkata,20,0.43583709960857675,-2.179455363955313,-3.8292233645104847,0.245716029486708,-1.8689168795248783,0.6071001187661373,-1.3562577383163585,0.7278693063613701,-1.3124451793634009,0.884281352619027,192.6,127.75,173.55,91.6,8.25,43.0,10.55,0.3,2.25
ACCESS-CM2,Bikaner,20,-0.08149089605737458,-4.226934531240211,-6.329233727713929,-0.7496697285379028,-4.193075860373025,0.16603592551564716,-1.2960089467071185,1.3198047854400912,-0.7223275862933392,1.64088644874084,130.1,50.25,128.7,72.35,10.55,44.85,19.6,0.3,1.3
ACCESS-CM2,Lucknow,20,-0.10054992610265145,-3.6209719172549555,-5.394248199941963,-0.6298004155181367,-4.227343479954648,-0.08872501071636663,-1.3038504811724998,0.8020890024700726,0.26377998701963534,2.566725562733726,148.65,75.3,141.0,62.05,12.9,48.7,14.55,3.65,2.1
ACCESS-CM2,Hyderabad,20,-0.21038423144032947,-3.3179858852840383,-5.7180892218324235,-1.248567699310449,-2.7053976636048063,0.34740060757439295,-2.518577628173098,0.12437099929882223,-1.825683264294458,1.1270347456542709,45.15,2.15,43.35,6.8,0.15,0.9,0.85,0.0,0.0
ACCESS-CM2,Shimla,20,2.515510422394714,-0.4591427513352677,-0.7193607962817214,2.4764750324994074,0.16830373342609484,3.39388299520588,-0.526290030687413,1.809140496045984,-0.7310136332432116,1.911665981777542,0.0,0.0,0.0,0.0,0.0,0.0,0.0,0.0,0.0
ACCESS-ESM1-5,Kochi,20,0.34887694285874815,-1.7198260496197122,-2.613030515328557,0.13777171550640332,-1.5545919897209473,0.2434960840095215,-1.1991925884365529,0.9855398486972398,-1.0544855961309842,1.2435420527947976,121.05,18.7,94.15,23.3,0.1,2.3,0.55,0.0,0.0
ACCESS-ESM1-5,Kolkata,20,0.3877096183570323,-2.202205504236886,-4.047539490380236,-0.09177233568663112,-1.8528655871054447,0.5281387463906491,-1.519456304753124,0.5917786462661638,-1.5479518474542182,0.9569801364935344,190.9,131.6,173.55,99.85,5.45,43.0,8.75,0.2,2.25
ACCESS-ESM1-5,Bikaner,20,-0.13914150945024417,-4.176213251743196,-6.289488396903382,-0.8777756550515736,-3.9635359891572044,0.264701162942405,-1.8638101361297252,0.708329413125643,-1.6230744658709746,0.8657340897320545,126.8,42.9,128.7,65.15,3.4,44.85,8.3,0.15,1.3
ACCESS-ESM1-5,Lucknow,20,-0.13814353962271042,-3.6163222715198167,-5.804282951834054,-1.3170348172210176,-4.203761021458554,-0.1479853790635346,-1.79361850943177,0.2689658907452319,-1.7590817035016215,0.8093949352923282,143.05,77.85,141.0,64.2,3.5,48.7,6.8,0.0,2.1
ACCESS-ESM1-5,Hyderabad,20,-0.1255414794017149,-3.200700829039203,-5.163585590240626,-0.9475869406434576,-2.8398686032410367,0.2693280596617953,-2.2870955992119164,0.32364487167430767,-1.4071387238891866,1.7975717787353247,51.2,4.0,43.35,8.95,0.65,0.9,2.0,0.0,0.0
ACCESS-ESM1-5,Shimla,20,2.3905654024702354,-0.4955241238793153,-0.9269872105807329,2.2542147957592933,0.057755237179756946,3.237093215542794,-0.43820323488052537,1.6359643028086843,-0.7457696833530747,1.3941846356471679,0.0,0.0,0.0,0.0,0.0,0.0,0.0,0.0,0.0
CMCC-CM2-SR5,Kochi,20,1.3985561383150582,0.536874447315153,-0.5246257645045844,0.4748372214878458,0.4612981317390137,1.3129378793586426,1.7485293697238475,2.5830691646457176,2.332312175322869,3.127914401580199,242.85,163.75,94.15,78.8,42.0,2.3,14.85,5.0,0.0
CMCC-CM2-SR5,Kolkata,19,1.6759472486689617,0.8905709676457647,-0.4384490667962524,0.6286487878180047,1.0416151181557858,1.727669347892114,1.8461088044998064,2.4007383211013646,3.2016216312445067,3.692299426654664,218.8421052631579,203.78947368421052,173.55,162.26315789473685,122.15789473684211,43.0,42.421052631578945,27.68421052631579,2.25
CMCC-CM2-SR5,Bikaner,20,1.0284562556231407,-0.516198390255834,-2.5987465241159047,-0.5457261898721306,-0.04543372475290752,1.7377131334624245,1.192921469400055,2.0774322726227155,1.409308117747198,2.275137471079706,162.85,129.5,128.7,110.55,74.45,44.85,39.2,17.45,1.3
CMCC-CM2-SR5,Lucknow,20,1.1725104184366266,-0.008272151683780038,-1.324343920233101,-0.07797775316462108,-0.27065841373150334,1.399606784022403,1.003840043882441,1.6970762995281916,1.2369586025896844,1.8995189129534573,179.4,147.95,141.0,122.4,87.8,48.7,33.4,14.0,2.1
CMCC-CM2-SR5,Hyderabad,20,0.9861950472181853,-0.19062586370591816,-1.7042151678773436,-0.5157390822145018,0.08447355221550623,1.3402881045226351,0.3670112084968231,1.3557702493293426,0.749615197619601,1.719616647204564,117.15,54.9,43.35,21.7,6.35,0.9,0.85,0.3,0.0
CMCC-CM2-SR5,Shimla,20,3.618147204439948,2.773165947569572,2.561232837370011,3.126036962202165,3.6074183040437706,4.655334716397286,1.9817279861277761,2.8654704139537017,1.9599922070583027,2.949756840237015,0.05,0.0,0.0,0.0,0.0,0.0,0.0,0.0,0.0
CMCC-ESM2,Kochi,20,0.400116365434819,-1.638890155711774,-2.617875085488471,0.0034153121555711152,-1.5244711401115723,0.2749606607307129,-1.0323630024075001,1.1284479450107163,-0.539865044067998,1.6446552386773625,139.25,22.95,94.15,28.35,0.5,2.3,1.25,0.0,0.0
CMCC-ESM2,Kolkata,20,0.4231540162180423,-2.223029079348173,-4.076640289940784,-0.045756405510850584,-1.6901782854697025,0.7064043179848873,-1.1187237875106923,0.7942264421340823,-1.0901306690179382,1.381374057391973,192.65,121.85,173.55,93.15,10.75,43.0,12.0,0.35,2.25
CMCC-ESM2,Bikaner,20,-0.22665459175528824,-4.288228855736232,-6.615755687018737,-1.0787693360055535,-3.97577067696238,0.3147995821318581,-2.3605829022430065,0.28329612989200115,-2.182811480641483,0.5065368546246312,132.65,28.1,128.7,53.0,1.2,44.85,4.0,0.0,1.3
CMCC-ESM2,Lucknow,20,-0.24790152510355412,-3.7439691396589154,-5.697073364736886,-0.9958100323699419,-4.063840786778378,-0.04844752963726506,-1.897404024263313,0.09226730142028217,-2.182553211527747,0.09502272002132983,145.15,68.55,141.0,59.3,1.45,48.7,2.75,0.0,2.1
CMCC-ESM2,Hyderabad,20,-0.16607142537619524,-3.311103829923063,-5.502406715271144,-0.9785839308473143,-2.63944154788215,0.4013747591857211,-2.8981006193535173,-0.14909739974902436,-2.753255171337919,0.1261289839355193,40.5,0.0,43.35,1.95,0.0,0.9,0.0,0.0,0.0
CMCC-ESM2,Shimla,20,2.3271555303498612,-0.5387806659781624,-1.078191438981917,2.0626525246411296,0.363980537014962,3.355925803738595,-0.8558839752369742,1.3818717048472564,-1.2842830576816873,1.2562115178188016,0.0,0.0,0.0,0.0,0.0,0.0,0.0,0.0,0.0
CanESM5,Kochi,20,0.4206289423871894,-1.6295449113955662,-2.367998967782171,0.2654974120701219,-1.447554445470459,0.36985983828198243,-1.5117185283779548,0.6220034908175975,-1.4813384136663856,0.728802691985468,135.95,10.95,94.15,13.45,0.0,2.3,0.0,0.0,0.0
CanESM5,Kolkata,20,0.5090648827071895,-2.129181139347402,-3.733328455605456,0.20864184506898198,-1.6643508776327884,0.8029829160073483,-1.4520984785202167,0.3658031328079119,-1.927232471843869,0.32200836525329635,194.6,135.95,173.55,110.1,2.95,43.0,4.45,0.0,2.25
CanESM5,Bikaner,20,-0.07292164751824615,-4.181918619184241,-6.232783589621887,-0.9138453343118282,-4.247900689474587,0.09440640128469013,-1.7484243176482828,0.8919780947662694,-1.6426625739337162,1.0076154221295148,128.15,46.1,128.7,69.8,3.2,44.85,10.2,0.05,1.3
CanESM5,Lucknow,20,0.09541458525265867,-3.4366579861164084,-5.53984823274836,-0.9320137505553667,-4.185901562535214,-0.05198089297955022,-1.0204702588519368,1.0801862505474595,0.27999704710873274,2.1901134716692745,148.35,82.15,141.0,80.6,14.8,48.7,17.15,3.65,2.1
CanESM5,Hyderabad,20,-0.07306316660887191,-3.1782040970720615,-5.037367748138575,-0.798650287506252,-2.5734682660217985,0.45753950070183436,-2.589075140990481,0.10636867996288757,-1.9540344186218555,0.8767599920837128,48.65,2.1,43.35,6.15,0.05,0.9,0.4,0.0,0.0
CanESM5,Shimla,19,2.627293739140347,-0.3116729975964443,-1.1352352297991777,2.2984542214184733,0.26874089773273546,3.4413673930940636,-0.06690511247452235,2.234133248121182,0.25804045534931674,2.5134817776759775,0.05263157894736842,0.0,0.0,0.0,0.0,0.0,0.0,0.0,0.0
EC-Earth3,Kochi,20,0.46836998840435484,-1.5620964142504263,-2.6904940468226997,0.0028079169834533957,-1.4303854467521973,0.3761264322150879,-0.9998106647610179,1.2374346088290693,-0.6359835323797611,1.5467891612542672,148.25,24.3,94.15,30.05,0.65,2.3,1.25,0.0,0.0
EC-Earth3,Kolkata,19,0.3777196018488276,-2.2134704974204347,-4.082796639122911,-0.05635792604918066,-1.8591150149008548,0.6255804196694577,-1.3074442045334003,0.56352118090361,-1.7592323268853747,0.7288936649359172,191.94736842105263,128.3684210526316,173.55,93.42105263157895,4.421052631578948,43.0,8.736842105263158,0.15789473684210525,2.25
EC-Earth3,Bikaner,20,-0.09202855516683073,-4.151860661391307,-6.2467686035836785,-0.7815509178842159,-3.974859917990212,0.39213589347219013,-1.799529912283294,0.8701409556366322,-1.378619319081423,1.1130802429913267,130.7,39.45,128.7,59.7,4.9,44.85,10.6,0.2,1.3
EC-Earth3,Lucknow,20,-0.1848483848225584,-3.691913306768299,-5.3735979561828096,-0.7231111531279986,-4.202468792759824,-0.09559909518902288,-1.9119213315448071,0.08610017571837858,-2.006359459238926,0.720064414662442,147.4,78.9,141.0,67.95,2.75,48.7,5.25,0.4,2.1
EC-Earth3,Hyderabad,20,-0.12429067635568458,-3.2095149639635814,-5.169777320739893,-0.9791896094056654,-2.629222927581857,0.37507909725945154,-2.8536527204887747,0.0003432702643983987,-2.039369463482693,0.996391244372532,40.55,2.45,43.35,6.2,0.1,0.9,1.2,0.0,0.0
EC-Earth3,Shimla,20,2.414808537269307,-0.5077583032936133,-0.7420302069872875,2.2728071057110766,0.20315814550495226,3.2941458278474816,-0.6490655853443954,1.5632876441783132,-1.0128679957310034,1.6059413991054257,0.0,0.0,0.0,0.0,0.0,0.0,0.0,0.0,0.0
EC-Earth3-Veg-LR,Kochi,20,0.28645624336032327,-1.7156825364235786,-2.859724412575872,-0.05908602298847043,-1.5524424078117676,0.1798230646003418,-1.2423723865627707,0.9911070178866908,-0.9132001957403588,1.3597327723992905,127.25,17.7,94.15,22.4,0.2,2.3,1.1,0.0,0.0
EC-Earth3-Veg-LR,Kolkata,19,0.42747202923393246,-2.158600567705914,-4.107378166832872,-0.20032708040709224,-1.7287362917563236,0.6317297116616452,-1.3763862745407245,0.5875738008376921,-1.7451660121881076,0.8496010623968502,192.26315789473685,130.1578947368421,173.55,100.94736842105263,4.2105263157894735,43.0,9.0,0.2631578947368421,2.25
EC-Earth3-Veg-LR,Bikaner,20,-0.17221351167823684,-4.278824482240687,-6.547253690024719,-1.0593632557595818,-4.052550042501931,0.32446602500295185,-2.1080413601897874,0.5220800616241803,-1.890431281209107,0.8522910965679991,129.55,34.05,128.7,60.45,1.95,44.85,6.95,0.0,1.3
EC-Earth3-Veg-LR,Lucknow,20,-0.21372145064693626,-3.7223618051430947,-5.510006523611398,-1.0423034672759481,-4.240724484288144,-0.09674255069439397,-1.8956534596881198,0.22682292733580667,-2.3100888217267226,0.25557421080501896,146.75,75.9,141.0,69.0,0.85,48.7,3.35,0.0,2.1
EC-Earth3-Veg-LR,Hyderabad,20,-0.08731564571791495,-3.1193337866152753,-5.251515983459621,-1.0305716742250013,-2.4648027997132047,0.40607255886833826,-2.7987289953606016,0.0874391030891104,-2.2021916337402594,0.8885021071044648,41.65,2.3,43.35,5.35,0.3,0.9,1.2,0.0,0.0
EC-Earth3-Veg-LR,Shimla,20,2.508516577689628,-0.44460865562581375,-1.0743928588122396,2.037106736829851,0.2661984020051964,3.411109214383126,-0.5433743431263771,1.7242454574412456,-0.76374728345073,1.7241130719264675,0.0,0.0,0.0,0.0,0.0,0.0,0.0,0.0,0.0
GFDL-CM4,Kochi,20,0.2818891075102812,-1.7036658695409201,-3.0620097977077094,-0.4226113182460409,-1.4077118398796387,0.30375876406323243,-1.3076360393642865,0.8638628314853243,-0.9922195324407994,1.2815235057366934,139.15,16.3,94.15,19.7,0.2,2.3,0.6,0.0,0.0
GFDL-CM4,Kolkata,17,0.3521111012857041,-2.345251219681117,-4.545613831200548,-0.2130279242181281,-1.740542779793433,0.5029455319741452,-1.218020071232619,0.7209100587722652,-1.5622052730523635,0.9574839054144348,189.1764705882353,132.23529411764707,173.55,103.47058823529412,6.352941176470588,43.0,9.411764705882353,0.4117647058823529,2.25
GFDL-CM4,Bikaner,20,-0.1732294739915332,-4.416196914338684,-6.592419419547424,-0.7314506390298448,-4.271357262960915,0.29257706321095966,-2.0514977238677616,0.6717004992462492,-2.0530543433429003,0.5769872940777567,126.0,39.15,128.7,66.15,1.05,44.85,5.75,0.0,1.3
GFDL-CM4,Lucknow,20,-0.16229712407686847,-3.777162626146943,-5.761794424536081,-0.8771352772735064,-4.362036625706601,-0.21208087619488225,-1.8329515668353338,0.3384443071881016,-1.878722759562411,0.9940699993792386,148.05,77.9,141.0,69.2,3.0,48.7,8.2,0.2,2.1
GFDL-CM4,Hyderabad,20,-0.18927644034966562,-3.3220919286162847,-5.979993413803248,-1.6240061987611334,-2.475202618133615,0.42547697018425623,-2.4921143103020036,0.1554815721137679,-2.0077883477600373,0.7501228766051966,49.95,1.35,43.35,5.15,0.0,0.9,0.7,0.0,0.0
GFDL-CM4,Shimla,20,2.4225563225958577,-0.5314383432195466,-1.3442649996966383,2.1531752907544126,0.2921574168977745,3.4260151439485558,-0.5450526191883895,1.6060869262522814,-0.7064356913486805,1.9309094891627936,0.0,0.0,0.0,0.0,0.0,0.0,0.0,0.0,0.0
GFDL-ESM4,Kochi,20,0.355030206839146,-1.6806127964417037,-3.0642531258021926,-0.2707856995021416,-1.4198597433220215,0.3520471094001465,-1.2681947399258071,0.9165067027926987,-1.0555906185614035,1.2410612025750716,143.2,16.7,94.15,21.2,0.15,2.3,0.7,0.0,0.0
GFDL-ESM4,Kolkata,19,0.3738067145987465,-2.2810841667973136,-4.372499436058947,-0.18372418276304714,-1.755893121590308,0.622881521354028,-1.251803030216994,0.7468757493850546,-1.5087604106866443,1.059794772723997,192.3684210526316,127.89473684210526,173.55,102.94736842105263,6.052631578947368,43.0,10.68421052631579,0.5263157894736842,2.25
GFDL-ESM4,Bikaner,20,-0.2493034670603862,-4.378997034845884,-6.353874430915221,-0.8545607426370232,-4.137130463949685,0.28683594382619404,-2.0192231915496492,0.5649786211944914,-2.0230860434771785,0.5336577881573454,121.85,39.2,128.7,63.6,0.7,44.85,4.85,0.0,1.3
GFDL-ESM4,Lucknow,20,-0.23174521864081044,-3.7713102480259657,-5.539711523535104,-0.9618803505919882,-4.029561917149472,0.00940044704730525,-1.840169450899058,0.266419103483269,-1.733663879710118,0.7711444698992658,144.65,76.65,141.0,70.05,3.55,48.7,6.15,0.05,2.1
GFDL-ESM4,Hyderabad,20,-0.16872667970101674,-3.274301255559589,-5.837237666961817,-1.5623108137818846,-2.487950382721017,0.44941991757195154,-2.6007696676628456,0.11136431213451203,-1.8220746941955746,1.3370328383056354,45.45,2.85,43.35,7.55,0.5,0.9,1.5,0.0,0.0
GFDL-ESM4,Shimla,20,2.3561609121822453,-0.5536362918157955,-1.0642228997439407,2.052826818159196,0.35752940710163195,3.3953421169099816,-0.6486482574635346,1.6519729659861717,-0.8431480708042471,1.6632074246486361,0.0,0.0,0.0,0.0,0.0,0.0,0.0,0.0,0.0
INM-CM4-8,Kochi,20,0.3286601444683228,-1.7278510737202382,-2.5480284553920356,0.14861852107891238,-1.4921434881340332,0.26937022188793946,-1.6645421672939733,0.5695886920810267,-1.4662762150274666,0.9620511928094437,128.7,7.9,94.15,12.45,0.1,2.3,0.3,0.0,0.0
INM-CM4-8,Kolkata,19,0.384590165221141,-2.234728285591082,-4.403668469109483,-0.4589269339227151,-2.1010393007895267,0.3969160214760983,-0.7534196989181652,1.0362558229324215,-0.24338462485900791,1.7631179080999786,187.10526315789474,123.6842105263158,173.55,108.47368421052632,17.68421052631579,43.0,15.31578947368421,2.0526315789473686,2.25
INM-CM4-8,Bikaner,20,-0.2786415834449194,-4.395354783966713,-6.842046437522277,-1.361258921882019,-4.251253808371072,0.13255051291799091,-2.305372025778162,0.36514761228335857,-2.3205768119097954,0.310781887888794,129.15,34.65,128.7,63.65,0.65,44.85,2.6,0.0,1.3
INM-CM4-8,Lucknow,20,-0.2516519279329721,-3.8025745205663632,-5.838635540487617,-1.131073856832833,-4.2400168579453705,-0.20814887698833928,-1.7328608724078443,0.25567415032775287,-2.0785419429120253,0.019495185536463566,145.75,79.35,141.0,76.4,1.3,48.7,1.8,0.0,2.1
INM-CM4-8,Hyderabad,20,-0.16663485864449257,-3.2648010008077044,-5.122204088089136,-0.9395178068849148,-2.670252857696603,0.3764476199034945,-2.551221423186526,-0.12339272979663463,-2.3642185159118903,0.40680347963254704,44.15,0.9,43.35,3.3,0.0,0.9,0.15,0.0,0.0
INM-CM4-8,Shimla,20,2.3605146352020174,-0.5793975839067667,-1.3853234446734453,1.7889729582577685,0.023185973721504993,3.151404624539376,-0.5229936554127512,1.5996345565623429,-0.8170828547397946,1.6669850621303226,0.0,0.0,0.0,0.0,0.0,0.0,0.0,0.0,0.0
INM-CM5-0,Kochi,20,0.2987312566960867,-1.7297261591590072,-2.577180753365667,0.06029254375347293,-1.4687098028312988,0.27339758852612306,-1.6730103183865026,0.5800263713717975,-1.5475063023077418,0.7453949466241419,123.9,7.95,94.15,12.75,0.1,2.3,0.3,0.0,0.0
INM-CM5-0,Kolkata,20,0.5346458386306097,-2.1133685027498856,-4.169410151162095,-0.1177659689568955,-2.0131973131796634,0.57399712956936,-0.8352682249191403,0.989514718806447,-0.9284584773980669,1.315302661517947,191.2,131.95,173.55,111.8,14.85,43.0,13.45,0.15,2.25
INM-CM5-0,Bikaner,20,-0.15342182474489974,-4.29371627472748,-6.46898048903595,-0.8511806347573856,-4.105587685934548,0.35321549094533466,-2.227573277761806,0.4660652377106054,-2.0398411284686304,0.5744900788067575,134.5,37.2,128.7,66.15,1.25,44.85,4.8,0.0,1.3
INM-CM5-0,Lucknow,20,-0.14480062863401955,-3.7066530461487694,-5.571890306951852,-0.8775258545897913,-4.1097373169297455,0.04864319149310603,-1.897420427461558,0.17495172295958739,-2.43832305558292,0.034211581868248686,151.1,81.85,141.0,77.25,0.15,48.7,1.85,0.0,2.1
INM-CM5-0,Hyderabad,20,-0.16562670548680103,-3.2399417875665435,-5.295776199218897,-1.1664180029603521,-2.575629292022775,0.49567026089470545,-2.788826231993898,-0.2907635260002479,-2.456695932904079,0.6899075941650104,37.85,0.9,43.35,4.35,0.0,0.9,0.35,0.0,0.0
INM-CM5-0,Shimla,20,2.504291523804417,-0.4797451430791728,-1.0616569674700758,2.2400835835247976,0.27951360281086046,3.500055556851388,-0.5753799392872665,1.6980383918589759,-0.9695860018650393,1.7994696507533732,0.0,0.0,0.0,0.0,0.0,0.0,0.0,0.0,0.0
IPSL-CM6A-LR,Kochi,20,0.4428570702194712,-1.595543680136707,-2.449144635811958,0.2256552833164598,-1.4166019918571777,0.3829299447883301,-1.345913093197293,0.697005016696508,-1.3119079861151164,0.6920142093194528,143.9,14.4,94.15,15.75,0.0,2.3,0.05,0.0,0.0
IPSL-CM6A-LR,Kolkata,20,0.5562651936886276,-2.1054393209585562,-4.356370991387315,-0.32357775560850754,-1.6512779101034916,0.812003721366235,-0.9709537641647472,0.937928281581101,-1.3445213855706761,1.1689822803533971,195.9,133.25,173.55,112.55,10.7,43.0,13.1,0.1,2.25
IPSL-CM6A-LR,Bikaner,20,-0.15024255708368983,-4.241231359324008,-6.620877204200134,-1.1946237423623653,-4.043324197165017,0.3160050264677956,-2.232308747579925,0.2737566210724225,-2.150378867268678,0.5703076065777601,135.15,36.35,128.7,66.8,0.95,44.85,4.5,0.0,1.3
IPSL-CM6A-LR,Lucknow,20,-0.05689578043075372,-3.605928089388101,-5.513229465963692,-0.9274399762175989,-4.27390472110455,-0.1693495910996674,-1.6451447698077466,0.6149215487042134,-0.9646505511578702,1.3916321026507212,151.95,81.45,141.0,77.85,8.0,48.7,11.45,0.4,2.1
IPSL-CM6A-LR,Hyderabad,20,-0.015146157882306,-3.145640671720564,-5.542418311950831,-1.289308666107324,-2.5262270550842985,0.5000771899108187,-2.424996714629401,0.27585157867504506,-2.079301485577421,0.8877660612670653,51.95,1.15,43.35,5.75,0.0,0.9,0.5,0.0,0.0
IPSL-CM6A-LR,Shimla,20,2.452303515945408,-0.47093983950352225,-1.505960861513044,2.0653937184124933,0.38624883230304796,3.5457613521394737,-0.6213571502857995,1.6687482879466202,-0.7073985018650362,1.703439892300004,0.0,0.0,0.0,0.0,0.0,0.0,0.0,0.0,0.0
MIROC6,Kochi,20,0.24456080860188933,-1.804162975021793,-2.5353535515224053,0.12007371364482822,-1.5850380422722168,0.15960707644116212,-1.8138456035732702,0.49573519934420673,-1.8259886631475872,0.569651462127073,116.8,4.1,94.15,10.85,0.0,2.3,0.0,0.0,0.0
MIROC6,Kolkata,20,0.2770286921516707,-2.3365471221085237,-4.108047979989001,-0.22299935213560573,-1.8746293886801517,0.5462585584023678,-1.6871488706710949,0.3736730440017553,-1.8858717884027065,0.6976643024481248,189.95,127.55,173.55,88.4,3.05,43.0,7.05,0.0,2.25
MIROC6,Bikaner,20,-0.28617839612269336,-4.378679538319155,-6.4383181431497185,-1.143171296378478,-4.267263139120583,0.19017151511525654,-2.3444807789825113,0.3593322016693463,-2.3221778403521753,0.46779993903625083,129.15,31.6,128.7,57.6,0.85,44.85,3.7,0.0,1.3
MIROC6,Lucknow,20,-0.3333917865994849,-3.8473426500718872,-5.62307634401545,-1.1187664513610311,-4.300458828770566,-0.15706245120708928,-2.1811899396380703,-0.06616708960144635,-2.6831048548993266,-0.04634194977847983,145.35,74.65,141.0,60.5,0.05,48.7,1.9,0.0,2.1
MIROC6,Hyderabad,20,-0.2967805962794401,-3.421523997238559,-5.362062715408474,-1.2078690756532247,-2.6436405758972867,0.3301524538878695,-3.216496138610111,-0.3997520971672408,-3.292847914257841,-0.13006524519045826,31.95,0.1,43.35,0.85,0.0,0.9,0.05,0.0,0.0
MIROC6,Shimla,20,2.2107922350494977,-0.6831083280141907,-0.950075498887923,1.812560924223039,0.12842059667682726,3.261488204556466,-1.0365479423695412,1.2257564590281653,-1.486483890048632,1.078930443294876,0.0,0.0,0.0,0.0,0.0,0.0,0.0,0.0,0.0
MPI-ESM1-2-HR,Kochi,20,0.2794484749122397,-1.753523444160578,-2.8041696411525336,-0.06177614750018989,-1.58559975644458,0.15688528994213868,-1.093699519741481,1.0784006427646204,-0.8240745815740986,1.4793577876580812,117.65,20.8,94.15,24.55,0.4,2.3,1.15,0.0,0.0
MPI-ESM1-2-HR,Kolkata,19,0.3318586676085076,-2.2779140224198535,-3.932526463189074,0.01547167905335911,-1.8466504915854252,0.5778547421792233,-1.4560184614303715,0.5960708482620092,-1.8090426982842978,0.7777396427191121,190.10526315789474,131.0,173.55,92.94736842105263,3.8421052631578947,43.0,8.526315789473685,0.05263157894736842,2.25
MPI-ESM1-2-HR,Bikaner,20,-0.22231167081997327,-4.3571487751225355,-6.277690205832824,-0.7805922367776486,-4.430440629354958,0.014592444070334665,-2.0659602902434955,0.5212029673553822,-2.0017519103289807,0.5218506134747294,131.8,36.8,128.7,64.5,1.15,44.85,4.4,0.0,1.3
MPI-ESM1-2-HR,Lucknow,20,-0.2433645431943141,-3.77752804938865,-5.51468977976069,-0.849385166647286,-4.359553257786679,-0.1955155533189057,-1.9234854909381163,0.15228507790953927,-2.3753260196026993,0.013381560963708239,142.65,76.55,141.0,70.8,0.3,48.7,1.65,0.0,2.1
MPI-ESM1-2-HR,Hyderabad,20,-0.1897576405025454,-3.301399272739392,-5.622857116577297,-1.2622319449159178,-2.562192020904611,0.44591134976189295,-2.881600813903077,-0.10707240585254496,-2.665065931835965,0.4532749991027565,43.2,0.4,43.35,3.4,0.0,0.9,0.1,0.0,0.0
MPI-ESM1-2-HR,Shimla,20,2.4308079921987105,-0.5404126440180352,-0.9629991448611284,2.2866898381024336,0.2098763042268761,3.437680488186837,-0.6470507576161211,1.5474033401316802,-0.999461413852341,1.4205469594081634,0.0,0.0,0.0,0.0,0.0,0.0,0.0,0.0,0.0
MPI-ESM1-2-LR,Kochi,20,0.30470241016439203,-1.7305749609155647,-2.998037610665474,-0.1591192108546835,-1.5359257223259277,0.19114603975903321,-1.175151126491972,1.0661667178988985,-0.6651945766912881,1.5514515796197514,121.7,19.45,94.15,25.25,0.6,2.3,1.65,0.0,0.0
MPI-ESM1-2-LR,Kolkata,20,0.37073456524912984,-2.2572051094418484,-4.1282527147912464,-0.212578266777939,-1.8341163500448978,0.6863514081338131,-1.2825595037582538,0.5217964036819325,-1.4992420543633997,1.025344813922743,191.65,123.8,173.55,94.2,6.4,43.0,8.15,0.15,2.25
MPI-ESM1-2-LR,Bikaner,20,-0.2714284212448277,-4.402315202607465,-6.385903487464294,-0.9278571465219105,-4.239908898703103,0.21924046195363545,-2.4147017262481363,0.29610559720767426,-2.507384768605352,0.10284785163390708,131.5,31.8,128.7,63.8,0.1,44.85,1.2,0.0,1.3
MPI-ESM1-2-LR,Lucknow,20,-0.24620116991343366,-3.7675147780307334,-5.7874542717956015,-1.1910340313933805,-4.381366650425839,-0.17372123416607366,-1.686764642854623,0.330139806608269,-1.6930504191693494,0.41007936827572067,148.1,70.65,141.0,67.7,3.9,48.7,4.6,0.0,2.1
MPI-ESM1-2-LR,Hyderabad,20,-0.15967458676997381,-3.2423151305704856,-5.433490442154078,-1.178870033142239,-2.446689663421701,0.4982394595031039,-2.945563368834719,-0.24192214492724773,-2.943504156628446,0.18592638536374295,42.35,0.0,43.35,2.3,0.0,0.9,0.0,0.0,0.0
MPI-ESM1-2-LR,Shimla,20,2.349990778340066,-0.5902009890410049,-1.2921190179080035,2.028975757291886,0.11067224081134874,3.3315279537019737,-0.585987086504062,1.7010003135508711,-0.8328722872654275,1.760848530300489,0.0,0.0,0.0,0.0,0.0,0.0,0.0,0.0,0.0
MRI-ESM2-0,Kochi,20,0.3848670329023278,-1.702868206936575,-2.808685956612738,-0.06519516529193936,-1.4636915685783691,0.30986800173413087,-1.4571373630642377,0.9599252056003138,-1.3226969036566167,1.3589391246331815,138.3,11.6,94.15,22.65,0.15,2.3,1.05,0.0,0.0
MRI-ESM2-0,Kolkata,18,0.299831458649674,-2.279002187703668,-4.087215822853992,-0.21698414675230637,-1.9700168474814213,0.4497181073525631,-1.560884966099561,0.4486631257888689,-1.7944137729608123,0.6912462650335698,187.83333333333334,130.33333333333334,173.55,90.33333333333333,3.888888888888889,43.0,6.166666666666667,0.2777777777777778,2.25
MRI-ESM2-0,Bikaner,20,-0.2670437556903096,-4.362364974755728,-6.454822478553162,-1.124938569327698,-4.326982224813943,0.08065918601369404,-2.326452615072597,0.47112991590274333,-2.0362948905230738,0.6088774002789314,128.4,32.2,128.7,61.45,1.55,44.85,4.8,0.0,1.3
MRI-ESM2-0,Lucknow,20,-0.24751271851879153,-3.7506040733134896,-5.7083533291839075,-1.0700178627990198,-4.30037013705914,-0.22407905276958928,-1.8079838010272304,0.4476178911724773,-0.8753379977521121,1.6150018154803156,140.9,80.2,141.0,69.45,6.8,48.7,11.0,1.2,2.1
MRI-ESM2-0,Hyderabad,20,-0.1946152613688774,-3.297476905904727,-5.644598459121852,-1.375568794128565,-2.894070683013986,0.20886892269890467,-3.0173167753593795,-0.1417039442436554,-2.134862341442897,1.0550097517577868,36.65,1.85,43.35,5.65,0.2,0.9,0.9,0.0,0.0
MRI-ESM2-0,Shimla,20,2.346747204207409,-0.58562812792192,-1.2204139388293287,2.018057521513078,0.2034866863069542,3.3799803310213097,-0.5969908668690529,1.6869578407115107,-0.3668542590061499,2.1270896802028325,0.0,0.0,0.0,0.0,0.0,0.0,0.0,0.0,0.0
NorESM2-LM,Kochi,20,0.30681449725737764,-1.7268464468059932,-2.603905950204048,-0.048696694985540745,-1.5187691213737793,0.2560817239631348,-1.369350593197293,0.6705137561679422,-1.2316125568853735,0.9029742351068109,128.75,13.7,94.15,15.7,0.05,2.3,0.2,0.0,0.0
NorESM2-LM,Kolkata,20,0.4424295651007206,-2.187467350152172,-3.907900780358263,-0.027818173088977716,-1.7476343020102298,0.7451378003457272,-1.4672197477462916,0.604077611720264,-0.6614018978082257,1.642113536456911,194.15,131.1,173.55,90.65,8.55,43.0,10.15,1.05,2.25
NorESM2-LM,Bikaner,20,-0.08055629385557239,-4.1420083741282205,-6.728522978087768,-1.2971641876901234,-3.7413642057099388,0.576046263345237,-1.9224720738433518,0.6165264346100194,-1.7508232985736107,0.7405580414532444,135.2,42.45,128.7,68.05,2.0,44.85,6.9,0.0,1.3
NorESM2-LM,Lucknow,20,-0.11616190975463425,-3.654496175163086,-5.82847504663691,-1.3545601849578333,-3.907850186192441,0.12131508175189509,-1.794277975221565,0.4898436335125673,-1.1549685633954176,1.4160747372332416,149.95,77.95,141.0,66.6,6.35,48.7,9.65,0.45,2.1
NorESM2-LM,Hyderabad,20,-0.11606802284913087,-3.2271070660404924,-5.219194244262843,-1.066155837890772,-2.4284678082581266,0.5053672213439242,-2.807056860961186,0.12892488952709868,-2.22201297239382,0.8007924131957722,44.3,1.7,43.35,5.05,0.0,0.9,0.15,0.0,0.0
NorESM2-LM,Shimla,20,2.4379574348126507,-0.4904546642189018,-1.0075158990115192,1.9667462193280203,0.37845206792926867,3.5039494090852745,-0.49166707536514664,1.897429089338221,-0.32592385434306337,2.0342933354457564,0.0,0.0,0.0,0.0,0.0,0.0,0.0,0.0,0.0
NorESM2-MM,Kochi,20,0.2881677875017026,-1.7468230295291143,-3.32656172336689,-0.5956533295070265,-1.5384729864250488,0.22650446871411134,-1.0514488865017348,1.2240448306918665,-0.3874685368048105,1.8715979877008024,126.1,21.75,94.15,27.95,1.15,2.3,2.35,0.2,0.0
NorESM2-MM,Kolkata,18,0.4451368791057213,-2.1991344816516047,-4.17724701754088,0.010972625098279565,-1.7383674486777103,0.6287132397988522,-1.555942358219923,0.5264458520767086,-1.6042599452935775,1.0203997455633598,193.16666666666666,130.16666666666666,173.55,90.27777777777777,4.833333333333333,43.0,8.666666666666666,0.6666666666666666,2.25
NorESM2-MM,Bikaner,20,-0.03749781348830439,-4.107564139381445,-6.585772142669066,-0.978929314872131,-3.7172715314545677,0.5511896959624245,-1.9532228253387132,0.6321393229461982,-1.4712889205218502,0.9215199173687729,132.35,39.5,128.7,63.2,4.35,44.85,7.9,0.0,1.3
NorESM2-MM,Lucknow,20,-0.07036588982164105,-3.581994692003562,-5.663051319601388,-0.9318783764861536,-3.91680137332623,0.100030024684024,-1.8931317540606756,0.16250770364196043,-1.661086937266269,0.8322455441180061,152.0,70.05,141.0,60.65,3.85,48.7,5.95,0.5,2.1
NorESM2-MM,Hyderabad,20,-0.2281064341594039,-3.357141908727602,-6.006102489349512,-1.5444086302491726,-2.643802700531076,0.3270367998961703,-2.7664253759758317,-0.03612695220874329,-2.40149619535525,0.4882865576354689,38.95,0.8,43.35,3.5,0.0,0.9,0.1,0.0,0.0
NorESM2-MM,Shimla,20,2.6094428532042055,-0.3388988770899566,-0.5492114222735429,2.6919604145794844,0.4742243343172081,3.569521194058419,-0.9013844444447372,1.4658005760020423,-1.3149330630222629,1.4719808468898457,0.0,0.0,0.0,0.0,0.0,0.0,0.0,0.0,0.0
TaiESM1,Kochi,20,1.3242309611354344,0.46115130926366277,-0.5920640808497986,0.37783185420879306,0.4470044610847168,1.2873679635871582,1.581170780551485,2.4121024440646686,2.1199067988885467,2.935578319121703,238.6,161.95,94.15,74.5,40.55,2.3,11.6,3.35,0.0
TaiESM1,Kolkata,19,1.7287623797374465,0.9443178130808967,-0.36069676271910467,0.7823992074347039,1.135687460074731,1.8242078915932858,1.6551950319167972,2.2065687044021516,2.2434622989691206,2.7593409763372776,221.73684210526315,207.05263157894737,173.55,163.89473684210526,123.84210526315789,43.0,42.63157894736842,25.0,2.25
TaiESM1,Bikaner,20,0.9338905040623935,-0.6113027974830345,-2.898519501944884,-0.8580724098886101,0.04021290458058857,1.7574227205595925,1.1426723696686096,1.9816269137359939,1.66364241492737,2.513657482981568,165.75,129.75,128.7,108.8,71.4,44.85,36.95,16.4,1.3
TaiESM1,Lucknow,20,1.1181966072667144,-0.0621576746339656,-1.4879088406585161,-0.24840636301264318,-0.27838317569439397,1.3265419799452545,0.8852981356182781,1.6019406107464533,1.530391639393887,2.1781358563128315,177.6,150.75,141.0,127.2,89.05,48.7,30.8,12.4,2.1
TaiESM1,Hyderabad,20,0.8999402717920262,-0.2782156655334376,-1.7803557623597683,-0.5334611166688497,0.07351583431999842,1.2787770647887484,0.1737881135566397,1.235576291046872,0.9283297209350287,1.9533017401305877,113.8,52.25,43.35,18.95,5.9,0.9,1.7,0.45,0.0
TaiESM1,Shimla,20,3.577207962775896,2.7318411554653483,2.2840801560193045,2.87260354392824,3.6401236110506066,4.68248105581379,2.140050701887052,3.0325676963633654,2.1261651311000556,3.195397614010208,0.05,0.0,0.0,0.0,0.0,0.0,0.0,0.0,0.0
