site,reference,candidate,n_days,bias_c,median_abs_bias_c,rmse_c,pearson_r,p99_bias_c,days_ge_28_ref,days_ge_28_cand,days_ge_30_ref,days_ge_30_cand,days_ge_32_ref,days_ge_32_cand
Kochi,liljegren_daily_max,"irt_swbgt_hourly_max [outdoor, formula only]",3651,0.9268256455774758,1.8054728292114355,2.2826590560706004,0.41029179079982014,-6.119421015276644,3595,3651,3272,3633,2113,3107
Kochi,liljegren_daily_max,"irt_swbgt_daily_mean_in [outdoor, AS DEPLOYED]",3651,-1.3853843750487909,1.4144102737168502,2.407260921270577,0.47852297495745,-8.126839219873473,3595,3613,3272,3103,2113,776
Kochi,bernard_daily_max,"irt_shade_hourly_max [shade, formula only]",3651,-0.03688204887880289,0.052754613506238,0.0675418004223772,0.9984749713752114,-0.004618786915631425,1275,1213,52,53,0,0
Kochi,bernard_daily_max,"irt_shade_daily_mean_in [shade, AS DEPLOYED]",3651,-2.0999808246477665,2.0937487274279576,2.1517600829900703,0.8880788543274171,-2.7634095256302076,1275,11,52,0,0,0
Kochi,liljegren_daily_max,irt_shade_daily_mean_in [shade vs outdoor reference],3651,-6.908414628210839,6.751132454982418,7.167154762456976,0.5319075500988534,-13.776603469089258,3595,11,3272,0,2113,0
Kolkata,liljegren_daily_max,"irt_swbgt_hourly_max [outdoor, formula only]",3651,1.7707228161949755,2.114167429857112,2.7613136910382963,0.9140880907887646,-0.6884639768015799,2673,2674,2256,2451,1439,2152
Kolkata,liljegren_daily_max,"irt_swbgt_daily_mean_in [outdoor, AS DEPLOYED]",3651,-0.49717863861288675,1.843572532314866,2.5001369103430773,0.9059732453298966,-2.889106874673162,2673,2451,2256,2178,1439,1823
Kolkata,bernard_daily_max,"irt_shade_hourly_max [shade, formula only]",3651,-0.060243806099527966,0.06392570030488187,0.09329627168812095,0.9999113524970656,0.05216439885803149,1801,1777,552,535,39,42
Kolkata,bernard_daily_max,"irt_shade_daily_mean_in [shade, AS DEPLOYED]",3651,-2.218629873804808,2.0266448256335465,2.3738744494376496,0.9895731170728487,-2.2750433852695773,1801,614,552,39,39,0
Kolkata,liljegren_daily_max,irt_shade_daily_mean_in [shade vs outdoor reference],3651,-5.9480559443152075,5.802749954868876,6.235629208254425,0.9118887524632178,-9.170295421431385,2673,614,2256,39,1439,0
Bikaner,liljegren_daily_max,"irt_swbgt_hourly_max [outdoor, formula only]",3651,0.864765581654156,1.7385984616866423,2.216212536080792,0.9546265563308403,0.33247496305754676,2069,2045,1597,1749,897,1420
Bikaner,liljegren_daily_max,"irt_swbgt_daily_mean_in [outdoor, AS DEPLOYED]",3651,-1.9268299918619056,2.098551037943537,3.2451229583650396,0.9422163588479705,-1.9270710859080848,2069,1629,1597,1348,897,980
Bikaner,bernard_daily_max,"irt_shade_hourly_max [shade, formula only]",3651,-0.17092769829204293,0.15650948338353032,0.27893927186464473,0.9994993471947002,0.07834948212851917,1296,1270,512,528,18,24
Bikaner,bernard_daily_max,"irt_shade_daily_mean_in [shade, AS DEPLOYED]",3651,-2.952087484786701,2.793966818868334,3.151862570743242,0.9923778726978282,-2.1520265874365547,1296,548,512,21,18,0
Bikaner,liljegren_daily_max,irt_shade_daily_mean_in [shade vs outdoor reference],3651,-6.670860019324149,6.332690074440794,7.050061907915878,0.9495709086296594,-7.594854093887065,2069,548,1597,21,897,0
Lucknow,liljegren_daily_max,"irt_swbgt_hourly_max [outdoor, formula only]",3651,1.1114859418162908,1.5408673438914775,2.366282185938007,0.9401989673350803,0.35998540674278756,2231,2286,1815,1974,1218,1698
Lucknow,liljegren_daily_max,"irt_swbgt_daily_mean_in [outdoor, AS DEPLOYED]",3651,-1.9684091294684591,2.483218845643208,3.365636268682501,0.9178956186119934,-2.641815486214149,2231,1783,1815,1536,1218,1173
Lucknow,bernard_daily_max,"irt_shade_hourly_max [shade, formula only]",3651,-0.08891018115363232,0.08478050725004849,0.14414991457489917,0.9998678193554338,0.08356627014771863,1441,1411,509,508,30,35
Lucknow,bernard_daily_max,"irt_shade_daily_mean_in [shade, AS DEPLOYED]",3651,-3.0684784156523683,3.0291544945742714,3.271725024152133,0.9896359240775795,-2.525261307283449,1441,468,509,12,30,0
Lucknow,liljegren_daily_max,irt_shade_daily_mean_in [shade vs outdoor reference],3651,-6.968643915720208,6.8964236689879215,7.3154731419011885,0.9280217270043951,-8.543983831229186,2231,468,1815,12,1218,0
Hyderabad,liljegren_daily_max,"irt_swbgt_hourly_max [outdoor, formula only]",3651,1.2140191712550534,1.4266610759703866,2.0174134181236396,0.8253431907162821,-1.8846853192977906,2262,2755,1205,2145,511,1033
Hyderabad,liljegren_daily_max,"irt_swbgt_daily_mean_in [outdoor, AS DEPLOYED]",3651,-1.5165305482213336,1.8349786601838893,2.6334255493029795,0.7301841670252361,-4.97916891689458,2262,2019,1205,732,511,62
Hyderabad,bernard_daily_max,"irt_shade_hourly_max [shade, formula only]",3651,-0.060936338594075004,0.07110607974810534,0.10265549033217189,0.9995922447423705,0.049948052170377254,499,496,14,18,0,0
Hyderabad,bernard_daily_max,"irt_shade_daily_mean_in [shade, AS DEPLOYED]",3651,-2.711740749581108,2.6041172389515665,2.8394220909648635,0.9605197295211925,-2.905239686000732,499,2,14,0,0,0
Hyderabad,liljegren_daily_max,irt_shade_daily_mean_in [shade vs outdoor reference],3651,-6.226103144370866,6.191010793199503,6.512072670583575,0.7581286546807536,-9.88498860997877,2262,2,1205,0,511,0
Shimla,liljegren_daily_max,"irt_swbgt_hourly_max [outdoor, formula only]",3651,-0.3455186338880007,0.7063599748202272,1.6187655426705916,0.9484919131768108,-2.0692883390602406,15,19,1,0,0,0
Shimla,liljegren_daily_max,"irt_swbgt_daily_mean_in [outdoor, AS DEPLOYED]",3651,-3.4478810383873735,3.2780121979494403,3.996061304873885,0.9257933760407118,-5.972460461460127,15,0,1,0,0,0
Shimla,bernard_daily_max,"irt_shade_hourly_max [shade, formula only]",3651,-0.2569720945520606,0.253438271212989,0.2786965875146193,0.9999581868166747,-0.09213798872140454,0,0,0,0,0,0
Shimla,bernard_daily_max,"irt_shade_daily_mean_in [shade, AS DEPLOYED]",3651,-3.6411387829882584,3.5574334785201334,3.8238249793596792,0.9878447800467449,-3.5626546496289633,0,0,0,0,0,0
Shimla,liljegren_daily_max,irt_shade_daily_mean_in [shade vs outdoor reference],3651,-8.36267447330889,8.055867279170077,8.70109938458546,0.9267323597094499,-10.476724135081744,15,0,1,0,0,0
