model,scenario,var,required,missing_years,bytes
ACCESS-CM2,historical,tas,21,[],200221671
ACCESS-CM2,historical,tasmax,21,[],200848402
ACCESS-CM2,historical,hurs,21,[],237887141
ACCESS-CM2,ssp245,tas,61,[],581390862
ACCESS-CM2,ssp245,tasmax,61,[],583647531
ACCESS-CM2,ssp245,hurs,61,[],689359939
ACCESS-CM2,ssp585,tas,61,[],581441563
ACCESS-CM2,ssp585,tasmax,61,[],583739356
ACCESS-CM2,ssp585,hurs,61,[],689432916
ACCESS-ESM1-5,historical,tas,21,[],200237343
ACCESS-ESM1-5,historical,tasmax,21,[],200974395
ACCESS-ESM1-5,historical,hurs,21,[],237645988
ACCESS-ESM1-5,ssp245,tas,61,[],581469546
ACCESS-ESM1-5,ssp245,tasmax,61,[],583977364
ACCESS-ESM1-5,ssp245,hurs,61,[],690392429
ACCESS-ESM1-5,ssp585,tas,61,[],581461939
ACCESS-ESM1-5,ssp585,tasmax,61,[],584011309
ACCESS-ESM1-5,ssp585,hurs,61,[],690029757
BCC-CSM2-MR,historical,tas,21,[],200192102
BCC-CSM2-MR,historical,tasmax,21,[],200720206
BCC-CSM2-MR,historical,hurs,21,"[1990, 1991, 1992, 1993, 1994, 1995, 1996, 1997, 1998, 1999, 2000, 2001, 2002, 2003, 2004, 2005, 2006, 2007, 2008, 2009, 2010]",0
BCC-CSM2-MR,ssp245,tas,61,[],581162481
BCC-CSM2-MR,ssp245,tasmax,61,[],583069578
BCC-CSM2-MR,ssp245,hurs,61,"[2020, 2021, 2022, 2023, 2024, 2025, 2026, 2027, 2028, 2029, 2030, 2031, 2032, 2033, 2034, 2035, 2036, 2037, 2038, 2039, 2040, 2041, 2042, 2043, 2044, 2045, 2046, 2047, 2048, 2049, 2050, 2051, 2052, 2053, 2054, 2055, 2056, 2057, 2058, 2059, 2060, 2061, 2062, 2063, 2064, 2065, 2066, 2067, 2068, 2069, 2070, 2071, 2072, 2073, 2074, 2075, 2076, 2077, 2078, 2079, 2080]",0
BCC-CSM2-MR,ssp585,tas,61,[],581067628
BCC-CSM2-MR,ssp585,tasmax,61,[],583060781
BCC-CSM2-MR,ssp585,hurs,61,"[2020, 2021, 2022, 2023, 2024, 2025, 2026, 2027, 2028, 2029, 2030, 2031, 2032, 2033, 2034, 2035, 2036, 2037, 2038, 2039, 2040, 2041, 2042, 2043, 2044, 2045, 2046, 2047, 2048, 2049, 2050, 2051, 2052, 2053, 2054, 2055, 2056, 2057, 2058, 2059, 2060, 2061, 2062, 2063, 2064, 2065, 2066, 2067, 2068, 2069, 2070, 2071, 2072, 2073, 2074, 2075, 2076, 2077, 2078, 2079, 2080]",0
CMCC-CM2-SR5,historical,tas,21,[],200361166
CMCC-CM2-SR5,historical,tasmax,21,[],200921218
CMCC-CM2-SR5,historical,hurs,21,[],238253030
CMCC-CM2-SR5,ssp245,tas,61,[],582144403
CMCC-CM2-SR5,ssp245,tasmax,61,[],583839174
CMCC-CM2-SR5,ssp245,hurs,61,[],690664613
CMCC-CM2-SR5,ssp585,tas,61,[],582284609
CMCC-CM2-SR5,ssp585,tasmax,61,[],583981009
CMCC-CM2-SR5,ssp585,hurs,61,[],691058031
CMCC-ESM2,historical,tas,21,[],200295770
CMCC-ESM2,historical,tasmax,21,[],200852473
CMCC-ESM2,historical,hurs,21,[],238006973
CMCC-ESM2,ssp245,tas,61,[],581672593
CMCC-ESM2,ssp245,tasmax,61,[],583579645
CMCC-ESM2,ssp245,hurs,61,[],691504205
CMCC-ESM2,ssp585,tas,61,[],581667151
CMCC-ESM2,ssp585,tasmax,61,[],583636044
CMCC-ESM2,ssp585,hurs,61,[],692415580
CanESM5,historical,tas,21,[],199883113
CanESM5,historical,tasmax,21,[],200513846
CanESM5,historical,hurs,21,[],235563369
CanESM5,ssp245,tas,61,[],580485937
CanESM5,ssp245,tasmax,61,[],582982449
CanESM5,ssp245,hurs,61,[],683707079
CanESM5,ssp585,tas,61,[],580605741
CanESM5,ssp585,tasmax,61,[],583281944
CanESM5,ssp585,hurs,61,[],682631174
EC-Earth3,historical,tas,21,[],200596726
EC-Earth3,historical,tasmax,21,[],201028569
EC-Earth3,historical,hurs,21,[],241202996
EC-Earth3,ssp245,tas,61,[],582174280
EC-Earth3,ssp245,tasmax,61,[],583871531
EC-Earth3,ssp245,hurs,61,[],697646914
EC-Earth3,ssp585,tas,61,[],582166264
EC-Earth3,ssp585,tasmax,61,[],583924727
EC-Earth3,ssp585,hurs,61,[],697175872
EC-Earth3-Veg-LR,historical,tas,21,[],200372649
EC-Earth3-Veg-LR,historical,tasmax,21,[],200843317
EC-Earth3-Veg-LR,historical,hurs,21,[],238963566
EC-Earth3-Veg-LR,ssp245,tas,61,[],581663749
EC-Earth3-Veg-LR,ssp245,tasmax,61,[],583411106
EC-Earth3-Veg-LR,ssp245,hurs,61,[],692058860
EC-Earth3-Veg-LR,ssp585,tas,61,[],581556695
EC-Earth3-Veg-LR,ssp585,tasmax,61,[],583396350
EC-Earth3-Veg-LR,ssp585,hurs,61,[],691473987
GFDL-CM4,historical,tas,21,[],200420094
GFDL-CM4,historical,tasmax,21,[],200762709
GFDL-CM4,historical,hurs,21,[],238904205
GFDL-CM4,ssp245,tas,61,[],581695414
GFDL-CM4,ssp245,tasmax,61,[],583349407
GFDL-CM4,ssp245,hurs,61,[],692550071
GFDL-CM4,ssp585,tas,61,[],581381006
GFDL-CM4,ssp585,tasmax,61,[],583328916
GFDL-CM4,ssp585,hurs,61,[],692643317
GFDL-ESM4,historical,tas,21,[],200337420
GFDL-ESM4,historical,tasmax,21,[],200788495
GFDL-ESM4,historical,hurs,21,[],239245587
GFDL-ESM4,ssp245,tas,61,[],581499759
GFDL-ESM4,ssp245,tasmax,61,[],583395533
GFDL-ESM4,ssp245,hurs,61,[],694179342
GFDL-ESM4,ssp585,tas,61,[],581421250
GFDL-ESM4,ssp585,tasmax,61,[],583431980
GFDL-ESM4,ssp585,hurs,61,[],694712382
IITM-ESM,historical,tas,21,[],200363626
IITM-ESM,historical,tasmax,21,"[1990, 1991, 1992, 1993, 1994, 1995, 1996, 1997, 1998, 1999, 2000, 2001, 2002, 2003, 2004, 2005, 2006, 2007, 2008, 2009, 2010]",0
IITM-ESM,historical,hurs,21,[],235704365
IITM-ESM,ssp245,tas,61,[],581806750
IITM-ESM,ssp245,tasmax,61,"[2020, 2021, 2022, 2023, 2024, 2025, 2026, 2027, 2028, 2029, 2030, 2031, 2032, 2033, 2034, 2035, 2036, 2037, 2038, 2039, 2040, 2041, 2042, 2043, 2044, 2045, 2046, 2047, 2048, 2049, 2050, 2051, 2052, 2053, 2054, 2055, 2056, 2057, 2058, 2059, 2060, 2061, 2062, 2063, 2064, 2065, 2066, 2067, 2068, 2069, 2070, 2071, 2072, 2073, 2074, 2075, 2076, 2077, 2078, 2079, 2080]",0
IITM-ESM,ssp245,hurs,61,[],684903277
IITM-ESM,ssp585,tas,61,[],581710698
IITM-ESM,ssp585,tasmax,61,"[2020, 2021, 2022, 2023, 2024, 2025, 2026, 2027, 2028, 2029, 2030, 2031, 2032, 2033, 2034, 2035, 2036, 2037, 2038, 2039, 2040, 2041, 2042, 2043, 2044, 2045, 2046, 2047, 2048, 2049, 2050, 2051, 2052, 2053, 2054, 2055, 2056, 2057, 2058, 2059, 2060, 2061, 2062, 2063, 2064, 2065, 2066, 2067, 2068, 2069, 2070, 2071, 2072, 2073, 2074, 2075, 2076, 2077, 2078, 2079, 2080]",0
IITM-ESM,ssp585,hurs,61,[],684014666
INM-CM4-8,historical,tas,21,[],200065553
INM-CM4-8,historical,tasmax,21,[],200649840
INM-CM4-8,historical,hurs,21,[],235635339
INM-CM4-8,ssp245,tas,61,[],580820651
INM-CM4-8,ssp245,tasmax,61,[],582912525
INM-CM4-8,ssp245,hurs,61,[],683882942
INM-CM4-8,ssp585,tas,61,[],580793661
INM-CM4-8,ssp585,tasmax,61,[],582966540
INM-CM4-8,ssp585,hurs,61,[],683810530
INM-CM5-0,historical,tas,21,[],200064502
INM-CM5-0,historical,tasmax,21,[],200620124
INM-CM5-0,historical,hurs,21,[],235687209
INM-CM5-0,ssp245,tas,61,[],580803355
INM-CM5-0,ssp245,tasmax,61,[],582807572
INM-CM5-0,ssp245,hurs,61,[],684528688
INM-CM5-0,ssp585,tas,61,[],580785055
INM-CM5-0,ssp585,tasmax,61,[],582868232
INM-CM5-0,ssp585,hurs,61,[],683800076
IPSL-CM6A-LR,historical,tas,21,[],200223876
IPSL-CM6A-LR,historical,tasmax,21,[],200740381
IPSL-CM6A-LR,historical,hurs,21,[],235165494
IPSL-CM6A-LR,ssp245,tas,61,[],581388403
IPSL-CM6A-LR,ssp245,tasmax,61,[],583282653
IPSL-CM6A-LR,ssp245,hurs,61,[],682865182
IPSL-CM6A-LR,ssp585,tas,61,[],581345454
IPSL-CM6A-LR,ssp585,tasmax,61,[],583414471
IPSL-CM6A-LR,ssp585,hurs,61,[],683585444
KACE-1-0-G,historical,tas,21,[],197390949
KACE-1-0-G,historical,tasmax,21,[],197980961
KACE-1-0-G,historical,hurs,21,[],234590143
KACE-1-0-G,ssp245,tas,61,[],574436051
KACE-1-0-G,ssp245,tasmax,61,[],575909666
KACE-1-0-G,ssp245,hurs,61,[],681388017
KACE-1-0-G,ssp585,tas,61,[],574286356
KACE-1-0-G,ssp585,tasmax,61,[],575986148
KACE-1-0-G,ssp585,hurs,61,[],681853769
KIOST-ESM,historical,tas,21,[],199883232
KIOST-ESM,historical,tasmax,21,[],200715293
KIOST-ESM,historical,hurs,21,[],235493465
KIOST-ESM,ssp245,tas,61,[],581123645
KIOST-ESM,ssp245,tasmax,61,[],584020663
KIOST-ESM,ssp245,hurs,61,[2058],672119587
KIOST-ESM,ssp585,tas,61,[],581163840
KIOST-ESM,ssp585,tasmax,61,[],584206507
KIOST-ESM,ssp585,hurs,61,[],683559331
MIROC6,historical,tas,21,[],200231951
MIROC6,historical,tasmax,21,[],201042580
MIROC6,historical,hurs,21,[],237582747
MIROC6,ssp245,tas,61,[],581312279
MIROC6,ssp245,tasmax,61,[],584244056
MIROC6,ssp245,hurs,61,[],691221945
MIROC6,ssp585,tas,61,[],581301780
MIROC6,ssp585,tasmax,61,[],584356259
MIROC6,ssp585,hurs,61,[],691461948
MPI-ESM1-2-HR,historical,tas,21,[],200443005
MPI-ESM1-2-HR,historical,tasmax,21,[],201076558
MPI-ESM1-2-HR,historical,hurs,21,[],240268335
MPI-ESM1-2-HR,ssp245,tas,61,[],581905869
MPI-ESM1-2-HR,ssp245,tasmax,61,[],584021520
MPI-ESM1-2-HR,ssp245,hurs,61,[],697034190
MPI-ESM1-2-HR,ssp585,tas,61,[],581861709
MPI-ESM1-2-HR,ssp585,tasmax,61,[],583964556
MPI-ESM1-2-HR,ssp585,hurs,61,[],696093098
MPI-ESM1-2-LR,historical,tas,21,[],200098089
MPI-ESM1-2-LR,historical,tasmax,21,[],200691425
MPI-ESM1-2-LR,historical,hurs,21,[],236276482
MPI-ESM1-2-LR,ssp245,tas,61,[],580789710
MPI-ESM1-2-LR,ssp245,tasmax,61,[],582872702
MPI-ESM1-2-LR,ssp245,hurs,61,[],685654802
MPI-ESM1-2-LR,ssp585,tas,61,[],580683111
MPI-ESM1-2-LR,ssp585,tasmax,61,[],582814724
MPI-ESM1-2-LR,ssp585,hurs,61,[],684827170
MRI-ESM2-0,historical,tas,21,[],200420987
MRI-ESM2-0,historical,tasmax,21,[],201011165
MRI-ESM2-0,historical,hurs,21,[],238867140
MRI-ESM2-0,ssp245,tas,61,[],581792328
MRI-ESM2-0,ssp245,tasmax,61,[],583988575
MRI-ESM2-0,ssp245,hurs,61,[],692030355
MRI-ESM2-0,ssp585,tas,61,[],581799273
MRI-ESM2-0,ssp585,tasmax,61,[],584128522
MRI-ESM2-0,ssp585,hurs,61,[],693200503
NESM3,historical,tas,21,[],200296022
NESM3,historical,tasmax,21,[],200685397
NESM3,historical,hurs,21,"[1990, 1991, 1992, 1993, 1994, 1995, 1996, 1997, 1998, 1999, 2000, 2001, 2002, 2003, 2004, 2005, 2006, 2007, 2008, 2009, 2010]",0
NESM3,ssp245,tas,61,[],581221462
NESM3,ssp245,tasmax,61,[],582822114
NESM3,ssp245,hurs,61,"[2020, 2021, 2022, 2023, 2024, 2025, 2026, 2027, 2028, 2029, 2030, 2031, 2032, 2033, 2034, 2035, 2036, 2037, 2038, 2039, 2040, 2041, 2042, 2043, 2044, 2045, 2046, 2047, 2048, 2049, 2050, 2051, 2052, 2053, 2054, 2055, 2056, 2057, 2058, 2059, 2060, 2061, 2062, 2063, 2064, 2065, 2066, 2067, 2068, 2069, 2070, 2071, 2072, 2073, 2074, 2075, 2076, 2077, 2078, 2079, 2080]",0
NESM3,ssp585,tas,61,[],581132317
NESM3,ssp585,tasmax,61,[],582802872
NESM3,ssp585,hurs,61,"[2020, 2021, 2022, 2023, 2024, 2025, 2026, 2027, 2028, 2029, 2030, 2031, 2032, 2033, 2034, 2035, 2036, 2037, 2038, 2039, 2040, 2041, 2042, 2043, 2044, 2045, 2046, 2047, 2048, 2049, 2050, 2051, 2052, 2053, 2054, 2055, 2056, 2057, 2058, 2059, 2060, 2061, 2062, 2063, 2064, 2065, 2066, 2067, 2068, 2069, 2070, 2071, 2072, 2073, 2074, 2075, 2076, 2077, 2078, 2079, 2080]",0
NorESM2-LM,historical,tas,21,[],199833715
NorESM2-LM,historical,tasmax,21,[],200502719
NorESM2-LM,historical,hurs,21,[],233247531
NorESM2-LM,ssp245,tas,61,[],580163600
NorESM2-LM,ssp245,tasmax,61,[],582493423
NorESM2-LM,ssp245,hurs,61,[],676710815
NorESM2-LM,ssp585,tas,61,[],580087797
NorESM2-LM,ssp585,tasmax,61,[],582524050
NorESM2-LM,ssp585,hurs,61,[],677366074
NorESM2-MM,historical,tas,21,[],200081356
NorESM2-MM,historical,tasmax,21,[],200804218
NorESM2-MM,historical,hurs,21,[],237643830
NorESM2-MM,ssp245,tas,61,[],580899402
NorESM2-MM,ssp245,tasmax,61,[],583327791
NorESM2-MM,ssp245,hurs,61,[],690803739
NorESM2-MM,ssp585,tas,61,[],580832325
NorESM2-MM,ssp585,tasmax,61,[],583397549
NorESM2-MM,ssp585,hurs,61,[],690725367
TaiESM1,historical,tas,21,[],200358227
TaiESM1,historical,tasmax,21,[],200906690
TaiESM1,historical,hurs,21,[],238257314
TaiESM1,ssp245,tas,61,[],585855324
TaiESM1,ssp245,tasmax,61,[],586445635
TaiESM1,ssp245,hurs,61,[],693369026
TaiESM1,ssp585,tas,61,[],585829348
TaiESM1,ssp585,tasmax,61,[],586513750
TaiESM1,ssp585,hurs,61,[],693846287
