model,scenario,var,calendars
ACCESS-CM2,historical,tas,"{""proleptic_gregorian"": 21}"
ACCESS-CM2,historical,tasmax,"{""proleptic_gregorian"": 21}"
ACCESS-CM2,historical,hurs,"{""proleptic_gregorian"": 21}"
ACCESS-CM2,ssp245,tas,"{""proleptic_gregorian"": 61}"
ACCESS-CM2,ssp245,tasmax,"{""proleptic_gregorian"": 61}"
ACCESS-CM2,ssp245,hurs,"{""proleptic_gregorian"": 61}"
ACCESS-CM2,ssp585,tas,"{""proleptic_gregorian"": 61}"
ACCESS-CM2,ssp585,tasmax,"{""proleptic_gregorian"": 61}"
ACCESS-CM2,ssp585,hurs,"{""proleptic_gregorian"": 61}"
ACCESS-ESM1-5,historical,tas,"{""proleptic_gregorian"": 21}"
ACCESS-ESM1-5,historical,tasmax,"{""proleptic_gregorian"": 21}"
ACCESS-ESM1-5,historical,hurs,"{""proleptic_gregorian"": 21}"
ACCESS-ESM1-5,ssp245,tas,"{""proleptic_gregorian"": 61}"
ACCESS-ESM1-5,ssp245,tasmax,"{""proleptic_gregorian"": 61}"
ACCESS-ESM1-5,ssp245,hurs,"{""proleptic_gregorian"": 61}"
ACCESS-ESM1-5,ssp585,tas,"{""proleptic_gregorian"": 61}"
ACCESS-ESM1-5,ssp585,tasmax,"{""proleptic_gregorian"": 61}"
ACCESS-ESM1-5,ssp585,hurs,"{""proleptic_gregorian"": 61}"
CMCC-CM2-SR5,historical,tas,"{""365_day"": 21}"
CMCC-CM2-SR5,historical,tasmax,"{""365_day"": 21}"
CMCC-CM2-SR5,historical,hurs,"{""365_day"": 21}"
CMCC-CM2-SR5,ssp245,tas,"{""365_day"": 61}"
CMCC-CM2-SR5,ssp245,tasmax,"{""365_day"": 61}"
CMCC-CM2-SR5,ssp245,hurs,"{""365_day"": 61}"
CMCC-CM2-SR5,ssp585,tas,"{""365_day"": 61}"
CMCC-CM2-SR5,ssp585,tasmax,"{""365_day"": 61}"
CMCC-CM2-SR5,ssp585,hurs,"{""365_day"": 61}"
CMCC-ESM2,historical,tas,"{""365_day"": 21}"
CMCC-ESM2,historical,tasmax,"{""365_day"": 21}"
CMCC-ESM2,historical,hurs,"{""365_day"": 21}"
CMCC-ESM2,ssp245,tas,"{""365_day"": 61}"
CMCC-ESM2,ssp245,tasmax,"{""365_day"": 61}"
CMCC-ESM2,ssp245,hurs,"{""365_day"": 61}"
CMCC-ESM2,ssp585,tas,"{""365_day"": 61}"
CMCC-ESM2,ssp585,tasmax,"{""365_day"": 61}"
CMCC-ESM2,ssp585,hurs,"{""365_day"": 61}"
CanESM5,historical,tas,"{""365_day"": 21}"
CanESM5,historical,tasmax,"{""365_day"": 21}"
CanESM5,historical,hurs,"{""365_day"": 21}"
CanESM5,ssp245,tas,"{""365_day"": 61}"
CanESM5,ssp245,tasmax,"{""365_day"": 61}"
CanESM5,ssp245,hurs,"{""365_day"": 61}"
CanESM5,ssp585,tas,"{""365_day"": 61}"
CanESM5,ssp585,tasmax,"{""365_day"": 61}"
CanESM5,ssp585,hurs,"{""365_day"": 61}"
EC-Earth3,historical,tas,"{""proleptic_gregorian"": 21}"
EC-Earth3,historical,tasmax,"{""proleptic_gregorian"": 21}"
EC-Earth3,historical,hurs,"{""proleptic_gregorian"": 21}"
EC-Earth3,ssp245,tas,"{""proleptic_gregorian"": 61}"
EC-Earth3,ssp245,tasmax,"{""proleptic_gregorian"": 61}"
EC-Earth3,ssp245,hurs,"{""proleptic_gregorian"": 61}"
EC-Earth3,ssp585,tas,"{""proleptic_gregorian"": 61}"
EC-Earth3,ssp585,tasmax,"{""proleptic_gregorian"": 61}"
EC-Earth3,ssp585,hurs,"{""proleptic_gregorian"": 61}"
EC-Earth3-Veg-LR,historical,tas,"{""proleptic_gregorian"": 21}"
EC-Earth3-Veg-LR,historical,tasmax,"{""proleptic_gregorian"": 21}"
EC-Earth3-Veg-LR,historical,hurs,"{""proleptic_gregorian"": 21}"
EC-Earth3-Veg-LR,ssp245,tas,"{""proleptic_gregorian"": 61}"
EC-Earth3-Veg-LR,ssp245,tasmax,"{""proleptic_gregorian"": 61}"
EC-Earth3-Veg-LR,ssp245,hurs,"{""proleptic_gregorian"": 61}"
EC-Earth3-Veg-LR,ssp585,tas,"{""proleptic_gregorian"": 61}"
EC-Earth3-Veg-LR,ssp585,tasmax,"{""proleptic_gregorian"": 61}"
EC-Earth3-Veg-LR,ssp585,hurs,"{""proleptic_gregorian"": 61}"
GFDL-CM4,historical,tas,"{""365_day"": 21}"
GFDL-CM4,historical,tasmax,"{""365_day"": 21}"
GFDL-CM4,historical,hurs,"{""365_day"": 21}"
GFDL-CM4,ssp245,tas,"{""365_day"": 61}"
GFDL-CM4,ssp245,tasmax,"{""365_day"": 61}"
GFDL-CM4,ssp245,hurs,"{""365_day"": 61}"
GFDL-CM4,ssp585,tas,"{""365_day"": 61}"
GFDL-CM4,ssp585,tasmax,"{""365_day"": 61}"
GFDL-CM4,ssp585,hurs,"{""365_day"": 61}"
GFDL-ESM4,historical,tas,"{""365_day"": 21}"
GFDL-ESM4,historical,tasmax,"{""365_day"": 21}"
GFDL-ESM4,historical,hurs,"{""365_day"": 21}"
GFDL-ESM4,ssp245,tas,"{""365_day"": 61}"
GFDL-ESM4,ssp245,tasmax,"{""365_day"": 61}"
GFDL-ESM4,ssp245,hurs,"{""365_day"": 61}"
GFDL-ESM4,ssp585,tas,"{""365_day"": 61}"
GFDL-ESM4,ssp585,tasmax,"{""365_day"": 61}"
GFDL-ESM4,ssp585,hurs,"{""365_day"": 61}"
INM-CM4-8,historical,tas,"{""365_day"": 21}"
INM-CM4-8,historical,tasmax,"{""365_day"": 21}"
INM-CM4-8,historical,hurs,"{""365_day"": 21}"
INM-CM4-8,ssp245,tas,"{""365_day"": 61}"
INM-CM4-8,ssp245,tasmax,"{""365_day"": 61}"
INM-CM4-8,ssp245,hurs,"{""365_day"": 61}"
INM-CM4-8,ssp585,tas,"{""365_day"": 61}"
INM-CM4-8,ssp585,tasmax,"{""365_day"": 61}"
INM-CM4-8,ssp585,hurs,"{""365_day"": 61}"
INM-CM5-0,historical,tas,"{""365_day"": 21}"
INM-CM5-0,historical,tasmax,"{""365_day"": 21}"
INM-CM5-0,historical,hurs,"{""365_day"": 21}"
INM-CM5-0,ssp245,tas,"{""365_day"": 61}"
INM-CM5-0,ssp245,tasmax,"{""365_day"": 61}"
INM-CM5-0,ssp245,hurs,"{""365_day"": 61}"
INM-CM5-0,ssp585,tas,"{""365_day"": 61}"
INM-CM5-0,ssp585,tasmax,"{""365_day"": 61}"
INM-CM5-0,ssp585,hurs,"{""365_day"": 61}"
IPSL-CM6A-LR,historical,tas,"{""standard"": 21}"
IPSL-CM6A-LR,historical,tasmax,"{""standard"": 21}"
IPSL-CM6A-LR,historical,hurs,"{""standard"": 21}"
IPSL-CM6A-LR,ssp245,tas,"{""standard"": 61}"
IPSL-CM6A-LR,ssp245,tasmax,"{""standard"": 61}"
IPSL-CM6A-LR,ssp245,hurs,"{""standard"": 61}"
IPSL-CM6A-LR,ssp585,tas,"{""standard"": 61}"
IPSL-CM6A-LR,ssp585,tasmax,"{""standard"": 61}"
IPSL-CM6A-LR,ssp585,hurs,"{""standard"": 61}"
KACE-1-0-G,historical,tas,"{""360_day"": 21}"
KACE-1-0-G,historical,tasmax,"{""360_day"": 21}"
KACE-1-0-G,historical,hurs,"{""360_day"": 21}"
KACE-1-0-G,ssp245,tas,"{""360_day"": 61}"
KACE-1-0-G,ssp245,tasmax,"{""360_day"": 61}"
KACE-1-0-G,ssp245,hurs,"{""360_day"": 61}"
KACE-1-0-G,ssp585,tas,"{""360_day"": 61}"
KACE-1-0-G,ssp585,tasmax,"{""360_day"": 61}"
KACE-1-0-G,ssp585,hurs,"{""360_day"": 61}"
MIROC6,historical,tas,"{""standard"": 21}"
MIROC6,historical,tasmax,"{""standard"": 21}"
MIROC6,historical,hurs,"{""standard"": 21}"
MIROC6,ssp245,tas,"{""standard"": 61}"
MIROC6,ssp245,tasmax,"{""standard"": 61}"
MIROC6,ssp245,hurs,"{""standard"": 61}"
MIROC6,ssp585,tas,"{""standard"": 61}"
MIROC6,ssp585,tasmax,"{""standard"": 61}"
MIROC6,ssp585,hurs,"{""standard"": 61}"
MPI-ESM1-2-HR,historical,tas,"{""proleptic_gregorian"": 21}"
MPI-ESM1-2-HR,historical,tasmax,"{""proleptic_gregorian"": 21}"
MPI-ESM1-2-HR,historical,hurs,"{""proleptic_gregorian"": 21}"
MPI-ESM1-2-HR,ssp245,tas,"{""proleptic_gregorian"": 61}"
MPI-ESM1-2-HR,ssp245,tasmax,"{""proleptic_gregorian"": 61}"
MPI-ESM1-2-HR,ssp245,hurs,"{""proleptic_gregorian"": 61}"
MPI-ESM1-2-HR,ssp585,tas,"{""proleptic_gregorian"": 61}"
MPI-ESM1-2-HR,ssp585,tasmax,"{""proleptic_gregorian"": 61}"
MPI-ESM1-2-HR,ssp585,hurs,"{""proleptic_gregorian"": 61}"
MPI-ESM1-2-LR,historical,tas,"{""proleptic_gregorian"": 21}"
MPI-ESM1-2-LR,historical,tasmax,"{""proleptic_gregorian"": 21}"
MPI-ESM1-2-LR,historical,hurs,"{""proleptic_gregorian"": 21}"
MPI-ESM1-2-LR,ssp245,tas,"{""proleptic_gregorian"": 61}"
MPI-ESM1-2-LR,ssp245,tasmax,"{""proleptic_gregorian"": 61}"
MPI-ESM1-2-LR,ssp245,hurs,"{""proleptic_gregorian"": 61}"
MPI-ESM1-2-LR,ssp585,tas,"{""proleptic_gregorian"": 61}"
MPI-ESM1-2-LR,ssp585,tasmax,"{""proleptic_gregorian"": 61}"
MPI-ESM1-2-LR,ssp585,hurs,"{""proleptic_gregorian"": 61}"
MRI-ESM2-0,historical,tas,"{""proleptic_gregorian"": 21}"
MRI-ESM2-0,historical,tasmax,"{""proleptic_gregorian"": 21}"
MRI-ESM2-0,historical,hurs,"{""proleptic_gregorian"": 21}"
MRI-ESM2-0,ssp245,tas,"{""proleptic_gregorian"": 61}"
MRI-ESM2-0,ssp245,tasmax,"{""proleptic_gregorian"": 61}"
MRI-ESM2-0,ssp245,hurs,"{""proleptic_gregorian"": 61}"
MRI-ESM2-0,ssp585,tas,"{""proleptic_gregorian"": 61}"
MRI-ESM2-0,ssp585,tasmax,"{""proleptic_gregorian"": 61}"
MRI-ESM2-0,ssp585,hurs,"{""proleptic_gregorian"": 61}"
NorESM2-LM,historical,tas,"{""365_day"": 21}"
NorESM2-LM,historical,tasmax,"{""365_day"": 21}"
NorESM2-LM,historical,hurs,"{""365_day"": 21}"
NorESM2-LM,ssp245,tas,"{""365_day"": 61}"
NorESM2-LM,ssp245,tasmax,"{""365_day"": 61}"
NorESM2-LM,ssp245,hurs,"{""365_day"": 61}"
NorESM2-LM,ssp585,tas,"{""365_day"": 61}"
NorESM2-LM,ssp585,tasmax,"{""365_day"": 61}"
NorESM2-LM,ssp585,hurs,"{""365_day"": 61}"
NorESM2-MM,historical,tas,"{""365_day"": 21}"
NorESM2-MM,historical,tasmax,"{""365_day"": 21}"
NorESM2-MM,historical,hurs,"{""365_day"": 21}"
NorESM2-MM,ssp245,tas,"{""365_day"": 61}"
NorESM2-MM,ssp245,tasmax,"{""365_day"": 61}"
NorESM2-MM,ssp245,hurs,"{""365_day"": 61}"
NorESM2-MM,ssp585,tas,"{""365_day"": 61}"
NorESM2-MM,ssp585,tasmax,"{""365_day"": 61}"
NorESM2-MM,ssp585,hurs,"{""365_day"": 61}"
TaiESM1,historical,tas,"{""365_day"": 21}"
TaiESM1,historical,tasmax,"{""365_day"": 21}"
TaiESM1,historical,hurs,"{""365_day"": 21}"
TaiESM1,ssp245,tas,"{""365_day"": 61}"
TaiESM1,ssp245,tasmax,"{""365_day"": 61}"
TaiESM1,ssp245,hurs,"{""365_day"": 61}"
TaiESM1,ssp585,tas,"{""365_day"": 61}"
TaiESM1,ssp585,tasmax,"{""365_day"": 61}"
TaiESM1,ssp585,hurs,"{""365_day"": 61}"
