city,year,lat,lon,lat_index,lon_index,overlap_m2,elevation_m,rh_clipped_days
Kochi,2005,9.875,76.125,15,32,21036200.724626005,0.10108185959908969,0.0
Kochi,2005,9.875,76.375,15,33,254917868.74638715,13.582517484604567,0.0
Kochi,2005,10.125,76.125,16,32,42916249.810571566,2.049739694354203,0.0
Kochi,2005,10.125,76.375,16,33,396990397.2539554,17.78411660211908,0.0
Kochi,2005,10.125,76.625,16,34,5571645.286348937,101.84377586496309,0.0
Kochi,2007,9.875,76.125,15,32,21036200.724626005,0.10108185959908969,0.0
Kochi,2007,9.875,76.375,15,33,254917868.74638715,13.582517484604567,0.0
Kochi,2007,10.125,76.125,16,32,42916249.810571566,2.049739694354203,0.0
Kochi,2007,10.125,76.375,16,33,396990397.2539554,17.78411660211908,0.0
Kochi,2007,10.125,76.625,16,34,5571645.286348937,101.84377586496309,0.0
Kochi,2009,9.875,76.125,15,32,21036200.724626005,0.10108185959908969,0.0
Kochi,2009,9.875,76.375,15,33,254917868.74638715,13.582517484604567,0.0
Kochi,2009,10.125,76.125,16,32,42916249.810571566,2.049739694354203,0.0
Kochi,2009,10.125,76.375,16,33,396990397.2539554,17.78411660211908,0.0
Kochi,2009,10.125,76.625,16,34,5571645.286348937,101.84377586496309,0.0
Bikaner,2005,27.875,73.375,87,21,16895735.98153148,251.3930277585215,0.0
Bikaner,2005,28.125,73.375,88,21,69778865.11466612,210.12847426018624,0.0
Bikaner,2007,27.875,73.375,87,21,16895735.98153148,251.3930277585215,0.0
Bikaner,2007,28.125,73.375,88,21,69778865.11466612,210.12847426018624,0.0
Bikaner,2009,27.875,73.375,87,21,16895735.98153148,251.3930277585215,0.0
Bikaner,2009,28.125,73.375,88,21,69778865.11466612,210.12847426018624,0.0
Shimla,2005,31.125,77.125,100,36,12959616.256716913,1481.2017259424958,0.0
Shimla,2007,31.125,77.125,100,36,12959616.256716913,1481.2017259424958,0.0
Shimla,2009,31.125,77.125,100,36,12959616.256716913,1481.2017259424958,0.0
Hyderabad,2005,17.375,78.375,45,41,408059298.70914227,554.7030294385573,0.0
Hyderabad,2005,17.375,78.625,45,42,263443633.04010555,499.9599517175921,0.0
Hyderabad,2005,17.625,78.125,46,40,2631020.0206488194,525.6060464577325,0.0
Hyderabad,2005,17.625,78.375,46,41,169322842.04260892,588.0500054290459,0.0
Hyderabad,2005,17.625,78.625,46,42,25741023.82064069,570.7414639629309,0.0
Hyderabad,2007,17.375,78.375,45,41,408059298.70914227,554.7030294385573,0.0
Hyderabad,2007,17.375,78.625,45,42,263443633.04010555,499.9599517175921,0.0
Hyderabad,2007,17.625,78.125,46,40,2631020.0206488194,525.6060464577325,0.0
Hyderabad,2007,17.625,78.375,46,41,169322842.04260892,588.0500054290459,0.0
Hyderabad,2007,17.625,78.625,46,42,25741023.82064069,570.7414639629309,0.0
Hyderabad,2009,17.375,78.375,45,41,408059298.70914227,554.7030294385573,0.0
Hyderabad,2009,17.375,78.625,45,42,263443633.04010555,499.9599517175921,0.0
Hyderabad,2009,17.625,78.125,46,40,2631020.0206488194,525.6060464577325,0.0
Hyderabad,2009,17.625,78.375,46,41,169322842.04260892,588.0500054290459,0.0
Hyderabad,2009,17.625,78.625,46,42,25741023.82064069,570.7414639629309,0.0
Kolkata,2005,22.125,88.125,64,80,83735704.57287687,4.085449886912034,0.0
Kolkata,2005,22.125,88.375,64,81,98384326.53080352,4.920932643682837,0.0
Kolkata,2005,22.375,87.875,65,79,52528454.66404154,5.2907278814612555,0.0
Kolkata,2005,22.375,88.125,65,80,506378293.7721452,5.478665302562472,0.0
Kolkata,2005,22.375,88.375,65,81,628187977.621038,5.981193344092963,0.0
Kolkata,2005,22.375,88.625,65,82,201243.85886211292,3.7123372509238957,0.0
Kolkata,2005,22.625,87.875,66,79,3422665.735316489,9.22056126320945,0.0
Kolkata,2005,22.625,88.125,66,80,337579357.11796516,7.398454234280504,0.0
Kolkata,2005,22.625,88.375,66,81,680457096.0653787,6.695117213119986,0.0
Kolkata,2005,22.625,88.625,66,82,23326818.209048357,4.851347836068686,0.0
Kolkata,2005,22.875,88.125,67,80,4697279.885229355,12.921042076921681,0.0
Kolkata,2005,22.875,88.375,67,81,344520791.6296061,11.129424501124028,0.0
Kolkata,2005,22.875,88.625,67,82,16171324.100800926,9.774097485128578,0.0
Kolkata,2005,23.125,88.375,68,81,23945483.126765408,11.075581715511273,0.0
Kolkata,2005,23.125,88.625,68,82,109559.11633254736,11.056298465751503,0.0
Kolkata,2007,22.125,88.125,64,80,83735704.57287687,4.085449886912034,0.0
Kolkata,2007,22.125,88.375,64,81,98384326.53080352,4.920932643682837,0.0
Kolkata,2007,22.375,87.875,65,79,52528454.66404154,5.2907278814612555,0.0
Kolkata,2007,22.375,88.125,65,80,506378293.7721452,5.478665302562472,0.0
Kolkata,2007,22.375,88.375,65,81,628187977.621038,5.981193344092963,0.0
Kolkata,2007,22.375,88.625,65,82,201243.85886211292,3.7123372509238957,0.0
Kolkata,2007,22.625,87.875,66,79,3422665.735316489,9.22056126320945,0.0
Kolkata,2007,22.625,88.125,66,80,337579357.11796516,7.398454234280504,0.0
Kolkata,2007,22.625,88.375,66,81,680457096.0653787,6.695117213119986,0.0
Kolkata,2007,22.625,88.625,66,82,23326818.209048357,4.851347836068686,0.0
Kolkata,2007,22.875,88.125,67,80,4697279.885229355,12.921042076921681,0.0
Kolkata,2007,22.875,88.375,67,81,344520791.6296061,11.129424501124028,0.0
Kolkata,2007,22.875,88.625,67,82,16171324.100800926,9.774097485128578,0.0
Kolkata,2007,23.125,88.375,68,81,23945483.126765408,11.075581715511273,0.0
Kolkata,2007,23.125,88.625,68,82,109559.11633254736,11.056298465751503,0.0
Kolkata,2009,22.125,88.125,64,80,83735704.57287687,4.085449886912034,0.0
Kolkata,2009,22.125,88.375,64,81,98384326.53080352,4.920932643682837,0.0
Kolkata,2009,22.375,87.875,65,79,52528454.66404154,5.2907278814612555,0.0
Kolkata,2009,22.375,88.125,65,80,506378293.7721452,5.478665302562472,0.0
Kolkata,2009,22.375,88.375,65,81,628187977.621038,5.981193344092963,0.0
Kolkata,2009,22.375,88.625,65,82,201243.85886211292,3.7123372509238957,0.0
Kolkata,2009,22.625,87.875,66,79,3422665.735316489,9.22056126320945,0.0
Kolkata,2009,22.625,88.125,66,80,337579357.11796516,7.398454234280504,0.0
Kolkata,2009,22.625,88.375,66,81,680457096.0653787,6.695117213119986,0.0
Kolkata,2009,22.625,88.625,66,82,23326818.209048357,4.851347836068686,0.0
Kolkata,2009,22.875,88.125,67,80,4697279.885229355,12.921042076921681,0.0
Kolkata,2009,22.875,88.375,67,81,344520791.6296061,11.129424501124028,0.0
Kolkata,2009,22.875,88.625,67,82,16171324.100800926,9.774097485128578,0.0
Kolkata,2009,23.125,88.375,68,81,23945483.126765408,11.075581715511273,1.0
Kolkata,2009,23.125,88.625,68,82,109559.11633254736,11.056298465751503,1.0
