city,year,threshold_c,carbonplan_valid_days,w1_valid_days,carbonplan_days_complete_year,w1_days_complete_year,both_days_complete_year,matched_days,cp_only_days_on_matched_dates,w1_only_days_on_matched_dates,both_exceed_days,neither_exceed_days,unpaired_cp_exceed_days,unpaired_w1_exceed_days
Bikaner,2005,28,365,365,217,199,199,365,18,0,199,148,0,0
Bikaner,2005,30,365,365,189,169,166,365,23,3,166,173,0,0
Bikaner,2005,32,365,365,142,124,110,365,32,14,110,209,0,0
Bikaner,2007,28,365,365,227,201,201,365,26,0,201,138,0,0
Bikaner,2007,30,365,365,190,161,161,365,29,0,161,175,0,0
Bikaner,2007,32,365,365,129,98,90,365,39,8,90,228,0,0
Bikaner,2009,28,365,365,232,220,220,365,12,0,220,133,0,0
Bikaner,2009,30,365,365,198,182,182,365,16,0,182,167,0,0
Bikaner,2009,32,365,365,127,112,91,365,36,21,91,217,0,0
Hyderabad,2005,28,365,365,210,231,184,365,26,47,184,108,0,0
Hyderabad,2005,30,365,365,104,165,69,365,35,96,69,165,0,0
Hyderabad,2005,32,365,365,40,25,4,365,36,21,4,304,0,0
Hyderabad,2007,28,365,365,176,248,164,365,12,84,164,105,0,0
Hyderabad,2007,30,365,365,104,117,47,365,57,70,47,191,0,0
Hyderabad,2007,32,365,365,29,22,4,365,25,18,4,318,0,0
Hyderabad,2009,28,365,365,191,240,172,365,19,68,172,106,0,0
Hyderabad,2009,30,365,365,106,155,84,365,22,71,84,188,0,0
Hyderabad,2009,32,365,365,61,36,17,365,44,19,17,285,0,0
Kochi,2005,28,365,365,361,363,360,365,1,3,360,1,0,0
Kochi,2005,30,365,365,266,318,249,365,17,69,249,30,0,0
Kochi,2005,32,365,365,110,116,78,365,32,38,78,217,0,0
Kochi,2007,28,365,365,320,365,320,365,0,45,320,0,0,0
Kochi,2007,30,365,365,210,275,206,365,4,69,206,86,0,0
Kochi,2007,32,365,365,80,78,63,365,17,15,63,270,0,0
Kochi,2009,28,365,365,341,364,340,365,1,24,340,0,0,0
Kochi,2009,30,365,365,225,286,216,365,9,70,216,70,0,0
Kochi,2009,32,365,365,101,111,83,365,18,28,83,236,0,0
Kolkata,2005,28,365,365,261,264,251,365,10,13,251,91,0,0
Kolkata,2005,30,365,365,219,228,206,365,13,22,206,124,0,0
Kolkata,2005,32,365,365,161,189,151,365,10,38,151,166,0,0
Kolkata,2007,28,365,365,255,267,249,365,6,18,249,92,0,0
Kolkata,2007,30,365,365,210,234,197,365,13,37,197,118,0,0
Kolkata,2007,32,365,365,136,182,115,365,21,67,115,162,0,0
Kolkata,2009,28,365,365,260,255,249,365,11,6,249,99,0,0
Kolkata,2009,30,365,365,216,239,208,365,8,31,208,118,0,0
Kolkata,2009,32,365,365,147,201,129,365,18,72,129,146,0,0
Shimla,2005,28,365,365,13,5,3,365,10,2,3,350,0,0
Shimla,2005,30,365,365,1,0,0,365,1,0,0,364,0,0
Shimla,2005,32,365,365,0,0,0,365,0,0,0,365,0,0
Shimla,2007,28,365,365,0,2,0,365,0,2,0,363,0,0
Shimla,2007,30,365,365,0,0,0,365,0,0,0,365,0,0
Shimla,2007,32,365,365,0,0,0,365,0,0,0,365,0,0
Shimla,2009,28,365,365,8,6,3,365,5,3,3,354,0,0
Shimla,2009,30,365,365,2,1,1,365,1,0,1,363,0,0
Shimla,2009,32,365,365,0,0,0,365,0,0,0,365,0,0
