local_day,latitude,longitude,irt_shade_day_mean,irt_shade_day_peak,irt_swbgt_day_mean,irt_swbgt_day_peak,bernard_day_mean,bernard_day_peak,liljegren_day_mean,liljegren_day_peak,t_c_day_mean,t_c_day_peak,rh_day_mean,irt_shade_deployed,irt_swbgt_deployed
2024-05-21,16.0,77.0,27.137741324198036,29.70805943388654,32.56849767602579,35.107404656253024,27.17229079840931,29.626625342633886,28.543993908357717,33.67313441950148,31.53302,37.610504,61.16611956479571,27.35909074223924,32.92750132867654
2024-05-21,16.0,77.25,27.203447079976854,29.44182958008394,32.72204088956641,34.97110783398743,27.242205591760662,29.382024745858708,28.72731433785683,34.26633765322879,31.284729,36.46402,63.44182338487163,27.39305645617302,33.038548198308995
2024-05-21,16.0,77.5,27.3792996566912,29.436491620693012,32.99939672843493,35.024987590544534,27.42189853126216,29.38336595673646,28.990852646366772,34.589044236526206,31.260477,36.159943,64.86544701904246,27.534529032831806,33.263700391855465
2024-05-21,16.0,77.75,27.596573045209098,29.642433217675404,33.34614073298403,35.60177038392466,27.641492122059258,29.623727614771862,29.38929625894524,34.84969958501557,31.21694,35.710724,66.96083554924276,27.732843800020294,33.584074270432794
2024-05-21,16.0,78.0,27.79577462607286,29.909795308491336,33.65214285118292,36.03225705338896,27.84156706556247,29.8962564400443,29.65892409653415,35.43214437851128,31.24819,35.49405,68.3627144356945,27.921186628029375,33.87355849578728
2024-05-21,16.0,78.25,27.753815826224784,29.53904232571355,33.581482889300595,35.408957376251394,27.79825801247829,29.514805426525676,29.65049813440375,35.1801837761559,31.244364,35.576813,68.10936957332252,27.88894034847933,33.82346884803208
2024-05-21,16.0,78.5,27.675937294024447,29.45030772234506,33.43218664387303,35.220849327169674,27.71713527713098,29.41839015691174,29.419913740255755,34.689631709525656,31.349997,35.755768,66.70815976019561,27.829845289447192,33.70486133420857
2024-05-21,16.0,78.75,27.070245001325972,28.936498368759068,32.71757580071221,34.5988525965758,27.120805984157403,28.91902854594773,28.47021993811856,32.3995774870171,30.344055,34.986115,69.73429291454933,27.215253835136473,32.979079511113575
2024-05-21,16.0,79.0,27.5429335290891,29.153586198316347,33.299084491503315,34.84287194429614,27.590833640664247,29.127634951760257,28.826609361060843,32.461187027480264,31.036844,35.115143,67.92085124974435,27.670985723469194,33.52956280672972
2024-05-21,16.0,79.25,28.55477473876773,29.9429745875638,34.5681086850588,35.82064612582241,28.583907304497203,29.88633988757332,29.84796802570212,33.46563216572031,32.3963,36.573395,65.7782084111589,28.70997070331564,34.85287768309006
2024-05-21,16.0,79.5,29.05322604391111,30.4820317291116,35.25972278509054,36.55729269372722,29.07716900720305,30.418966294887593,30.32722062397278,33.990467018111644,32.853413,37.12088,66.37070603957204,29.21071420244067,35.5552498570593
2024-05-21,16.0,79.75,29.258995812330753,30.73926360032459,35.59586443004701,37.050728288747166,29.284473503693434,30.67679987169522,30.424908006095446,34.24113897515616,32.866596,37.269318,67.90805450652402,29.40329680222586,35.87340874438128
2024-05-21,16.0,80.0,29.46676906340069,31.063555703292423,35.9155598647226,37.29605288818258,29.493123536012963,30.99759157393907,30.537935544891564,34.668046329782555,32.97345,37.597443,68.73083863686922,29.60056605732902,36.176210904271954
2024-05-21,16.0,80.25,29.540816310675527,31.19528234913998,36.15255078528629,37.782618291562535,29.57843107859169,31.162170683768018,30.671801183403755,35.03786276880936,32.594788,36.75174,72.06267929057445,29.62337422183417,36.31858062104468
2024-05-21,16.0,80.5,29.641562455073693,31.333987408393792,36.3847727944033,38.312528291163915,29.684251744161035,31.323300197223876,30.853130526731693,35.5700312095924,32.389954,36.236115,74.47187625866209,29.69939665653412,36.502110146186546
2024-05-21,16.0,80.75,29.550064835084175,31.47304829569333,36.20184293356356,38.35399559221575,29.595120688555156,31.456463758931235,30.73953776662606,35.55354496300163,32.521626,36.505646,72.48953685363661,29.60189769557862,36.30188554424691
2024-05-21,16.0,81.0,29.46147028869186,31.013517894190738,36.186468499215515,38.02569429580683,29.51591506175059,31.03534577993269,30.67717236927255,35.015071733051,32.05882,34.99588,75.37565327639682,29.481792160284435,36.220295640036426
2024-05-21,16.25,77.0,27.23649008048756,29.805372625279794,32.67111725575406,35.25266499954393,27.268816168105104,29.72353738357688,28.637838484434713,33.72102361789939,31.755676,37.628082,60.120512865493765,27.44225135869784,33.00267445459264
2024-05-21,16.25,77.25,27.29522042730883,29.478077367286687,32.81900301588637,34.98782907564163,27.333021145992458,29.414622828228314,28.8199416386268,34.2392009248461,31.492575,36.579865,62.41982698416431,27.46863951710614,33.10624201468026
2024-05-21,16.25,77.5,27.458769937691386,29.437790055713197,33.11718138852692,35.272111506901346,27.50208570105622,29.414706316708745,29.130244199037946,34.65651133079473,31.276672,36.191193,65.3063580339848,27.600383971933624,33.36249108011503
2024-05-21,16.25,77.75,27.676058916336967,29.895860519823657,33.467317737774444,36.07294277247757,27.72207736733203,29.889897857930478,29.514310866074567,35.0505672259099,31.229471,35.736115,67.44432697256885,27.799559508237614,33.68600530510617
2024-05-21,16.25,78.0,27.59439967560802,29.66250037383967,33.36366899225002,35.65337689298612,27.640380717183856,29.646658810370642,29.494379269130775,35.14990179045304,31.119852,35.392365,67.72097245878227,27.72707381470641,33.59802064504213
2024-05-21,16.25,78.25,27.48167194672204,29.33025834940227,33.19731974678107,35.11956668453179,27.526180007814954,29.307419002032958,29.431586413250898,34.95199234032157,31.05841,35.54361,67.37898566905444,27.630266325840342,33.46075246600395
2024-05-21,16.25,78.5,27.44328123165688,29.269438844852466,33.09380004983356,34.98969081562612,27.484732801910976,29.24109228521069,29.13229792305407,34.299887414789566,31.25234,35.94522,65.60609669585868,27.611800685477878,33.38609676983947
2024-05-21,16.25,78.75,27.162813079888608,28.925109247998137,32.76124484727986,34.404827697462466,27.209542473905632,28.88491220796795,28.544173590853443,32.647398047702836,30.80239,35.42569,66.81994068595814,27.325035532439173,33.04553085328236
2024-05-21,16.25,79.0,27.564811323834846,29.247578144807605,33.26457627794275,34.861559806223894,27.60781366414921,29.207079602150685,28.92106208705481,32.78303649220834,31.333557,35.622955,65.79313790619969,27.70976702813084,33.52003430648944
2024-05-21,16.25,79.25,28.402140423895446,29.964802195946277,34.3868475316042,35.872454862860764,28.43506019079688,29.91272885256209,29.87162610480671,33.73569724535537,32.146137,36.43741,66.42020841475708,28.548715656544807,34.65574237330653
2024-05-21,16.25,79.5,28.94447476790806,30.47798688711814,35.13225098749463,36.58092267165709,28.970525455955652,30.424780425418973,30.391534407561455,34.128514259453084,32.655903,36.80838,67.00103992050795,29.0979786196,35.42165913029149
2024-05-21,16.25,79.75,29.121113762288484,30.676815776997046,35.379801437938944,36.88873273944373,29.14468056649098,30.615329787358988,30.370506282620187,34.2514882112244,32.81476,37.197052,67.28932980037855,29.2819243051537,35.68448814529552
2024-05-21,16.25,80.0,29.328550145443618,31.00390518717566,35.69528891983473,37.21220560123534,29.353133286540423,30.938518508254276,30.483314326111906,34.65478166581062,32.92763,37.53885,68.03675857423465,29.47616312723243,35.97902168477198
2024-05-21,16.25,80.25,29.48305200174148,31.30234042337498,35.93982147975728,37.64571625876251,29.508432215165797,31.23545721665696,30.629216002854122,34.92783549769291,32.980854,37.790802,68.8376499876493,29.620033399532545,36.207095356596604
2024-05-21,16.25,80.5,29.590897667908223,31.46763186374342,36.15917252330426,38.046687957659934,29.621672924292707,31.41759782756387,30.82524417010963,35.4537302204962,32.860577,37.42166,70.50828262006995,29.69909793458389,36.37450984570322
2024-05-21,16.25,80.75,29.528152174246063,31.662413813101384,36.08450101589151,38.37047552845063,29.562232481161875,31.615451042843993,30.849768837473757,35.69209917261543,32.76593,37.48221,70.64282652364433,29.624356833158807,36.273739626024536
2024-05-21,16.25,81.0,29.41443308598816,31.245142013735002,36.04033094122338,38.136076993787526,29.460218068534175,31.232593049626566,30.86584443464085,36.34993678529662,32.261127,36.222443,73.5262682308958,29.4693887801083,36.14721443357518
2024-05-21,16.5,77.0,27.433578254188774,29.968414234369853,32.879462729453174,35.488860394167865,27.46117881050709,29.885606468357366,28.85977207034989,34.43438000825455,32.190002,37.698395,58.34001454748769,27.63030521620589,33.18854168603309
2024-05-21,16.5,77.25,27.457581377175334,29.8247001479763,32.99709393857377,35.4180237509611,27.49064170105831,29.75380634258991,29.02700151055836,34.531431520845445,31.798727,37.048004,61.47262942780309,27.643022570895226,33.30338689075104
2024-05-21,16.5,77.5,27.6424342191973,29.65045171007063,33.33020068986086,35.545073979703204,27.681131725627115,29.623064229059537,29.34655582778427,34.750438523425885,31.579,36.404083,64.50301225843094,27.792201126811676,33.590202416129834
2024-05-21,16.5,77.75,27.646889382232406,29.80516771628075,33.34962769976235,35.766683463319374,27.686088288229474,29.77745163331474,29.36853250658524,34.799329008131735,31.518942,36.238068,65.02671399938414,27.796277161342466,33.61119727856673
2024-05-21,16.5,78.0,27.46123152783242,29.499119987638856,33.09127278912805,35.17668281647859,27.50061721437359,29.453134494552682,29.195044353027246,34.68510101506678,31.390524,35.95291,64.61589050726566,27.62809081345898,33.37858859916167
2024-05-21,16.5,78.25,27.323834147015344,29.292361786763927,32.86818525721566,34.85149139232674,27.361231950957123,29.24306021564694,28.973287255432144,34.63210519899587,31.445211,36.08658,63.22165807814687,27.517878910966214,33.19388833481923
2024-05-21,16.5,78.5,27.32609000102322,29.233766891687214,32.81146975248353,34.762532426183704,27.359850186162237,29.183898267418463,28.751604874365572,33.29611149619433,31.726624,36.753815,61.1806805756032,27.541228984508905,33.162663723235866
2024-05-21,16.5,78.75,27.648853789447855,29.54459146608469,33.22271196551153,35.01623024699223,27.678614388257284,29.474669180096463,28.976248497175742,33.232055520817596,32.086163,36.966705,61.03085890192549,27.858400524786223,33.569533606610854
2024-05-21,16.5,79.0,28.11954827666514,29.853272577620295,33.82009299858886,35.446689382809076,28.142173392814684,29.781126189461435,29.493731236059848,33.3846888209801,32.65509,37.238068,60.408728186059456,28.313060610032515,34.14494670441595
2024-05-21,16.5,79.25,28.786245294897224,30.43909015036731,34.82925525156943,36.40931720073374,28.809722260063044,30.377517381666266,30.3278899384599,34.123232394855336,32.849102,37.04483,64.16259107717529,28.945390794813623,35.11767986574146
2024-05-21,16.5,79.5,29.01109295158729,30.55263129661994,35.21481688430651,36.72425137041761,29.037853977935644,30.50302217538454,30.59276057630385,34.43071088270602,32.779602,36.75186,66.47501129811718,29.153276560880393,35.479904698108804
2024-05-21,16.5,79.75,29.15717320121813,30.73057595259962,35.42265452453325,37.06988013749289,29.181596843261193,30.675508990126268,30.629441547633423,34.594372639935784,32.89557,37.036896,66.85420124677474,29.307353630036744,35.70481337946683
2024-05-21,16.5,80.0,29.280873208992343,30.908582072610614,35.60283652148913,37.19798178998647,29.302447429560875,30.846146291994515,30.511096282933533,34.68926186243522,32.9693,37.3826,67.40362975289928,29.441549544832775,35.90929505347002
2024-05-21,16.5,80.25,29.43796968349548,31.170854701071182,35.82653083131202,37.430477582361966,29.457967763801566,31.102041002966846,30.628766345026637,34.85279758251204,33.103985,37.759552,67.65046746688256,29.598012508869708,36.13546563099122
2024-05-21,16.5,80.5,29.407375734332902,31.27530092784051,35.84128162902507,37.708200763480214,29.433404276734894,31.219867136132066,30.638343551704793,35.06255117734139,32.873516,37.43338,69.03084600014074,29.5405444985146,36.102463952345595
2024-05-21,16.5,80.75,29.321996016325798,31.454164027766826,35.80494511228249,38.16351905413175,29.357579861105137,31.419645156796733,30.6516645359081,35.30457187724727,32.519836,36.98416,70.90533527237251,29.41974329801081,35.99524050703169
2024-05-21,16.5,81.0,29.35178905629678,31.19918397616398,35.90182435891743,37.89125905675177,29.39110645345943,31.17530727789555,30.798467449160654,35.330681464094596,32.349102,36.50174,72.47021361430511,29.434553212611185,36.065539545514056
2024-05-21,16.75,77.0,27.505431085483263,30.235247021917207,33.08529476929487,36.369870337973396,27.545377235517833,30.20439916762988,29.034223140531395,34.368059484288096,31.833557,37.048737,61.141789211292604,27.636264025809414,33.28441201794853
2024-05-21,16.75,77.25,27.422342962113916,29.978607227825478,33.0376567121123,35.84882724884142,27.465767279757813,29.920696191928894,29.054725997582143,34.310769078987335,31.433084,36.637848,63.71092549737602,27.56336211133383,33.26749410760148
2024-05-21,16.75,77.5,27.337657573476438,29.65933830811059,32.96066760942852,35.55045500428113,27.38224609003002,29.631006227566925,29.02217926012573,34.37233628522239,31.162497,35.880035,65.22789121987215,27.48388694590649,33.20808623386683
2024-05-21,16.75,77.75,27.281736954920575,29.79953529849083,32.877639505133835,35.72915634879088,27.32458426037067,29.76814054482697,28.951386839736113,34.44280876115096,31.132547,35.773224,65.09999565864017,27.441054521060586,33.14863550352395
2024-05-21,16.75,78.0,27.155074538156928,29.63513045113254,32.68452021953494,35.40980110037017,27.19625120713017,29.593636361979733,28.75892398020574,34.39420501219928,31.121317,35.91861,64.27538399854589,27.33590911678324,32.98858754381036
2024-05-21,16.75,78.25,27.09595604918296,29.167530036296746,32.53094807651445,34.58350586243929,27.132342778237955,29.108676307236166,28.5660396828971,34.440662956364804,31.41038,36.352203,61.7533279225158,27.31378631230562,32.886736049647325
2024-05-21,16.75,78.5,27.302632445070216,29.148821506253427,32.697199908266974,34.44876178874454,27.331698860657955,29.08053766327501,28.615622651854995,32.90320105892175,32.112854,37.121002,58.25627095243413,27.548774404021444,33.081224296358265
2024-05-21,16.75,78.75,27.91840215700195,29.630626948537163,33.46337139824178,34.97140984438184,27.936923666023475,29.548590028397754,29.2178685692476,33.17319432888803,32.870502,37.997955,57.631798173697625,28.171926999497682,33.86576226238624
2024-05-21,16.75,79.0,28.59625831803369,30.37681541663794,34.317503372011565,35.917703379376746,28.601360081671515,30.281557288721416,29.942296338526393,33.69413877252066,33.70286,38.605377,56.90515901169622,28.848150492879334,34.72789635257138
2024-05-21,16.75,79.25,29.051884848420187,30.825596455508038,35.03487013896706,36.742417510662946,29.0591517854718,30.739604232318655,30.465427787388297,33.90599372636018,33.72296,38.15811,60.01339934607443,29.257118434586012,35.39102745179925
2024-05-21,16.75,79.5,29.197071280041772,30.86700350891558,35.36816888677985,37.03344448871168,29.214328240258396,30.804407690025148,30.698286452645988,34.351782783305964,33.361958,37.441193,63.588102622637884,29.35778513467755,35.65947413259059
2024-05-21,16.75,79.75,29.277863967310065,30.93482768857151,35.55373455316778,37.16237899527631,29.299520351687452,30.875357345118886,30.805474424190038,34.687278484970136,33.16502,37.310333,65.69726422269234,29.425077305986644,35.82719601442318
2024-05-21,16.75,80.0,29.35421092248286,31.042753055381148,35.68825147508036,37.3109849899484,29.374911940898,30.981881963760593,30.61719125427898,34.77825754575292,33.113995,37.42752,66.8073568992772,29.508283844660763,35.981275277018234
2024-05-21,16.75,80.25,29.35858157780217,31.119792436583182,35.728837210083604,37.46370384135472,29.380081218806538,31.063128817721413,30.586416794866512,34.84725773093271,32.976135,37.35721,67.9394461603056,29.510759669931215,36.02384605714688
2024-05-21,16.75,80.5,29.22330043232914,31.141744603459543,35.59721230906795,37.614386120258516,29.25161307512225,31.098553516840713,30.462797167515816,34.92817237120522,32.638165,36.99002,69.32941536758926,29.351442360358604,35.84878002119037
2024-05-21,16.75,80.75,29.104438175504168,31.067740690440612,35.50859744410845,37.69035468225719,29.140000009085025,31.04620108583748,30.37202119514294,34.85519618937337,32.242085,36.33963,71.38116082864805,29.208819698597864,35.715921404111334
2024-05-21,16.75,81.0,29.127651456701457,31.146259077663913,35.58797909882841,37.894890732077926,29.16742290742322,31.134295048834666,30.438119072435416,35.132129964457135,32.11977,36.1326,72.4992439608669,29.21829252557052,35.763515589787616
2024-05-21,17.0,77.0,27.62421695001584,30.003748474554364,33.14376539562674,35.5852942434536,27.654010285881625,29.9214385479061,29.090811856242528,34.48536718550912,32.375385,37.673737,58.18214946553252,27.78243512236969,33.379328724756746
2024-05-21,17.0,77.25,27.46623084119078,29.796290852570493,33.0121673496623,35.415349736089915,27.503382280737743,29.729180264064617,29.011183780989157,34.29095309416118,31.865295,36.87613,60.793862003941534,27.624457266753218,33.25834769877344
2024-05-21,17.0,77.5,27.27050496972957,29.75303741610155,32.87661476513128,35.6417541296215,27.31862366247704,29.719145526409164,28.89980341505658,34.219372547451314,31.124084,35.97574,64.90365468702049,27.41060660772903,33.103430569792856
2024-05-21,17.0,77.75,27.023909645119588,29.635500719383963,32.64236790970612,35.65340836089597,27.080273037482815,29.624647790834082,28.674035275519937,34.651183851448366,30.479227,35.13199,67.97655557596154,27.148814356280774,32.847055557199305
2024-05-21,17.0,78.0,26.807116888672354,29.247650568527,32.36540240573734,35.0704365129443,26.86640201195414,29.23382634875287,28.39593289480544,34.232435334129946,30.235086,34.827057,68.10832883233464,26.932050824029083,32.56941595110756
2024-05-21,17.0,78.25,26.78263473189807,29.188200272891347,32.28726787415536,34.97657520545695,26.83939559923348,29.173237899981856,28.281424950741854,33.9556644185044,30.425272,35.07486,66.38774978802327,26.920206684751427,32.50973693983053
2024-05-21,17.0,78.5,26.94994937484039,29.631382237839922,32.41994057079241,35.56623894051881,26.997857509824097,29.610188947403564,28.33978522834495,32.36438334589798,30.961893,35.822052,63.619115239458715,27.110842006846227,32.679686503892825
2024-05-21,17.0,78.75,27.54325182998056,29.330699337035597,33.07398325257045,34.85677904928147,27.571517982375838,29.272802554243235,28.863007411700337,32.55163583421984,32.022278,36.834625,60.81425205284513,27.773036497355754,33.45160759658014
2024-05-21,17.0,79.0,28.39615464096777,30.203743356692023,34.060261844175095,35.73556686111011,28.404368875848107,30.11341690702924,29.69105105456372,33.166183343859814,33.4693,38.484283,57.26476990048901,28.678401819837067,34.516695216790524
2024-05-21,17.0,79.25,28.835081001354183,30.65519814962132,34.697922178426545,36.44531307123613,28.841029427891133,30.565797200533034,30.169371084189617,33.75578649858147,33.68178,38.440826,58.839900181900504,29.072564965446745,35.098779243601015
2024-05-21,17.0,79.5,28.99489404942635,30.77461695725959,35.05347045434575,36.899603381070605,29.01133174448728,30.71240506122537,30.433052597304755,34.66200751957547,33.305805,37.606842,62.41630348535109,29.163416739860345,35.35220615515452
2024-05-21,17.0,79.75,29.077762711874044,30.72990136206363,35.26511840798647,37.00955273195876,29.10106213320974,30.678414595473182,30.58094213297717,35.21391829961726,33.01601,37.08731,65.15098048362593,29.219840480493943,35.52582619041083
2024-05-21,17.0,80.0,29.172415702803935,30.90887754844927,35.437220199604944,37.17857448082179,29.195623250590174,30.855647354710896,30.43951406966275,34.59127916670241,32.934956,37.10721,66.62623545116797,29.31777990322034,35.71140159552823
2024-05-21,17.0,80.25,29.2278986902754,31.058156874756087,35.538908608811944,37.42747242239122,29.250158063701903,31.007891044529117,30.461557841945552,34.784560320514856,32.880108,37.23416,67.5918860583515,29.37916038512224,35.82921791636661
2024-05-21,17.0,80.5,29.1511082719864,31.058772765402004,35.454234757344544,37.48064610290271,29.17512256487301,31.014536013078672,30.38344754018385,34.74759807055415,32.71344,37.068146,68.26972446846747,29.300226378064316,35.742669732806775
2024-05-21,17.0,80.75,28.967952935226098,30.784519990181547,35.22708292230684,37.089779354538834,28.99495377246782,30.742520855765807,30.158658016097586,34.476217504783904,32.42226,36.696686,69.07341498090656,29.11675531051991,35.51531527177077
2024-05-21,17.0,81.0,28.82034356166581,30.783985590817146,35.13528386533599,37.28156513006948,28.85739604203263,30.764690863399068,30.01153089828689,34.32093441740733,31.858215,36.068146,72.18099922508505,28.93218830730218,35.35631992457462
2024-05-21,17.25,77.0,27.701049383018656,30.299002284794213,33.085933343757155,35.83772404976037,27.714546710886665,30.205993365372187,29.098119726743146,34.6366455436264,33.128887,38.49991,53.74774669445469,27.91864420673427,33.40545669240736
2024-05-21,17.25,77.25,27.632002515798387,30.067230280028255,33.11619948049978,35.69409682236803,27.65622769860573,29.98885299854488,29.144031080470302,34.685144297773945,32.51186,37.78311,57.451556351025154,27.818692605652636,33.40212496705256
2024-05-21,17.25,77.5,27.386038364592988,29.763192393989698,32.93131060695132,35.4167844908432,27.42477631718106,29.697024493143356,28.952918133421246,34.716156380417715,31.660706,36.822174,61.77877595862051,27.55041574519349,33.19277335825662
2024-05-21,17.25,77.75,27.066532863146083,29.434960932020033,32.62039055650678,35.101573628684925,27.117336038368595,29.391021189663213,28.570049392295697,33.89042843575214,30.86969,35.847565,65.22500009328577,27.207879557129154,32.849571064725524
2024-05-21,17.25,78.0,26.852434463378717,29.24637567929443,32.36487200662472,34.903063613970616,26.907844397710026,29.211225152125607,28.277747777951735,33.18547074042061,30.561502,35.453033,65.83240226763036,26.98630393193281,32.5801314984236
2024-05-21,17.25,78.25,26.83667897963026,29.108570450116204,32.26705228257341,34.555720987180386,26.886925448295216,29.055664954421587,28.180431611559612,32.695477388841255,30.889954,36.066315,63.1985606406821,26.99504320178093,32.51946579756177
2024-05-21,17.25,78.5,27.05828927275911,29.21603669742641,32.43772415456217,34.51134579705311,27.09479437462556,29.14498671961867,28.305346179302404,32.30007688858524,31.613993,36.93338,59.874395357272185,27.28129141869766,32.78892562020877
2024-05-21,17.25,78.75,27.6084907564824,29.35843712656088,33.05955803857906,34.57831948522984,27.629789771486774,29.279385956972746,28.803873086348244,32.48270079992369,32.560528,37.77713,57.86076890383692,27.914048571150595,33.538782954258316
2024-05-21,17.25,79.0,28.41217244554105,30.252561393736933,34.080398893247114,35.728024654010234,28.421014387047475,30.1582733459339,29.634608233072417,33.192974760285836,33.501526,38.849396,57.3738630922955,28.7218666367176,34.57805416096847
2024-05-21,17.25,79.25,28.742350735571666,30.77146366354986,34.58653627997352,36.633660990229366,28.75139783138529,30.683090743380983,30.014484236221552,33.76365718507844,33.548157,38.63614,59.124376757985836,28.984295667208933,34.99107632519318
2024-05-21,17.25,79.5,28.794286138852755,30.7952015145096,34.804709308180314,36.97327460087072,28.815457785677722,30.737841397976613,30.158221112141963,34.151162950567596,33.019104,37.61856,62.97765567765956,28.963008995912805,35.10056275960755
2024-05-21,17.25,79.75,28.890928824373756,30.77238582138211,35.0298953191974,37.1072701569718,28.918306612285225,30.73458463772108,30.30416588348291,34.57386770605359,32.753723,37.083405,65.6546814517017,29.03238188639412,35.28675415804119
2024-05-21,17.25,80.0,28.990717589433416,30.864675030163916,35.23108964776775,37.17858267045864,29.02015428277934,30.81672266852116,30.44548697998775,35.356026142855455,32.598614,36.92325,67.69132344830479,29.124194165196826,35.480546032483716
2024-05-21,17.25,80.25,29.02782359905272,31.02633630553992,35.315823828307664,37.439733320320116,29.057131740279427,30.982997952565228,30.275537851364486,34.512777879615896,32.492573,36.909576,68.89666142212931,29.163182757348054,35.57371652135976
2024-05-21,17.25,80.5,29.035412639769916,30.987190125378575,35.28562177959231,37.30406296242127,29.060688063218496,30.93494658549305,30.303418563946224,34.684497203343085,32.63564,37.134186,67.96231435450999,29.190761508146963,35.58118766801592
2024-05-21,17.25,80.75,28.97922683313243,30.90973896144679,35.21568314896503,37.16153931056756,29.005824505533138,30.854411989748826,30.227310754791826,34.71371831277912,32.549458,37.181427,68.20738721517647,29.1374972158641,35.51581972846487
2024-05-21,17.25,81.0,28.702533820132306,30.692705642445496,34.92120819230065,37.00437315800626,28.7372723279021,30.656776384198526,29.931735582943464,34.368115139651536,31.93447,36.460358,70.62278496023978,28.829335222360967,35.16784884024892
2024-05-21,17.5,77.0,27.318841762563096,29.697944356179228,32.69294285151528,35.22405032115426,27.345725550235603,29.62638640217913,28.80407563125451,34.353350401304056,32.295063,37.466583,56.520183735297884,27.503955548704283,32.96850520187233
2024-05-21,17.5,77.25,27.291111097308022,29.634119605052824,32.759404666904466,35.26376268350812,27.327739032388262,29.575826989129954,28.89149343271085,35.217700644411536,31.80426,36.824005,59.788764036187736,27.447744356532446,32.99953290338054
2024-05-21,17.5,77.5,27.13635081590064,29.48793746406256,32.59847023577431,35.02950478040806,27.17811502289,29.427258098568572,28.668828667235275,35.10921773441544,31.453836,36.47061,61.236745911235936,27.29361873280667,32.845520321086425
2024-05-21,17.5,77.75,26.94424322218796,29.237893627576327,32.41429636685984,34.96770982363713,26.993914188861194,29.193127598705175,28.41458862168986,33.89378367131076,30.971903,35.855377,63.36164889746093,27.090600101097788,32.64645907169554
2024-05-21,17.5,78.0,27.033463492325197,29.386017688640294,32.559613813641114,35.00875979287211,27.085968090029997,29.339294654618385,28.495387910908168,33.82069598631131,30.943747,35.909943,64.2127162050497,27.16193905686461,32.762076673909874
2024-05-21,17.5,78.25,27.071337464436738,29.448972787174174,32.5561463232955,35.13344220564219,27.11849372933601,29.386516734952878,28.446325522444912,32.89313868069513,31.20156,36.525177,62.602695690007074,27.217825272242358,32.78820235026111
2024-05-21,17.5,78.5,27.067487785039145,29.26706417245253,32.547863849980494,34.62297393920789,27.113852971073985,29.195915142161788,28.364302283945335,32.34385729890374,31.188944,36.915802,62.85645818844554,27.235482575642045,32.81823250025038
2024-05-21,17.5,78.75,27.46108392697936,29.321641554956024,33.00155616245207,34.92412072098762,27.494727910626818,29.27592010717718,28.68624321276665,32.4284991704734,31.806051,37.355255,61.70024516617863,27.67679077157458,33.354227597599944
2024-05-21,17.5,79.0,28.16253170717111,30.146556936498946,33.82094907285836,35.793907722908045,28.17784839459145,30.066588544280265,29.368819985996797,32.966761984731534,32.926575,38.407623,59.391856510570925,28.44109563401821,34.2790274696591
2024-05-21,17.5,79.25,28.5198263089317,30.510549524302238,34.29468221587596,36.145268851215036,28.530971991121902,30.41580449876144,29.7463291344399,33.295421640605866,33.290344,38.544342,59.53381048694732,28.796030588765475,34.754530206630285
2024-05-21,17.5,79.5,28.65302156526732,30.715721871490825,34.57963019448473,36.67936058580308,28.67144561104846,30.639334376055075,29.94920754179846,33.51354323384368,32.99705,37.897858,62.29839975554262,28.86053562540104,34.938663029314746
2024-05-21,17.5,79.75,28.816431133119867,30.93361233362532,34.86655737006446,37.13903582119521,28.838771682244772,30.87173001715925,30.16694596389502,34.0304649614136,32.911762,37.71817,64.09035533872988,28.995619179429568,35.18333507054138
2024-05-21,17.5,80.0,28.87298669835784,30.967184661806648,35.01750735884132,37.27972867723818,28.899274285666976,30.91557935381319,30.27096421694128,34.72588948302865,32.67519,37.41739,66.31811705304158,29.036288706672195,35.31438728363149
2024-05-21,17.5,80.25,28.818600548270737,30.944879792533186,34.99246232308472,37.26177499142172,28.848011716145127,30.895044879234174,30.06645477957279,34.23649605883912,32.41925,37.034576,67.86770511945089,28.97475193288375,35.281136861728356
2024-05-21,17.5,80.5,28.86150600297479,30.944178644910558,35.002539381223315,37.16854676907238,28.88629491302928,30.883835147637715,30.13335834114764,34.48106059970269,32.637104,37.560455,66.69105798242697,29.043986917897474,35.33735447826487
2024-05-21,17.5,80.75,29.0298958986895,31.20601910951265,35.23103262726078,37.433913681848594,29.0527004276047,31.13195413550568,30.337291807254733,34.87782804075874,32.82379,37.95096,66.60935864670333,29.21078433228376,35.56345409395366
2024-05-21,17.5,81.0,28.95335505600919,31.00952127067106,35.18393376258503,37.27197054352446,28.980377861070153,30.94984207228761,30.27399297262703,34.705472640885546,32.50885,37.468536,68.32291559579845,29.11236198608181,35.48496434066477
2024-05-21,17.75,77.0,27.041896288323127,29.61480078170929,32.402748605600586,35.331415294398425,27.07947008426929,29.56740289829677,28.568951217494703,34.136373332941275,31.732077,37.386505,58.36999125075797,27.210434708583996,32.65298665850919
2024-05-21,17.75,77.25,27.00714463907602,29.25606041606084,32.44434465951123,34.922497330346566,27.052736555377834,29.22161209026089,28.649138980559655,34.37058707180495,31.286356,36.40799,61.37603807166863,27.15385516274914,32.67058149639422
2024-05-21,17.75,77.5,26.924541113298634,29.273263572815154,32.36863203854644,35.04050187827702,26.973671659451764,29.25076084384095,28.50899219787652,34.44455839771979,31.051575,35.97635,62.49476127626196,27.065031153613774,32.58918582114497
2024-05-21,17.75,77.75,27.243880095345833,30.106955167276023,32.790173923248894,36.317222320107426,27.289526484440543,30.09283627859171,28.86149666878696,34.41117458888539,31.330301,36.097443,63.02013211904917,27.38681889074153,33.01816834045138
2024-05-21,17.75,78.0,27.44320466324076,30.321371354998785,33.08184655664085,36.689454805090506,27.48962839070065,30.3138476898542,29.03442222190363,34.329521889930845,31.395569,36.329865,64.1272212468835,27.57638212475148,33.29673172172017
2024-05-21,17.75,78.25,27.217919136507593,29.911813766633088,32.82951414686857,36.198657980275456,27.27233250590712,29.91819661521152,28.719523743539224,33.16978836197893,31.018778,36.281036,65.07002727425166,27.330550736936075,33.00417190693384
2024-05-21,17.75,78.5,27.064571578089865,29.45887364929553,32.67122136531172,35.3891963429948,27.12274914025423,29.406703153779244,28.433332324773634,32.55971473272763,30.646301,36.13846,66.84303950537314,27.180110202407043,32.85768693801251
2024-05-21,17.75,78.75,27.1861468111389,29.709111757202812,32.7997453685042,35.92905637042252,27.238622133468535,29.719035291949886,28.46873934163143,32.38860513008575,30.877258,36.243927,66.12913382674022,27.31766724636426,33.01697137889724
2024-05-21,17.75,79.0,27.80519784212395,29.87562372892529,33.48923909451484,35.661027023863795,27.836338510737434,29.799821825312833,29.05308162914513,33.13348150434456,31.97117,37.293854,63.24994092771931,28.013935008697274,33.843300457600705
2024-05-21,17.75,79.25,28.177185459253945,30.42343904559343,33.9536960847007,36.30786351934898,28.20138993009171,30.353404115363052,29.394416828451256,33.47458725292563,32.462708,37.626373,62.56010043938809,28.392359164730387,34.321606025798324
2024-05-21,17.75,79.5,28.498602624165343,30.746659075441706,34.35739554673205,36.65062592335997,28.51843758749963,30.663092384320528,29.74997846773516,33.600418199464684,32.90509,38.040436,61.77151823015587,28.711000664704784,34.71976440843785
2024-05-21,17.75,79.75,28.638785624808676,30.944336184694897,34.60866713211468,37.004880897123,28.66235701303577,30.866440667993118,29.943121280177262,33.83138949243329,32.800762,37.91397,63.52604289448354,28.82415374898146,34.93199106635078
2024-05-21,17.75,80.0,28.530169120275712,30.920229930082172,34.48841600230787,37.140198973867896,28.555159542849754,30.860711812129736,29.95096736651487,34.91116060836384,32.569965,37.96866,64.56172014558088,28.730473200104473,34.8405362115032
2024-05-21,17.75,80.25,28.438337604229577,30.85247404221122,34.38597542619194,37.018187288821224,28.464565666771875,30.790585950629474,29.951771230930433,36.17064211476702,32.378887,37.98233,65.41937762631424,28.65156251792279,34.76231838421709
2024-05-21,17.75,80.5,28.728871424443728,30.988962629594248,34.77973243242956,37.17565923913439,28.75279547445447,30.92201866466338,30.03403090615048,34.67228077838263,32.676167,37.902252,65.3896687239224,28.928081455806577,35.135772983713245
2024-05-21,17.75,80.75,28.958063346709604,31.21632808608398,35.101308406357795,37.42746142818379,28.9803001804482,31.1399784035248,30.28291174222873,34.85814824991678,32.883038,38.03299,65.57256693243026,29.14455493375489,35.43726394701059
2024-05-21,17.75,81.0,29.071196360374316,31.274835722809534,35.33540251154135,37.75217197157354,29.09688820815631,31.22446202274828,30.463505474956687,34.88497808291527,32.687725,37.786896,67.92685610206821,29.23599725504462,35.64244228020451
2024-05-21,18.0,77.0,27.121192681253742,29.62341016672149,32.41667539868508,35.24735457852984,27.150002907245465,29.56502047176512,28.547546868940334,34.23750711189933,32.212708,38.329865,55.67464420916466,27.32353680210504,32.71248035699874
2024-05-21,18.0,77.25,27.128121122845585,29.240981459179743,32.504914558003634,34.83290525840633,27.163262699015817,29.198152225269258,28.65269128671719,34.17983335049706,31.831442,37.37088,58.40578668903447,27.30665934846467,32.77649500184747
2024-05-21,18.0,77.5,27.322952694360765,29.557002362947706,32.8308875563235,35.26200764803706,27.36267622278608,29.51125746240987,28.904155155949827,34.16648742840698,31.688538,36.71463,60.93154521505482,27.47622943794459,33.07118332879097
2024-05-21,18.0,77.75,27.639696678071513,29.86232242112802,33.250196117571086,35.696500428631374,27.675868129512963,29.815762925161106,29.19505142048271,34.4844955079073,31.967184,36.835724,61.40316935847513,27.79187389543194,33.49463547264052
2024-05-21,18.0,78.0,27.764852374318124,30.591143820314308,33.49974253306034,37.05207456171297,27.806207413772725,30.57885659406162,29.32987449969943,34.01024591735404,31.741272,36.710724,64.18574007427569,27.907796228177133,33.732535833080085
2024-05-21,18.0,78.25,27.445751057545877,30.10163208431013,33.122021584283814,36.42389028036174,27.495900336727885,30.10136329000572,28.91407825453831,33.18627600073512,31.265768,36.519318,65.13363534398036,27.570303676646773,33.31816379395447
2024-05-21,18.0,78.5,27.270566998827604,29.795209684009173,32.94241895048949,36.09931263779277,27.326228638303146,29.810147837566547,28.60085231883762,32.52146495594877,30.8526,36.091583,66.9324827142112,27.38518773867939,33.12707331014387
2024-05-21,18.0,78.75,27.417405920962953,30.11659009507809,33.10886555031612,36.563231122676484,27.468975604221274,30.129776394189726,28.695775921768035,32.76364135149879,31.105774,36.26541,66.16236147109446,27.537066519021657,33.30414731775075
2024-05-21,18.0,79.0,27.918198975081353,30.35296201253906,33.66626725096382,36.3238240892317,27.952627940533194,30.296027449020265,29.179328101330253,33.460677305310014,31.996317,37.04471,63.69172507188966,28.08940774222581,33.956698221289265
2024-05-21,18.0,79.25,28.14914751780378,30.26951644167729,33.88882569826312,36.045856323968835,28.17321150388446,30.195950913985254,29.435390352409456,34.122638014630525,32.56134,37.66739,61.49154654196198,28.356525026586556,34.23863297705513
2024-05-21,18.0,79.5,28.448457413863554,30.688055566899855,34.26583136675948,36.52361115467914,28.46819459040319,30.60102401037597,29.76031194542047,34.221303645382704,32.96092,38.147858,60.86175790236977,28.652699072108142,34.61042254109965
2024-05-21,18.0,79.75,28.47246216120992,30.79299317194608,34.35588553889642,36.74399928910127,28.496839358324735,30.71168433606796,29.896979828765893,34.360209497431356,32.753315,38.22989,62.533648219382684,28.660975327166394,34.67893801331351
2024-05-21,18.0,80.0,28.36324886151165,30.91863237544066,34.2362386894664,36.94333979669055,28.389267224079905,30.838436362162724,29.920617290664712,36.659273629554264,32.522602,37.98355,63.5562887752979,28.566957831642426,34.58741842211731
2024-05-21,18.0,80.25,28.516623898797082,31.004117959262175,34.468816628205495,37.06605967205023,28.542458638512375,30.923404131794147,30.14663716214591,36.7513724492847,32.573303,38.051422,64.4530654347213,28.720770761257793,34.82383925220215
2024-05-21,18.0,80.5,28.756936774768207,31.107513598568183,34.78898995935716,37.18388829911043,28.78002054771852,31.023170002941242,30.134133281242942,34.988685342331166,32.834126,38.246735,64.41874006464231,28.961789435480796,35.14868679187748
2024-05-21,18.0,80.75,28.876860924266722,31.208225477103618,34.98342228307295,37.41886134128844,28.900363207294173,31.132245104857912,30.279820075969365,35.241650062041685,32.84137,38.01541,65.16801750075062,29.05746364874541,35.30444507110859
2024-05-21,18.0,81.0,28.932819433990478,31.33522979464647,35.05343297625016,37.60352069962439,28.953567354430557,31.258595690447443,30.368756869940842,35.1719646047211,32.904926,38.12088,65.18540997408527,29.11935450206839,35.38952512934043
2024-05-21,18.25,77.0,27.228459940545566,29.582934739279416,32.45733614038679,35.06676785326715,27.247339072356777,29.512481338459526,28.56225686409027,34.411575959981235,32.77757,39.216583,52.65904607495758,27.458593794376966,32.785284539437654
2024-05-21,18.25,77.25,27.537028609509516,29.57263853699532,32.88936000331408,35.0877608750033,27.554347127620456,29.505491283114047,28.952540411130883,34.60312791230865,32.884174,38.753693,54.26826717531296,27.761734298917048,33.22288392913121
2024-05-21,18.25,77.5,27.7275112735489,29.887277346793713,33.20887000294028,35.51276101262846,27.748732535695478,29.816641365721186,29.205783309963877,34.731865941256274,32.73883,38.09549,56.6128877714932,27.923808536853635,33.509684980427764
2024-05-21,18.25,77.75,27.89059563554842,30.25521043572646,33.493394687450255,36.063612695861096,27.91588425581682,30.185560824767908,29.44288998855734,34.091608264007334,32.592022,37.79666,58.86181741363864,28.06605908524042,33.769448415611556
2024-05-21,18.25,78.0,28.00979093518566,30.276803701295407,33.732519995532094,36.19142850726175,28.040747270449305,30.209757910052694,29.57562244169618,34.23794413012621,32.3644,37.66971,61.48636461103686,28.17222415348902,33.99522312557039
2024-05-21,18.25,78.25,27.59332638958253,29.857621404503327,33.17121474888352,35.55732432911982,27.6273198758296,29.79596194803773,28.952425036981083,33.074979366726836,31.986551,37.241974,61.071456036570574,27.770446777039474,33.456342250230804
2024-05-21,18.25,78.5,27.55269849128906,29.635434833438303,33.15760065615341,35.17594073241789,27.589986639295876,29.566835347355997,28.76183842721844,32.593586901678805,31.757956,36.868927,62.48996961964866,27.72499731232902,33.44123632203169
2024-05-21,18.25,78.75,27.944820345712007,30.249403931780044,33.68573641628054,36.39986302352972,27.97970592229963,30.219679158171104,29.14681550442988,33.09976938601744,32.123188,37.435333,62.84806183488405,28.108899488932234,33.95574179588457
2024-05-21,18.25,79.0,28.35593351735829,30.794916705837906,34.19841352681366,36.96283053629338,28.382567440325037,30.736420243051914,29.60930320694464,33.70607879624947,32.66266,37.761505,62.17884450987349,28.533666064671568,34.49689807227001
2024-05-21,18.25,79.25,28.54384504202952,30.732333467955694,34.356716937128056,36.53779384392448,28.56050318971829,30.64097965863153,29.832341489774567,34.52440963217907,33.21588,38.53189,59.82351776298435,28.76265889236422,34.72041094040662
2024-05-21,18.25,79.5,28.64627237971518,30.95720830173167,34.48474859510028,36.86118059835523,28.66097398574919,30.860605827604978,30.01938682473556,35.30934868819952,33.358868,38.7128,59.5126907225709,28.856993870796273,34.83507736910893
2024-05-21,18.25,79.75,28.668323452109252,31.087363656404143,34.572934245079864,37.09557035897285,28.687683679538214,30.997669361179142,30.11970064752199,35.127950827054406,33.148823,38.60489,61.150134593933295,28.86285959557858,34.90145486362608
2024-05-21,18.25,80.0,28.761794848137743,31.21337427526865,34.70003655353563,37.21434395050578,28.78002133478927,31.114508964364518,30.30521275653886,35.58950441583738,33.238995,38.921295,61.21105034733636,28.954324792102746,35.02647118350147
2024-05-21,18.25,80.25,28.917765191843984,31.534937853275466,34.939980301748086,37.84294345119707,28.93645526521166,31.4519872595222,30.544250178482162,36.55141209287672,33.29189,38.81778,62.071046665154455,29.108470955235866,35.2653016100259
2024-05-21,18.25,80.5,28.76263520500434,31.54416328409242,34.813431303083284,37.980694070791955,28.789206160971315,31.474054118206755,30.297256096047505,35.464578903866084,32.80605,38.265045,64.45200417992163,28.93935867432524,35.11938572840657
2024-05-21,18.25,80.75,28.689533944281298,31.054062158511208,34.74532013459568,37.21636785508431,28.71814638149806,30.978599924505723,30.227047986315693,35.38594542693107,32.601868,37.898224,65.31062187659283,28.848798486280252,35.02548225150058
2024-05-21,18.25,81.0,28.51085794001882,31.026296183504016,34.43498792929056,37.14843129185642,28.532450684646296,30.950543207522415,30.067059155776548,36.03414825744028,32.6734,37.89041,63.47555956526984,28.698735640153554,34.76145613028647
2024-05-21,18.5,77.0,27.45870697926426,30.132216233604904,32.74326649614826,35.95222096954793,27.474242918834317,30.06990887502791,28.78794394911671,34.61772593344733,33.05605,39.665802,52.36989999814555,27.674397456902057,33.04785850539816
2024-05-21,18.5,77.25,27.838685543242168,29.846624558834986,33.26046086020079,35.461490937970915,27.851141608159107,29.776802799767335,29.25062321438853,34.8645687893208,33.274883,39.363068,53.72901963121922,28.04945802477486,33.57233474730253
2024-05-21,18.5,77.5,28.21036541737315,30.34186119443133,33.75002161436002,36.08246380435695,28.21756803156217,30.261636165473263,29.702539356055556,34.785779719716174,33.615295,39.45096,54.29169091726984,28.43299514305371,34.08747162287314
2024-05-21,18.5,77.75,28.369675449030087,30.810298661414404,34.03222035888488,36.73691063425325,28.380498558295873,30.725893664332354,30.00255856843545,35.04753696856369,33.46759,39.15213,56.42065027782498,28.570125517301953,34.343646976608156
2024-05-21,18.5,78.0,28.17410558454806,30.56437128911061,33.815372362394875,36.42563966387888,28.190946047949016,30.485233355247615,29.83303608727135,35.09545951092167,33.09129,38.605255,57.41052129284858,28.34808856621249,34.08799078122564
2024-05-21,18.5,78.25,27.742663781949318,30.038654446884358,33.22391873359053,35.61881335965466,27.76255188114598,29.949405031409412,29.103334175863978,33.57797320290638,32.773987,38.18338,56.508424647816234,27.94312216648791,33.53107011910461
2024-05-21,18.5,78.5,27.847360973889394,30.063734242968003,33.36553175539596,35.55193019945356,27.866115831385155,29.975592033932067,28.995048786018156,32.87192663392136,32.834126,38.072052,57.263934850889775,28.09266324953544,33.75015850798328
2024-05-21,18.5,78.75,28.321787645777572,30.521866644261,34.03287122727252,36.103081436436256,28.33886724425037,30.424087124711033,29.441455786915053,33.31498431566115,33.12221,38.784943,58.77820663810555,28.546730929557953,34.39700650396932
2024-05-21,18.5,79.0,28.718510383681764,30.80879772372166,34.56929411274895,36.54352552623849,28.732312809938094,30.709697862069312,29.90825563766869,33.909576741909234,33.49217,38.974396,59.29543122125784,28.953680636218127,34.956384043178424
2024-05-21,18.5,79.25,28.94232056093166,31.225192804890483,34.885520507670414,37.13025909387556,28.955186102102942,31.121790111960863,30.228128507026707,34.6576545820007,33.669983,39.613922,59.72110504134023,29.171578251597367,35.26464845615264
2024-05-21,18.5,79.5,28.987273946241718,31.434308844026617,34.94033106539841,37.43715148088281,28.998934188183366,31.329554848857807,30.402730765898827,35.49333627986533,33.736633,39.310455,59.47986303398391,29.20337670275889,35.298502800001664
2024-05-21,18.5,79.75,29.060184068542934,31.618437008426007,35.04523275491218,37.89575354615411,29.07124389392317,31.528319569214005,30.57672235607456,36.14242378814117,33.791645,39.02713,59.430423194408625,29.24823422555506,35.35714847816
2024-05-21,18.5,80.0,29.154799189472826,31.575839118284037,35.17304354167967,37.83694160755509,29.16415428368103,31.486281313151835,30.741164242949676,36.430122490924305,33.885883,39.26346,59.484129643172,29.342367212037377,35.48639548454444
2024-05-21,18.5,80.25,29.036459551980357,31.402021863543112,35.06790277987336,37.52868203613383,29.051457326757895,31.303602224795995,30.738554097231766,37.137323464265194,33.554913,38.98221,60.93294568269795,29.21454588479638,35.36756093719904
2024-05-21,18.5,80.5,28.83390124675225,32.029502432682236,34.9363447799034,39.08501415546485,28.864110218146795,31.998845167781997,30.580342566320763,36.180789847759,32.831604,38.130646,64.52899474265489,28.972517741713403,35.16701922096246
2024-05-21,18.5,80.75,28.352823879662637,30.903419967307613,34.27533372312892,36.966390516025406,28.383947684195586,30.827823479226204,29.97297141446518,36.725697811422606,32.325092,37.8378,64.76029876110496,28.52363364190458,34.56884045796027
2024-05-21,18.5,81.0,27.964394815808564,30.66263276272621,33.74249883338681,36.71983769421932,27.9948400401903,30.598894513958207,29.640235364495073,36.322364408357714,31.972311,37.698395,64.38868226851952,28.148489841056062,34.05672796529296
2024-05-21,18.75,77.0,27.946057962147325,31.000186564522796,33.36087122744066,37.33234533575777,27.953773425899755,30.948959926192032,29.268492134310396,34.93505965221618,33.608948,40.173615,51.99964785959958,28.128103083250792,33.61201507541735
2024-05-21,18.75,77.25,28.238527874933983,31.0069427623785,33.733030550236144,37.08269640722894,28.241898165496703,30.927458738392914,29.638559163680156,35.17998019500766,33.90257,40.41385,52.391783057019815,28.446503511612743,34.03549226452924
2024-05-21,18.75,77.5,28.595933014723787,31.01479378991366,34.198328020466285,36.91236056730039,28.593237114255093,30.919045747870058,30.03484159854237,34.8750488150726,34.258606,40.505646,52.73907394906134,28.81622181460076,34.52884912479423
2024-05-21,18.75,77.75,28.672100974730796,30.822717307820604,34.38030646873796,36.74529005036201,28.67529085784516,30.73737522573883,30.190881311471117,34.82802108806044,34.00014,39.991974,54.96990026147274,28.87292685213614,34.68812668456972
2024-05-21,18.75,78.0,28.463738436682174,30.618654824335188,34.15807783124059,36.54554690506691,28.473925935878285,30.54081454052347,30.088189771780595,36.030860549322085,33.558735,39.259552,56.216493681971,28.628003555242657,34.41221759312808
2024-05-21,18.75,78.25,28.30936219070956,31.20396006608361,33.94009546953955,37.77018908323764,28.319569655604155,31.16791051922519,29.934232207242,35.696070636486525,33.473206,39.054474,55.5894765170084,28.4695584891099,34.18202438169316
2024-05-21,18.75,78.5,28.276066757193743,30.634582395468975,33.82875383571433,36.16849669586977,28.280500948732012,30.532553644582244,29.64690803595106,34.63824073923888,33.693665,39.28299,54.38326731857638,28.51648365261027,34.199388825423455
2024-05-21,18.75,78.75,28.560342245338926,30.96486705662347,34.22953512386707,36.58812502899453,28.563968995264844,30.85721622111098,29.744859182040774,34.1341271839072,33.870667,39.710724,55.46741124119419,28.818542849653674,34.63519799626257
2024-05-21,18.75,79.0,28.824897518328765,31.145996265933594,34.570457952946775,36.76295980535016,28.828030340941357,31.035196917172478,29.977437637352626,34.25747882549598,34.20286,40.206818,55.47214079935492,29.123859617171806,35.03940224942309
2024-05-21,18.75,79.25,29.07642404617496,31.37250946330332,35.01442560805743,37.25215664723206,29.083932279381273,31.262579497129515,30.340933514582787,34.999374385475505,34.01414,40.022125,58.406922302346636,29.32570690303821,35.422756071044454
2024-05-21,18.75,79.5,29.206199741759637,31.733922859445077,35.291116074415015,37.84627982434821,29.21992918768542,31.625079796247398,30.568898714702545,35.36815073587155,33.760723,39.63736,60.91025074595432,29.40341066515742,35.62313918695684
2024-05-21,18.75,79.75,29.334264766628717,31.91132505845642,35.45612310890634,38.2516683839906,29.345699354024756,31.812192588572422,30.794269447856824,36.162211394314,33.943012,39.28775,60.353592376403604,29.503966062623675,35.739022194343605
2024-05-21,18.75,80.0,29.341822270199582,31.77482283025074,35.482731845219725,38.28047373874881,29.3544388759218,31.691354131068266,30.917803074934884,36.80430264513541,33.90924,38.997833,60.46571394557534,29.48651229976729,35.719512062289596
2024-05-21,18.75,80.25,29.161330521293664,31.74548249900637,35.31659387152991,38.4501377907894,29.183210322454983,31.693268855510524,30.7883063832559,36.68130755348898,33.43984,38.618927,62.41741008286152,29.288858852743182,35.522871667875535
2024-05-21,18.75,80.5,28.6651424472788,31.452766312316534,34.671868063324325,38.19634026346373,28.69208479881975,31.422182006287052,30.416760199215606,36.78094641157173,32.79881,38.292145,63.557583810324054,28.826087118241606,34.93567461472032
2024-05-21,18.75,80.75,28.185277843806503,31.168475207987136,33.98519430177314,37.23591059528307,28.20903656360238,31.080392375150254,29.904618830077695,37.574327865690066,32.41974,38.560455,63.12386170234234,28.41922745936368,34.375903063503124
2024-05-21,18.75,81.0,27.587087006426756,30.51981326092912,33.24022985757559,36.46825499133032,27.618559507613725,30.451686400840664,29.385410618040222,36.73695745534343,31.5991,37.97647,64.62924945328032,27.825718717691103,33.63801888697673
2024-05-21,19.0,77.0,28.258668561226816,31.47156433130853,33.53117548297585,37.63178268392286,28.241107048645492,31.377735280122906,29.45417220486782,35.41617669134041,34.985493,41.54471,45.69224327834928,28.495741839170314,33.84768824950054
2024-05-21,19.0,77.25,28.48617889326945,31.83779328762177,33.92383821843738,38.32000696479916,28.47282426015819,31.75655604859456,29.78557013264836,35.15031315296471,34.74005,41.105255,48.83635434791841,28.72155586826007,34.256044099918974
2024-05-21,19.0,77.5,28.63516975887764,31.93388553782649,34.24438349110463,38.53559568945132,28.631023342254633,31.85977003234351,29.957461221792048,34.40539806000879,34.335674,40.60721,52.39076202071163,28.8399473471992,34.54649151477388
2024-05-21,19.0,77.75,28.67747261237002,31.31502615109536,34.37430823939245,37.49357388172722,28.680332948113772,31.230401942428095,30.08451364284869,34.52232746753725,34.069805,40.2576,54.45450756387657,28.86967813770798,34.66431312845536
2024-05-21,19.0,78.0,28.707824678155742,30.747351532458524,34.49332555684845,36.77139578886739,28.717038612119662,30.665683054370007,30.107726089317094,34.112800281171815,33.764385,39.769318,56.853760965890366,28.898282319558085,34.792420629879665
2024-05-21,19.0,78.25,28.808289008859067,31.136755862178468,34.75384113858552,37.52940408038798,28.825850778157918,31.08466602553886,30.411505729148676,35.510712957811165,33.344868,39.02713,60.660441860246095,28.985494570254403,35.048617544185554
2024-05-21,19.0,78.5,28.7120987580288,31.570649704863914,34.5002123524684,38.09882844467321,28.718846019757667,31.5090185128619,30.357986990648072,35.45776690275983,33.75218,39.519318,56.92347728814625,28.89590205236361,34.791862769658344
2024-05-21,19.0,78.75,28.885786907557627,31.26784104686221,34.64943113702127,36.96627764366025,28.882892203119486,31.155032122174223,30.339215738743984,35.47205165603151,34.24176,40.16385,55.19023558006544,29.122910537241985,35.027225228455315
2024-05-21,19.0,79.0,28.991280063865062,31.417967137177108,34.78630826173332,37.11112523149189,28.98771079179107,31.302790570281424,30.371447757948015,35.61519360882454,34.372295,40.560333,55.388432832474614,29.268375830454538,35.228571927594544
2024-05-21,19.0,79.25,29.04829497908357,31.4579360976987,34.99001248303926,37.312793987917786,29.056310145209896,31.344021842139245,30.29068713443203,35.31711028438514,33.926983,39.999786,58.66557767375077,29.277695147911405,35.36792166585401
2024-05-21,19.0,79.5,29.19895254305276,31.567225692397876,35.27863177340844,37.6497511321323,29.212808428436162,31.462893667519545,30.458738461976775,35.30899716888155,33.762024,39.447052,60.83559690394723,29.395389597449807,35.6094167335621
2024-05-21,19.0,79.75,29.376361380256895,31.775427734918978,35.55072206834593,38.22703812682821,29.391377117128144,31.694395391727234,30.802578215783882,36.70304742246657,33.84593,39.134552,61.250494489802776,29.5248483420294,35.80166931870464
2024-05-21,19.0,80.0,29.307440243166592,31.741543457593412,35.48129799659061,38.03075520678601,29.32599068203935,31.646570627747053,30.846346587967037,36.77737489565271,33.701233,39.025177,61.56372321623598,29.428538760924326,35.68187723869882
2024-05-21,19.0,80.25,28.947291988514095,31.519623681689474,35.041651448848185,37.74435288585433,28.973254457529848,31.42939031007453,30.56427022983812,37.2997951363397,33.144024,38.86502,62.96671278955296,29.078644609849945,35.25677586447067
2024-05-21,19.0,80.5,28.458396995928595,31.436541580504098,34.40365342751906,37.59259308021486,28.486969600540707,31.34396910429297,30.21723905583813,37.358274789005634,32.528625,38.753326,64.1020575811424,28.637290445475614,34.69984002210386
2024-05-21,19.0,80.75,27.97020870202812,31.103549484337023,33.72141130110399,37.44142099678498,27.99619878433643,31.015449292938,29.972470756620726,37.37542932919894,32.142475,38.467926,63.484682214933805,28.202109699194025,34.099232607390846
2024-05-21,19.0,81.0,27.355489949588648,30.0706240362328,32.91651312704998,35.848381594323506,27.385871881031708,30.00682976560861,29.021144651243713,35.85214636604002,31.46108,37.78824,63.970140983223565,27.61969276142196,33.34856868133045
2024-05-21,19.25,77.0,28.365802544518246,31.860836233120253,33.69692642592883,38.40321125068323,28.348293797081777,31.784542109367543,29.46620494305761,34.754924944928916,34.97101,41.199005,46.54483993601328,28.605286101131757,34.01916705766402
2024-05-21,19.25,77.25,28.452880473155748,32.188989702963,33.82360663125264,38.89824492412271,28.43544397223791,32.11190992842964,29.56161974907019,34.441539109272696,35.004375,41.284943,46.979102934193776,28.6970001261706,34.15286262653074
2024-05-21,19.25,77.5,28.47573392935395,30.9759904421326,33.927969733867116,36.82583105839704,28.463899562329527,30.878261078302124,29.568504884984634,34.01983928878474,34.619934,40.93924,49.45127620570437,28.69863635240283,34.250187332018264
2024-05-21,19.25,77.75,28.584979628179017,30.482211777670052,34.160226134592044,36.046060516484786,28.58044875302106,30.399077907688486,29.73944638080017,33.77282989890841,34.348858,40.60721,51.905992809181306,28.78712016059928,34.459003908097266
2024-05-21,19.25,78.0,28.710026150607774,31.04633072503445,34.41580077489125,37.043196288015714,28.712442494945076,30.957492878754174,29.96512648428857,34.16567096801003,34.118305,40.30838,54.368245268126294,28.902769700849134,34.70457482977041
2024-05-21,19.25,78.25,28.678907930718783,31.085173665195445,34.4757947519649,37.21962568193557,28.69070453777297,31.007683191334458,30.077679331821596,34.659386133531484,33.661682,39.872833,57.36622841910083,28.8686120421823,34.77209625999444
2024-05-21,19.25,78.5,28.67951641076202,32.02102415360327,34.47979481324737,38.79591788077142,28.690197145144083,31.960445233075035,30.090470548687392,34.951118160822375,33.65517,39.755646,57.333112670612344,28.858419757544073,34.757349786889456
2024-05-21,19.25,78.75,28.695866100847592,31.336229094071022,34.49222929273819,37.57398611810908,28.703711329073315,31.256414852188485,30.163984918342095,36.41251966281567,33.675274,39.636505,57.42878100606821,28.889056241124162,34.80155052315879
2024-05-21,19.25,79.0,28.47913144624555,31.32748675375572,34.17907187184458,37.150475720218395,28.485734829847246,31.216384285779256,29.923281635092223,36.704207745100575,33.53538,39.759552,57.12451094705227,28.721621162202574,34.56863887050727
2024-05-21,19.25,79.25,28.766144723332193,31.203189813341485,34.56956966704042,36.880867157863925,28.77426181288782,31.091450062165286,30.059499892086535,36.74825447827055,33.81386,40.074005,57.43396118352798,29.017551074384087,34.972693205624715
2024-05-21,19.25,79.5,29.1827020910689,31.42189774377976,35.074539289549634,37.20381048051051,29.18167487743827,31.307328422168972,30.32833295430758,35.43056507182337,34.450176,40.74588,56.04233537801617,29.42487025377128,35.46385663888914
2024-05-21,19.25,79.75,29.429623417566443,31.69948187081018,35.49435657672885,37.701634395477384,29.433113176449194,31.581667873303797,30.6667216357227,35.79002794782002,34.378235,40.304474,57.95462426712493,29.60479359525008,35.7826992746845
2024-05-21,19.25,80.0,29.31834454593481,31.79657608881803,35.456395335182116,37.94431473909452,29.334029400709507,31.687729321822758,30.78001877910533,37.148362299206894,33.855774,39.66153,60.660188747566245,29.46092514950228,35.69203528502012
2024-05-21,19.25,80.25,28.934380808674295,31.70108583357856,34.98559532214762,37.80984053730138,28.957418462405226,31.593280156763925,30.532292532133713,37.80701736401397,33.265766,39.569733,62.16755153873469,29.095794867924027,35.251594626175496
2024-05-21,19.25,80.5,28.414348047116942,31.1920390209525,34.35771627936895,37.134689221992176,28.445450016170167,31.092148492802124,30.235452420853903,38.014555737429646,32.440815,39.16324,64.49047947924485,28.60068078657188,34.663470096974756
2024-05-21,19.25,80.75,27.561402340856834,30.33167067318891,33.27390030910572,36.58225295804809,27.603018689352723,30.29669495438982,29.724531223335916,36.53273654068391,31.392477,37.31949,65.51506225744546,27.73341125382308,33.54298681905192
2024-05-21,19.25,81.0,26.667292261330342,29.767232934462236,32.157217233897946,35.78439807190023,26.7164776308762,29.748704123297216,28.258890827407118,34.39944230841172,30.209452,36.16324,67.58607746425686,26.84984225474397,32.450066080404554
2024-05-21,19.5,77.0,28.327291162379193,30.501143804532035,33.67637589582095,35.91944207072895,28.312050733793896,30.424618988079736,29.43096723201677,34.29907002226582,34.742573,40.878693,47.57546417182212,28.54749429172964,33.98476714271068
2024-05-21,19.5,77.25,28.386198307957397,31.488501813218917,33.75103212781836,37.725567480727875,28.368433848632787,31.400953209726655,29.461568638129222,34.013881135312545,34.833313,40.884552,47.334230928570825,28.59460024706744,34.03569473709746
2024-05-21,19.5,77.5,28.50600852104945,31.45523982881177,33.959486446670304,37.6844461895622,28.491222681851017,31.368579778946597,29.57707342410647,33.86581176082535,34.708313,40.866974,48.88332044641755,28.699566118237076,34.22955763915965
2024-05-21,19.5,77.75,28.756794563956863,31.7027686810223,34.31234327928052,38.0473430648147,28.74184555569084,31.61487529589729,29.899067086485534,34.14711714065288,34.860413,41.08377,49.70028215403108,28.949556590349275,34.584508707449864
2024-05-21,19.5,78.0,28.895962549207113,31.86947689496735,34.54237285476403,38.302766542120146,28.884403412658358,31.781714346035272,30.150969187884765,35.033471280271556,34.808735,41.031036,51.089145322862606,29.093480121266754,34.82721231045585
2024-05-21,19.5,78.25,28.74749566767316,30.81906423920091,34.42087983553312,36.64591636375554,28.746250776855117,30.7258440426244,29.99097614786825,34.12964892047444,34.326313,40.72049,53.249099319695866,28.945476921437162,34.717768500407225
2024-05-21,19.5,78.5,28.68896454571292,31.427613961563218,34.38519308001975,37.68411178546148,28.69157208856535,31.345011992750344,29.87811783612176,33.772715925101124,34.09373,40.22635,54.3951472736583,28.88381355284067,34.68065289232608
2024-05-21,19.5,78.75,28.829922593809002,31.070681700321547,34.70801145482805,37.45362859875914,28.843505096335193,31.02126482523088,30.13230321461832,34.16270413130633,33.723125,39.82791,57.85624916214286,28.987201315933966,34.94803015999779
2024-05-21,19.5,79.0,28.62375374346267,31.38750394265039,34.33971036715555,37.70221858848925,28.629821578831535,31.31294930294228,30.024877326610028,35.70181265513196,33.842022,40.181427,55.66127933173595,28.81720474494564,34.64068933426114
2024-05-21,19.5,79.25,28.973369027629257,31.20584040149331,34.787162325488076,36.783361095734634,28.97503607750646,31.095231005440084,30.17657139134972,34.866219604248386,34.27122,40.554474,55.490690525202545,29.188971403675126,35.12673888296194
2024-05-21,19.5,79.5,29.33472336137594,31.83273479564717,35.300314549595505,38.085115176387106,29.333589584274524,31.7303766174089,30.582253180738476,36.31894365862473,34.53359,40.628693,56.357944867536595,29.542486203327826,35.634713961266584
2024-05-21,19.5,79.75,29.487807925634616,31.811341247363274,35.471040181861845,37.97907816970414,29.48103098931915,31.703330981743278,30.767292078185154,37.26808783137557,34.825825,40.968536,55.41434324952845,29.687680511417636,35.792382665412084
2024-05-21,19.5,80.0,29.276660633341574,31.902593069762275,35.243810367420465,37.827640633641465,29.27771746767832,31.780146129563505,30.64965286696065,37.15626292350896,34.385235,40.798615,57.04784126781224,29.49502099577237,35.59816589263359
2024-05-21,19.5,80.25,28.841925790343556,31.77648293969492,34.79594886492273,37.77275466248854,28.857399945954175,31.659506728440746,30.377370482525805,37.45371109010563,33.39272,40.187286,61.105596955217244,29.084670902928696,35.198297456063145
2024-05-21,19.5,80.5,28.263440582986902,31.382124646142803,34.08255348311227,37.2129214796675,28.289570770850762,31.269788689369534,30.024959062887035,37.66457757430044,32.565735,39.864655,62.7822021341812,28.515236046413115,34.492553436408286
2024-05-21,19.5,80.75,27.520843560272287,31.243604805570435,33.23521035899514,38.40997107522456,27.56387497230493,31.267148937716495,29.574743189467956,36.88565448722926,31.332174,38.294342,65.88211384320151,27.718650179107676,33.53429658724171
2024-05-21,19.5,81.0,26.16413863407722,29.426263046837008,31.478314871004994,35.588196349500464,26.21488750717322,29.44509971812105,27.84853477444155,35.12356710941168,29.902811,36.384552,65.90640836033252,26.373463603586007,31.799699582392357
2024-05-21,19.75,77.0,28.0983030068215,30.550974038212402,33.44920968302059,36.02102102439757,28.09032292485234,30.455786867721574,29.220282436983467,33.761724312777346,34.209614,40.154083,49.07001701070624,28.27712047589516,33.69607478365115
2024-05-21,19.75,77.25,28.306161782672106,30.715849732563164,33.73032434246876,36.584195165310845,28.29683321756268,30.630454068181642,29.393444310374875,33.41864394614936,34.35309,40.40799,49.66587199914605,28.487801368243264,33.98729574007598
2024-05-21,19.75,77.5,28.637346154725467,30.726280815395647,34.15983252418538,36.457147034535964,28.6240247899036,30.629850734844386,29.66137998575178,33.71232746712633,34.700092,40.900177,49.847306517641705,28.825356223798686,34.42919111561326
2024-05-21,19.75,77.75,28.916969380329718,30.94112281224797,34.508165874007524,36.67120730308828,28.89850198628231,30.846634320017795,29.98879322259528,34.02532202462953,35.069153,41.28299,49.50156237540144,29.110000820545068,34.78538397487227
2024-05-21,19.75,78.0,29.173597238369364,31.37666450592044,34.839149682452195,37.28140340732816,29.151149219591726,31.267904410296225,30.28497798326183,34.60357519139734,35.35797,41.4451,49.49216679355794,29.368712224504772,35.123491539003936
2024-05-21,19.75,78.25,29.186499177053417,31.32155025036443,34.940831402255036,37.273713069151704,29.17234152331058,31.217657454418315,30.338082587092092,34.424750672751145,35.023743,41.093536,51.64637867735013,29.364155693564037,35.20585039634561
2024-05-21,19.75,78.5,29.14339034578083,31.502586395484514,34.93889322847439,37.54336087537853,29.13530485065057,31.39782072813969,30.27684869448579,34.00933631110979,34.753235,40.878693,53.04199135818311,29.306780967174227,35.1863851006554
2024-05-21,19.75,78.75,29.269380976340646,31.956298150411953,35.12557185710135,38.472689214996876,29.261125636635253,31.87221817845791,30.441394154072828,34.57394458941002,34.837708,41.06424,53.350448874841184,29.42499190488783,35.35591175491367
2024-05-21,19.75,79.0,29.256017693294865,31.586202714739358,35.042324770217185,37.402329059573205,29.241315014360534,31.470249127213446,30.602808225474845,35.594271505955135,35.04775,41.128693,52.08065102626721,29.444990557765394,35.33068118193025
2024-05-21,19.75,79.25,29.48332474379406,33.32514459174884,35.48941270601008,40.55571698963133,29.47905101860772,33.23653146250565,30.855725619734482,36.08564080207822,34.76829,40.892365,55.68315718094499,29.670165867728947,35.779732773554976
2024-05-21,19.75,79.5,29.537818024244007,31.96532569322065,35.54542345605238,38.1338437297413,29.531708628891554,31.851366343906868,30.858472116694816,36.36792671817369,34.85675,40.773224,55.596127302632055,29.739930788378885,35.87047505248845
2024-05-21,19.75,79.75,29.35290074664368,31.779115633486608,35.16628723480179,37.55438613596553,29.33947449949696,31.65899311369207,30.784641745954314,37.227205957904744,35.187725,41.206818,52.39563207748328,29.614897128567424,35.569817306795436
2024-05-21,19.75,80.0,29.13383446613359,31.85418530031005,34.91009908106546,37.661030188059115,29.126460317376864,31.732379824641388,30.648794208884635,37.88594173786424,34.8172,41.187286,53.50415209479348,29.42682717977707,35.3645916198507
2024-05-21,19.75,80.25,28.674727485825628,31.653888012217912,34.45914797579817,37.44932914045028,28.68331763702699,31.534837710061275,30.259256632855827,37.251609144620716,33.666565,40.712677,58.27135442850162,28.98719042460027,34.96345038247846
2024-05-21,19.75,80.5,28.013195719245896,31.130196110401833,33.65598669133738,36.775893163046945,28.032767585667397,31.019703462586534,29.73034045486966,36.549313578807926,32.676495,40.210724,60.28813191818312,28.318325819024302,34.14781927428622
2024-05-21,19.75,80.75,27.482437934420886,30.672435576325576,33.00351525475887,36.1773081862871,27.51150912318469,30.56944359802224,29.199065168818304,35.684146306955824,31.989725,39.517365,60.9025048493158,27.75326012633049,33.42869851387099
2024-05-21,19.75,81.0,26.494859250661378,29.632012673553795,31.761914963496423,34.940731437351175,26.531401736092405,29.54865433064395,28.01752450758396,33.705204026338095,30.870993,38.060333,61.36831485600583,26.76567898869142,32.176655799775325
2024-05-21,20.0,77.0,28.054547470026076,30.593654788933442,33.34622274738563,35.86999435995302,28.042736871407385,30.503752729248205,29.235185367798934,33.50162987308153,34.367493,40.540802,47.666767118348126,28.224742927847466,33.57817802102581
2024-05-21,20.0,77.25,28.209888740105175,30.721826492717625,33.66423185978321,36.087305590589054,28.20779986054815,30.62377043647266,29.275792718062018,33.213968580358085,34.02537,40.37088,50.914801270380714,28.361159477980415,33.87125451111459
2024-05-21,20.0,77.5,28.55153614149958,30.88398908634749,34.10783449417013,36.26138878550052,28.545393112381102,30.786054341714767,29.525880914639753,33.40183471800435,34.371235,40.747833,51.20118062240194,28.71266236837156,34.335310558696484
2024-05-21,20.0,77.75,28.82913854275212,31.175837880264623,34.40570834747508,36.63418761856761,28.812843521135278,31.072764980386133,29.7896151791896,33.80518775338652,34.906067,41.097443,49.879678393055194,29.0154810278906,34.67732479741954
2024-05-21,20.0,78.0,29.06049655056893,31.375246937362924,34.70279314693266,36.90181693781065,29.040836209406994,31.26770816761095,30.070071835046463,34.14684731069184,35.168518,41.275177,49.87387977192793,29.2512594592269,34.98505458451107
2024-05-21,20.0,78.25,29.243595676848315,32.07965121640924,35.029803248710856,38.560292261916736,29.228101039847946,31.985751421939035,30.298002512391946,34.52541739311209,35.038147,41.111115,51.73788296073354,29.389677831232223,35.2433463414053
2024-05-21,20.0,78.5,29.278649005359096,32.19167583505381,35.09946993199047,38.706303797754096,29.26613708887683,32.09533597458426,30.37625845623043,35.01740771122735,34.985332,41.23221,52.389266540436005,29.43011251374521,35.32356920751376
2024-05-21,20.0,78.75,29.388436574430028,32.75068178520958,35.26256612391712,39.86253788950983,29.374827031417144,32.68318084608913,30.587746336684905,35.18867258556031,35.060852,41.304474,52.57451926541989,29.52380824782967,35.4557769623472
2024-05-21,20.0,79.0,29.41943357724516,31.780291584089056,35.31793523165011,37.67090557263103,29.406991780283295,31.659258966134658,30.77764838568909,36.55514823309778,35.001118,40.8826,53.50910390967118,29.59519912657762,35.58965292152797
2024-05-21,20.0,79.25,29.48730790653559,32.211315532801606,35.40038836282343,38.5391510867083,29.474020243151582,32.09856158572,30.790508399130648,35.63709256657978,35.107483,41.036896,53.542258176245916,29.696642196100104,35.72702996605933
2024-05-21,20.0,79.5,29.498607672321,33.92381431640055,35.564416922804575,41.77763006303366,29.497777621165355,33.86053115472687,30.97750352531803,36.833579843367204,34.617573,40.425568,56.68519091985879,29.662177572259402,35.809653010814216
2024-05-21,20.0,79.75,29.311612885276674,32.76633809930095,35.172319990520016,39.35442953970045,29.301267933035103,32.649338646993456,30.9154770723684,36.88964898219962,34.911194,40.790802,53.5826002390844,29.52302418442557,35.496141317110116
2024-05-21,20.0,80.0,29.204751163476953,31.800057084909156,34.96914475901715,37.581558720597954,29.19424191196507,31.67924857456253,30.843175997725098,37.72132382073892,35.03717,41.26822,52.55916365590563,29.500200194308192,35.42370948308678
2024-05-21,20.0,80.25,28.798817730506386,31.63554711826705,34.54305855735567,37.42169282836576,28.80086498928397,31.51701141150931,30.399179516011205,37.14569902257671,34.137592,40.87088,55.998513843099865,29.13202274224844,35.07058127979972
2024-05-21,20.0,80.5,27.97313065832522,31.236268546069056,33.44214465122323,36.77460985970068,27.984385122499404,31.12732671630425,29.482774509336846,36.06136546958169,33.415997,40.83377,55.05086542722103,28.348275385589297,34.00478210485825
2024-05-21,20.0,80.75,27.520722151990395,30.878974639642877,32.872255872052804,36.33768571776301,27.53699825286863,30.774906995120148,28.92503554428508,34.79480787913349,32.93333,40.28885,54.695154997437584,27.860975504681218,33.36410480291173
2024-05-21,20.0,81.0,27.0111858456617,30.14840162199944,32.291344232290925,35.56193224335883,27.035774375601267,30.055010199160044,28.466508911094706,34.43964568553855,32.04124,38.988068,56.87406462368216,27.313875031204773,32.73806489640401
