time,local_day,temperature_2m,shortwave_radiation,direct_radiation,fdir_frac,cossza_label,cossza_mid,legacy_c,audited_c,hour_difference_c,site,window
1991-04-05 13:00:00,1991-04-05,29.8,78.0,47.0,0.6025641025641025,0.008996182990710776,0.13698301095971938,46.348830580077276,28.627053878813513,17.721776701263764,Kochi,1990-2004
2003-04-26 13:00:00,2003-04-26,32.4,69.0,41.0,0.5942028985507246,0.008996364085224876,0.1343328945918584,44.74509679292311,30.111860307901225,14.633236485021882,Kochi,1990-2004
1995-04-25 13:00:00,1995-04-25,30.3,69.0,38.0,0.5507246376811594,0.008768406635433677,0.13426837677439438,43.875515048488296,29.72252877269841,14.152986275789885,Kochi,1990-2004
1997-03-24 13:00:00,1997-03-24,30.9,75.0,45.0,0.6,0.011277941647102448,0.13975579625325094,42.84333589193642,29.198766409712846,13.644569482223574,Kochi,1990-2004
2001-03-01 13:00:00,2001-03-01,29.3,82.0,49.0,0.5975609756097561,0.009675399712911377,0.13666714692539036,41.32960073343759,27.704673845969296,13.624926887468291,Kochi,1990-2004
1997-04-25 13:00:00,1997-04-25,31.5,64.0,34.0,0.53125,0.008768406635433677,0.13426837677439438,42.980612085247,29.54165986401955,13.438952221227453,Kochi,1990-2004
1998-04-04 13:00:00,1998-04-04,32.5,83.0,50.0,0.6024096385542169,0.0091746873506468,0.13723511436810856,42.384722861199634,29.284865778584958,13.099857082614676,Kochi,1990-2004
2001-03-02 13:00:00,2001-03-02,29.4,83.0,50.0,0.6024096385542169,0.01007739878114182,0.13719352243352886,40.66266669757408,27.657491541459024,13.005175156115058,Kochi,1990-2004
1996-04-05 13:00:00,1996-04-05,31.8,79.0,48.0,0.6075949367088608,0.008826119683206466,0.13673372607533163,41.503269956363624,28.550956250287413,12.952313706076211,Kochi,1990-2004
1991-03-01 13:00:00,1991-03-01,30.4,65.0,37.0,0.5692307692307692,0.009675399712911377,0.13666714692539036,40.68454245583183,27.867666499956954,12.816875955874877,Kochi,1990-2004
1993-02-23 12:00:00,1993-02-23,23.7,89.0,50.0,0.5617977528089888,0.013056194834687285,0.1305109063260689,34.02688698489328,18.910369782401006,15.116517202492275,Kolkata,1990-2004
1991-02-21 12:00:00,1991-02-21,26.6,86.0,51.0,0.5930232558139535,0.008852485479892133,0.12601498013011786,34.82672012493805,22.005710536374806,12.821009588563243,Kolkata,1990-2004
1991-02-22 12:00:00,1991-02-22,28.2,84.0,49.0,0.5833333333333334,0.010968682936462054,0.1282786708819398,35.858378048735744,23.806370135642055,12.05200791309369,Kolkata,1990-2004
2004-02-21 12:00:00,2004-02-21,26.6,81.0,46.0,0.5679012345679012,0.008852485479892133,0.12601498013011786,34.73707499316765,22.692623863571214,12.044451129596439,Kolkata,1990-2004
2003-02-21 12:00:00,2003-02-21,25.8,77.0,41.0,0.5324675324675324,0.008852485479892133,0.12601498013011786,34.533194745556784,22.606559691391,11.926635054165786,Kolkata,1990-2004
1990-02-21 12:00:00,1990-02-21,23.3,60.0,30.0,0.5,0.008852485479892133,0.12601498013011786,34.550230112933434,22.68307328323135,11.867156829702083,Kolkata,1990-2004
1990-02-22 12:00:00,1990-02-22,25.6,74.0,43.0,0.581081081081081,0.010968682936462054,0.1282786708819398,33.50785136991817,22.030214688367266,11.477636681550905,Kolkata,1990-2004
1995-02-21 12:00:00,1995-02-21,26.9,57.0,30.0,0.5263157894736842,0.008852485479892133,0.12601498013011786,35.32636711201957,24.107173127202486,11.219193984817082,Kolkata,1990-2004
2001-02-22 12:00:00,2001-02-22,25.0,78.0,43.0,0.5512820512820513,0.010968682936462054,0.1282786708819398,35.0942463365522,24.099338827399208,10.994907509152995,Kolkata,1990-2004
1993-02-22 12:00:00,1993-02-22,22.4,85.0,47.0,0.5529411764705883,0.010968682936462054,0.1282786708819398,28.7231339023661,17.776559718639987,10.946574183726113,Kolkata,1990-2004
1999-03-01 13:00:00,1999-03-01,29.9,81.0,45.0,0.5555555555555556,0.010633964561638592,0.12366222010255279,34.95480195520747,21.579124945296485,13.375677009910987,Bikaner,1990-2004
1994-03-01 13:00:00,1994-03-01,25.7,85.0,49.0,0.5764705882352941,0.010633964561638592,0.12366222010255279,29.428467217015168,17.444376715128328,11.98409050188684,Bikaner,1990-2004
2004-02-29 13:00:00,2004-02-29,31.0,85.0,49.0,0.5764705882352941,0.010633964561638592,0.12366222010255279,32.03568469029767,20.4903278196594,11.545356870638273,Bikaner,1990-2004
1998-03-01 13:00:00,1998-03-01,22.8,84.0,48.0,0.5714285714285714,0.010633964561638592,0.12366222010255279,30.55893473774921,19.64630126786045,10.91263346988876,Bikaner,1990-2004
1990-03-02 13:00:00,1990-03-02,21.9,86.0,49.0,0.5697674418604651,0.01311005361375165,0.12625348111179563,28.81857681790308,17.96771142446528,10.8508653934378,Bikaner,1990-2004
1995-03-05 13:00:00,1995-03-05,27.1,94.0,54.0,0.574468085106383,0.020393858615746926,0.1338590242082923,29.370918291163377,19.01140425249696,10.359514038666418,Bikaner,1990-2004
1990-03-01 13:00:00,1990-03-01,18.9,85.0,48.0,0.5647058823529412,0.010633964561638592,0.12366222010255279,26.49530427495256,16.34062874980225,10.15467552515031,Bikaner,1990-2004
2001-03-01 13:00:00,2001-03-01,27.8,86.0,50.0,0.5813953488372093,0.010633964561638592,0.12366222010255279,27.72052571099732,17.815225678119646,9.905300032877676,Bikaner,1990-2004
1993-03-01 13:00:00,1993-03-01,23.0,83.0,44.0,0.5301204819277109,0.010633964561638592,0.12366222010255279,26.9534808613613,17.540772545843083,9.412708315518216,Bikaner,1990-2004
1997-03-02 13:00:00,1997-03-02,25.4,91.0,53.0,0.5824175824175825,0.01311005361375165,0.12625348111179563,24.88901166975461,15.919723016639125,8.969288653115484,Bikaner,1990-2004
1994-01-19 12:00:00,1994-01-19,20.4,85.0,52.0,0.611764705882353,0.009016195656681186,0.11439071872776521,35.46383279889676,17.628872792392087,17.834960006504673,Lucknow,1990-2004
2003-01-19 12:00:00,2003-01-19,11.4,85.0,53.0,0.6235294117647059,0.009016195656681186,0.11439071872776521,26.721329271886646,11.775654617547048,14.945674654339598,Lucknow,1990-2004
1996-01-19 12:00:00,1996-01-19,16.6,82.0,51.0,0.6219512195121951,0.009016195656681186,0.11439071872776521,30.093835581581345,15.262788991063417,14.831046590517929,Lucknow,1990-2004
1998-01-19 12:00:00,1998-01-19,15.8,85.0,54.0,0.6352941176470588,0.009016195656681186,0.11439071872776521,28.81072574531788,14.381310479253045,14.429415266064836,Lucknow,1990-2004
2001-01-19 12:00:00,2001-01-19,19.8,87.0,55.0,0.632183908045977,0.009016195656681186,0.11439071872776521,31.61894437211953,17.20182182671641,14.417122545403117,Lucknow,1990-2004
1999-01-19 12:00:00,1999-01-19,14.9,81.0,51.0,0.6296296296296297,0.009016195656681186,0.11439071872776521,28.839870324303206,14.486012281766875,14.35385804253633,Lucknow,1990-2004
2004-01-19 12:00:00,2004-01-19,18.0,80.0,49.0,0.6125,0.009016195656681186,0.11439071872776521,31.003872373276806,17.14440650945926,13.859465863817547,Lucknow,1990-2004
1991-01-19 12:00:00,1991-01-19,17.7,86.0,55.0,0.6395348837209303,0.009016195656681186,0.11439071872776521,27.80180545451151,13.98396212185986,13.817843332651648,Lucknow,1990-2004
1993-01-19 12:00:00,1993-01-19,17.0,86.0,51.0,0.5930232558139535,0.009016195656681186,0.11439071872776521,27.310292747968845,13.698904472622417,13.611388275346428,Lucknow,1990-2004
1998-01-20 12:00:00,1998-01-20,19.0,87.0,55.0,0.632183908045977,0.01189614108197673,0.11737290342245785,29.96644791569844,16.577873554368864,13.388574361329574,Lucknow,1990-2004
2001-05-04 13:00:00,2001-05-04,38.1,82.0,45.0,0.5487804878048781,0.011680116218621361,0.1318001423375346,40.8695663482913,27.119090398029073,13.750475950262228,Hyderabad,1990-2004
1996-05-01 13:00:00,1996-05-01,37.9,80.0,44.0,0.55,0.00940950899598715,0.12987629276811563,37.83844523170842,26.45298968661217,11.38545554509625,Hyderabad,1990-2004
1990-05-03 13:00:00,1990-05-03,30.9,63.0,32.0,0.5079365079365079,0.01053624956528093,0.13083003689795786,37.88330324208971,26.739183054437433,11.144120187652277,Hyderabad,1990-2004
1994-05-02 13:00:00,1994-05-02,36.3,62.0,29.0,0.46774193548387094,0.00940950899598715,0.12987629276811563,37.462920543010455,26.37913631952756,11.083784223482894,Hyderabad,1990-2004
2001-05-02 13:00:00,2001-05-02,39.5,72.0,35.0,0.4861111111111111,0.00940950899598715,0.12987629276811563,40.03274933945056,28.998463342505545,11.034285996945016,Hyderabad,1990-2004
1991-05-02 13:00:00,1991-05-02,36.0,79.0,44.0,0.5569620253164557,0.00940950899598715,0.12987629276811563,37.346990640980266,26.457156219724823,10.889834421255443,Hyderabad,1990-2004
1994-05-03 13:00:00,1994-05-03,36.8,62.0,30.0,0.4838709677419355,0.01053624956528093,0.13083003689795786,37.847073142429394,27.306584904048577,10.540488238380817,Hyderabad,1990-2004
2001-05-03 13:00:00,2001-05-03,37.5,66.0,35.0,0.5303030303030303,0.01053624956528093,0.13083003689795786,37.97541893089402,27.46074549695743,10.514673433936593,Hyderabad,1990-2004
2000-05-02 13:00:00,2000-05-02,37.9,72.0,37.0,0.5138888888888888,0.01053624956528093,0.13083003689795786,37.73379038266813,27.3201850494969,10.413605333171233,Hyderabad,1990-2004
2000-05-01 13:00:00,2000-05-01,38.3,73.0,38.0,0.5205479452054794,0.00940950899598715,0.12987629276811563,37.350273672956746,27.126299010675893,10.223974662280852,Hyderabad,1990-2004
1992-01-12 12:00:00,1992-01-12,4.8,84.0,44.0,0.5238095238095238,0.010300415929045847,0.10890207854215245,23.085923923387895,4.219105883384941,18.866818040002954,Shimla,1990-2004
2003-01-12 12:00:00,2003-01-12,4.6,84.0,56.0,0.6666666666666666,0.010300415929045847,0.10890207854215245,22.826162644904628,5.258304009659241,17.567858635245386,Shimla,1990-2004
1997-01-12 12:00:00,1997-01-12,6.9,85.0,56.0,0.6588235294117647,0.010300415929045847,0.10890207854215245,24.670014868493297,7.260952836564002,17.409062031929295,Shimla,1990-2004
1995-01-12 12:00:00,1995-01-12,4.3,80.0,38.0,0.475,0.010300415929045847,0.10890207854215245,21.703603662282376,4.487670825916382,17.215932836365994,Shimla,1990-2004
1990-01-12 12:00:00,1990-01-12,14.5,84.0,56.0,0.6666666666666666,0.010300415929045847,0.10890207854215245,28.89038478255179,11.894625713972914,16.995759068578877,Shimla,1990-2004
1993-01-12 12:00:00,1993-01-12,5.2,88.0,51.0,0.5795454545454546,0.010300415929045847,0.10890207854215245,22.337548982666362,5.388535551799123,16.94901343086724,Shimla,1990-2004
1991-01-12 12:00:00,1991-01-12,4.5,81.0,50.0,0.6172839506172839,0.010300415929045847,0.10890207854215245,22.4384579622743,5.5108343988975435,16.927623563376756,Shimla,1990-2004
1995-01-13 12:00:00,1995-01-13,4.4,82.0,43.0,0.524390243902439,0.013140084278263908,0.11179611244436816,20.88443569136291,4.6359446620658105,16.2484910292971,Shimla,1990-2004
1991-01-13 12:00:00,1991-01-13,3.8,88.0,56.0,0.6363636363636364,0.013140084278263908,0.11179611244436816,20.627417457224794,4.48089298083022,16.146524476394575,Shimla,1990-2004
2002-01-12 12:00:00,2002-01-12,11.1,83.0,56.0,0.6746987951807228,0.010300415929045847,0.10890207854215245,25.387159277294984,9.571430589849285,15.815728687445699,Shimla,1990-2004
2012-02-27 13:00:00,2012-02-27,30.9,85.0,52.0,0.611764705882353,0.008755502353898735,0.13548511765995144,40.27077643644134,26.704922433794934,13.565854002646404,Kochi,2005-2014
2008-03-25 13:00:00,2008-03-25,28.5,88.0,54.0,0.6136363636363636,0.010921869027434023,0.1393789279817791,41.10082075916074,27.560451061004073,13.540369698156667,Kochi,2005-2014
2012-04-04 13:00:00,2012-04-04,29.8,58.0,34.0,0.5862068965517241,0.008996182990710776,0.13698301095971938,41.802477800161284,28.522071314042364,13.28040648611892,Kochi,2005-2014
2012-04-03 13:00:00,2012-04-03,32.3,65.0,39.0,0.6,0.0091746873506468,0.13723511436810856,41.561311932089666,28.34580858021542,13.215503351874247,Kochi,2005-2014
2009-04-04 13:00:00,2009-04-04,32.4,78.0,46.0,0.5897435897435898,0.0091746873506468,0.13723511436810856,41.81878075987618,28.680383714772915,13.138397045103261,Kochi,2005-2014
2005-03-06 13:00:00,2005-03-06,34.2,77.0,43.0,0.5584415584415584,0.011317177866526449,0.13888282046286712,42.82571418377688,29.825287463540974,13.000426720235907,Kochi,2005-2014
2014-04-28 13:00:00,2014-04-28,31.6,69.0,36.0,0.5217391304347826,0.009534733994025033,0.1345373074181449,42.94475461126751,29.983252936341273,12.96150167492624,Kochi,2005-2014
2008-03-24 13:00:00,2008-03-24,29.4,75.0,42.0,0.56,0.011103946482604193,0.1395745211091459,42.240775392934324,29.28122493629286,12.959550456641466,Kochi,2005-2014
2012-04-02 13:00:00,2012-04-02,31.3,61.0,35.0,0.5737704918032787,0.00936023349411742,0.13748854592529952,41.29472394972424,28.73719184071831,12.557532109005933,Kochi,2005-2014
2005-02-28 13:00:00,2005-02-28,31.0,87.0,54.0,0.6206896551724138,0.009234995911760222,0.13609785576809968,39.23141938383435,26.73135822830801,12.500061155526339,Kochi,2005-2014
2008-02-22 12:00:00,2008-02-22,24.2,84.0,48.0,0.5714285714285714,0.010968682936462054,0.1282786708819398,38.45529106982775,22.107110605328614,16.348180464499137,Kolkata,2005-2014
2009-02-21 12:00:00,2009-02-21,28.7,85.0,49.0,0.5764705882352941,0.008852485479892133,0.12601498013011786,37.358203547439075,23.315267916490143,14.042935630948932,Kolkata,2005-2014
2010-02-21 12:00:00,2010-02-21,27.6,79.0,43.0,0.5443037974683544,0.008852485479892133,0.12601498013011786,36.80969689058304,23.3052235257868,13.50447336479624,Kolkata,2005-2014
2009-02-23 12:00:00,2009-02-23,32.1,85.0,49.0,0.5764705882352941,0.013056194834687285,0.1305109063260689,39.3717271949435,25.946540423615602,13.425186771327901,Kolkata,2005-2014
2008-02-21 12:00:00,2008-02-21,22.3,79.0,43.0,0.5443037974683544,0.008852485479892133,0.12601498013011786,33.701522619721345,21.109689295702935,12.59183332401841,Kolkata,2005-2014
2014-02-21 12:00:00,2014-02-21,22.8,79.0,43.0,0.5443037974683544,0.008852485479892133,0.12601498013011786,33.56489678361601,21.077018896062782,12.487877887553225,Kolkata,2005-2014
2006-02-21 12:00:00,2006-02-21,29.7,81.0,46.0,0.5679012345679012,0.008852485479892133,0.12601498013011786,38.0670385417435,25.759459121070677,12.307579420672823,Kolkata,2005-2014
2013-02-21 12:00:00,2013-02-21,25.0,84.0,47.0,0.5595238095238095,0.008852485479892133,0.12601498013011786,33.2007516823665,21.053231282115917,12.147520400250585,Kolkata,2005-2014
2007-02-21 12:00:00,2007-02-21,23.7,83.0,47.0,0.5662650602409639,0.008852485479892133,0.12601498013011786,32.64624592145202,20.56303941350609,12.083206507945931,Kolkata,2005-2014
2012-02-21 12:00:00,2012-02-21,26.2,81.0,46.0,0.5679012345679012,0.008852485479892133,0.12601498013011786,33.590652409311986,22.13315538592741,11.457497023384576,Kolkata,2005-2014
2006-03-01 13:00:00,2006-03-01,31.4,86.0,49.0,0.5697674418604651,0.010633964561638592,0.12366222010255279,33.41798756771266,20.372659596870335,13.045327970842322,Bikaner,2005-2014
2012-02-29 13:00:00,2012-02-29,29.4,86.0,50.0,0.5813953488372093,0.010633964561638592,0.12366222010255279,30.694729849638406,18.205487079582667,12.48924277005574,Bikaner,2005-2014
2006-03-03 13:00:00,2006-03-03,34.6,90.0,52.0,0.5777777777777777,0.015562062048375104,0.1288167872711447,32.219016178785864,20.743873632543,11.475142546242864,Bikaner,2005-2014
2008-02-29 13:00:00,2008-02-29,33.8,86.0,50.0,0.5813953488372093,0.010633964561638592,0.12366222010255279,31.9816975472001,20.70398669939857,11.27771084780153,Bikaner,2005-2014
2006-03-02 13:00:00,2006-03-02,32.3,88.0,51.0,0.5795454545454546,0.01311005361375165,0.12625348111179563,31.32331524292232,20.106568862066183,11.216746380856137,Bikaner,2005-2014
2007-03-01 13:00:00,2007-03-01,20.9,81.0,45.0,0.5555555555555556,0.010633964561638592,0.12366222010255279,29.872302163992742,19.38706690119585,10.485235262796891,Bikaner,2005-2014
2006-03-04 13:00:00,2006-03-04,33.9,90.0,52.0,0.5777777777777777,0.017989981614237316,0.13135199601839112,32.7457246456396,22.724677246022623,10.021047399616975,Bikaner,2005-2014
2009-03-02 13:00:00,2009-03-02,36.1,84.0,48.0,0.5714285714285714,0.01311005361375165,0.12625348111179563,33.76298111222377,24.14583307882208,9.61714803340169,Bikaner,2005-2014
2010-03-01 13:00:00,2010-03-01,35.6,76.0,41.0,0.5394736842105263,0.010633964561638592,0.12366222010255279,34.00398139158244,24.412913285389493,9.59106810619295,Bikaner,2005-2014
2009-03-01 13:00:00,2009-03-01,34.9,81.0,46.0,0.5679012345679012,0.010633964561638592,0.12366222010255279,33.04017070278172,23.593849055069143,9.44632164771258,Bikaner,2005-2014
2005-01-19 12:00:00,2005-01-19,17.9,85.0,53.0,0.6235294117647059,0.009016195656681186,0.11439071872776521,30.03536580418347,15.26984578493267,14.7655200192508,Lucknow,2005-2014
2010-01-19 12:00:00,2010-01-19,15.5,82.0,51.0,0.6219512195121951,0.009016195656681186,0.11439071872776521,30.08226634503808,15.489829505317573,14.592436839720506,Lucknow,2005-2014
2011-01-19 12:00:00,2011-01-19,19.1,85.0,54.0,0.6352941176470588,0.009016195656681186,0.11439071872776521,28.98346726593735,14.98008686781509,14.00338039812226,Lucknow,2005-2014
2014-01-19 12:00:00,2014-01-19,18.2,74.0,44.0,0.5945945945945946,0.009016195656681186,0.11439071872776521,30.81318712878101,17.681397794678162,13.131789334102848,Lucknow,2005-2014
2013-01-19 12:00:00,2013-01-19,18.1,83.0,50.0,0.6024096385542169,0.009016195656681186,0.11439071872776521,29.300328466569795,16.35293958806011,12.947388878509685,Lucknow,2005-2014
2007-01-19 12:00:00,2007-01-19,21.5,82.0,51.0,0.6219512195121951,0.009016195656681186,0.11439071872776521,29.553892209287028,17.162007870357854,12.391884338929174,Lucknow,2005-2014
2005-01-20 12:00:00,2005-01-20,17.8,87.0,54.0,0.6206896551724138,0.01189614108197673,0.11737290342245785,27.63027689606156,15.742651140912699,11.88762575514886,Lucknow,2005-2014
2010-01-20 12:00:00,2010-01-20,17.6,85.0,53.0,0.6235294117647059,0.01189614108197673,0.11737290342245785,27.911609260897762,16.24042794213358,11.671181318764184,Lucknow,2005-2014
2013-01-20 12:00:00,2013-01-20,17.4,87.0,54.0,0.6206896551724138,0.01189614108197673,0.11737290342245785,27.475924491237606,15.873499540206751,11.602424951030855,Lucknow,2005-2014
2008-01-23 12:00:00,2008-01-23,17.2,92.0,58.0,0.6304347826086957,0.02064560164673271,0.12645256459328447,26.913374131096077,15.76632771518382,11.147046415912257,Lucknow,2005-2014
2013-05-03 13:00:00,2013-05-03,39.2,77.0,41.0,0.5324675324675324,0.01053624956528093,0.13083003689795786,36.058975635054196,25.89611091683048,10.162864718223716,Hyderabad,2005-2014
2008-05-01 13:00:00,2008-05-01,36.9,78.0,41.0,0.5256410256410257,0.00940950899598715,0.12987629276811563,35.858244462657126,26.1680491860331,9.690195276624024,Hyderabad,2005-2014
2013-05-02 13:00:00,2013-05-02,38.9,63.0,34.0,0.5396825396825397,0.00940950899598715,0.12987629276811563,37.8824427387371,28.20527600738012,9.677166731356976,Hyderabad,2005-2014
2012-05-01 13:00:00,2012-05-01,36.8,64.0,33.0,0.515625,0.00940950899598715,0.12987629276811563,36.67029594127189,27.012984171950507,9.657311769321382,Hyderabad,2005-2014
2005-05-03 13:00:00,2005-05-03,30.2,72.0,34.0,0.4722222222222222,0.01053624956528093,0.13083003689795786,33.83504939722843,24.521132490856587,9.313916906371844,Hyderabad,2005-2014
2012-05-03 13:00:00,2012-05-03,37.3,82.0,45.0,0.5487804878048781,0.011680116218621361,0.1318001423375346,34.37989646590563,25.26539861590203,9.114497850003602,Hyderabad,2005-2014
2012-05-02 13:00:00,2012-05-02,37.4,71.0,38.0,0.5352112676056338,0.01053624956528093,0.13083003689795786,33.2501292564188,24.411635624925054,8.838493631493748,Hyderabad,2005-2014
2011-05-05 13:00:00,2011-05-05,35.4,83.0,45.0,0.5421686746987951,0.012840758175155662,0.13278646126763452,33.68757484823885,25.2534303787304,8.434144469508453,Hyderabad,2005-2014
2009-05-02 13:00:00,2009-05-02,38.6,74.0,36.0,0.4864864864864865,0.00940950899598715,0.12987629276811563,35.32323274710683,26.8899170486161,8.43331569849073,Hyderabad,2005-2014
2008-05-03 13:00:00,2008-05-03,36.0,83.0,46.0,0.5542168674698795,0.011680116218621361,0.1318001423375346,33.6979728715562,25.30967138820921,8.388301483346993,Hyderabad,2005-2014
2006-01-12 12:00:00,2006-01-12,11.6,87.0,58.0,0.6666666666666666,0.010300415929045847,0.10890207854215245,28.768748954759246,9.63962646613902,19.129122488620226,Shimla,2005-2014
2007-01-12 12:00:00,2007-01-12,7.8,83.0,55.0,0.6626506024096386,0.010300415929045847,0.10890207854215245,25.085075647999588,7.452787604852233,17.632288043147355,Shimla,2005-2014
2005-01-12 12:00:00,2005-01-12,9.6,85.0,56.0,0.6588235294117647,0.010300415929045847,0.10890207854215245,26.344570547213777,8.819846490137081,17.524724057076696,Shimla,2005-2014
2012-01-12 12:00:00,2012-01-12,4.3,88.0,56.0,0.6363636363636364,0.010300415929045847,0.10890207854215245,20.230023953683087,3.296949013621429,16.93307494006166,Shimla,2005-2014
2013-01-12 12:00:00,2013-01-12,10.2,61.0,36.0,0.5901639344262295,0.010300415929045847,0.10890207854215245,25.792363184603005,9.429089217063733,16.36327396753927,Shimla,2005-2014
2008-10-28 12:00:00,2008-10-28,15.9,74.0,43.0,0.581081081081081,0.0089486982890144,0.11547915041369683,31.232702406303986,15.167000074675457,16.06570233162853,Shimla,2005-2014
2012-01-13 12:00:00,2012-01-13,6.0,91.0,58.0,0.6373626373626373,0.013140084278263908,0.11179611244436816,20.296796147362727,4.835468277576638,15.46132786978609,Shimla,2005-2014
2009-01-13 12:00:00,2009-01-13,11.3,87.0,56.0,0.6436781609195402,0.013140084278263908,0.11179611244436816,26.32289272844463,11.189251781137159,15.13364094730747,Shimla,2005-2014
2011-01-12 12:00:00,2011-01-12,7.8,81.0,47.0,0.5802469135802469,0.010300415929045847,0.10890207854215245,22.40200143855884,7.294479397759687,15.107522040799154,Shimla,2005-2014
2012-10-28 12:00:00,2012-10-28,14.7,73.0,42.0,0.5753424657534246,0.0089486982890144,0.11547915041369683,28.406441556599134,13.528344482787816,14.878097073811318,Shimla,2005-2014
