ruler_a,ruler_b,state,district,district_key,scenario,period,disagreement_rank,composite_a,composite_b,composite_delta,composite_rank_a,composite_rank_b,metric_slug,raw_value,metric_score_a,metric_score_b,metric_score_delta,weight,frame
linear,cdf,Uttar Pradesh,Bijnor,uttar pradesh|bijnor,ssp245,2020-2040,1,49.782124487020376,29.694940476190485,-20.08718401082989,507.0,551.0,hwa_heatwave_amplitude,36.73804840841763,73.06679517682605,34.083454810495624,-38.983340366330424,0.08333333333333333,absolute_threshold
linear,cdf,Uttar Pradesh,Bijnor,uttar pradesh|bijnor,ssp245,2020-2040,1,49.782124487020376,29.694940476190485,-20.08718401082989,507.0,551.0,tn90p_warm_nights_pct,23.032515038925386,18.07270642791596,18.066690962099127,-0.006015465816833654,0.08333333333333333,baseline_referenced
linear,cdf,Uttar Pradesh,Bijnor,uttar pradesh|bijnor,ssp245,2020-2040,1,49.782124487020376,29.694940476190485,-20.08718401082989,507.0,551.0,txx_annual_max,43.57373257636039,78.20415627780328,49.51712827988338,-28.6870279979199,0.08333333333333333,absolute_threshold
linear,cdf,Uttar Pradesh,Bijnor,uttar pradesh|bijnor,ssp245,2020-2040,1,49.782124487020376,29.694940476190485,-20.08718401082989,507.0,551.0,hwfi_events_tmean_90p,4.759016391158723,28.263269667484625,22.075437317784257,-6.187832349700368,0.075,baseline_referenced
linear,cdf,Uttar Pradesh,Bijnor,uttar pradesh|bijnor,ssp245,2020-2040,1,49.782124487020376,29.694940476190485,-20.08718401082989,507.0,551.0,hwfi_tmean_90p,48.86327098891845,13.397628936992353,17.137390670553938,3.7397617335615845,0.075,baseline_referenced
linear,cdf,Uttar Pradesh,Bijnor,uttar pradesh|bijnor,ssp245,2020-2040,1,49.782124487020376,29.694940476190485,-20.08718401082989,507.0,551.0,tas_annual_mean,25.097364632959707,75.59665839507413,21.018586005830905,-54.578072389243225,0.06666666666666667,absolute_threshold
linear,cdf,Uttar Pradesh,Bijnor,uttar pradesh|bijnor,ssp245,2020-2040,1,49.782124487020376,29.694940476190485,-20.08718401082989,507.0,551.0,tas_summer_mean,27.735870809674015,74.3721286666775,25.82908163265306,-48.54304703402444,0.06666666666666667,absolute_threshold
linear,cdf,Uttar Pradesh,Bijnor,uttar pradesh|bijnor,ssp245,2020-2040,1,49.782124487020376,29.694940476190485,-20.08718401082989,507.0,551.0,tasmax_summer_mean,35.22542310542117,76.81620168887386,34.53899416909621,-42.27720751977765,0.06666666666666667,absolute_threshold
linear,cdf,Uttar Pradesh,Bijnor,uttar pradesh|bijnor,ssp245,2020-2040,1,49.782124487020376,29.694940476190485,-20.08718401082989,507.0,551.0,tasmin_tropical_nights_gt25,100.05364351806656,39.553434686229814,37.29045189504373,-2.262982791186083,0.06666666666666667,absolute_threshold
linear,cdf,Uttar Pradesh,Bijnor,uttar pradesh|bijnor,ssp245,2020-2040,1,49.782124487020376,29.694940476190485,-20.08718401082989,507.0,551.0,tnx_annual_max,30.259404780028664,74.59622165275462,43.012026239067055,-31.584195413687567,0.06666666666666667,absolute_threshold
linear,cdf,Uttar Pradesh,Bijnor,uttar pradesh|bijnor,ssp245,2020-2040,1,49.782124487020376,29.694940476190485,-20.08718401082989,507.0,551.0,tx90p_hot_days_pct,20.648646498767846,17.813862103743826,19.39686588921283,1.5830037854690033,0.06666666666666667,baseline_referenced
linear,cdf,Uttar Pradesh,Bijnor,uttar pradesh|bijnor,ssp245,2020-2040,1,49.782124487020376,29.694940476190485,-20.08718401082989,507.0,551.0,txge30_hot_days,227.16238390832154,64.36252722914159,28.908527696793,-35.45399953234859,0.06666666666666667,absolute_threshold
linear,cdf,Uttar Pradesh,Bijnor,uttar pradesh|bijnor,ssp245,2020-2040,1,49.782124487020376,29.694940476190485,-20.08718401082989,507.0,551.0,txge35_extreme_heat_days,96.3699630795924,47.49046692561975,41.37208454810496,-6.118382377514791,0.06666666666666667,absolute_threshold
linear,cdf,Uttar Pradesh,Bijnor,uttar pradesh|bijnor,ssp245,2020-2040,1,49.782124487020376,29.694940476190485,-20.08718401082989,507.0,551.0,wsdi_warm_spell_days,45.90424414685306,17.582282673972223,22.858965014577258,5.276682340605035,0.06666666666666667,baseline_referenced
linear,cdf,Uttarakhand,Udam Singh Nagar,uttarakhand|udam singh nagar,ssp245,2020-2040,2,50.40798788980342,30.549684159378042,-19.85830373042538,488.0,542.0,hwa_heatwave_amplitude,37.321426902833984,75.52076562291765,38.72995626822158,-36.79080935469607,0.08333333333333333,absolute_threshold
linear,cdf,Uttarakhand,Udam Singh Nagar,uttarakhand|udam singh nagar,ssp245,2020-2040,2,50.40798788980342,30.549684159378042,-19.85830373042538,488.0,542.0,tn90p_warm_nights_pct,23.34700515828384,18.516890867080697,19.232871720116616,0.7159808530359193,0.08333333333333333,baseline_referenced
linear,cdf,Uttarakhand,Udam Singh Nagar,uttarakhand|udam singh nagar,ssp245,2020-2040,2,50.40798788980342,30.549684159378042,-19.85830373042538,488.0,542.0,txx_annual_max,43.74932911942015,78.96053809968944,50.95663265306123,-28.003905446628217,0.08333333333333333,absolute_threshold
linear,cdf,Uttarakhand,Udam Singh Nagar,uttarakhand|udam singh nagar,ssp245,2020-2040,2,50.40798788980342,30.549684159378042,-19.85830373042538,488.0,542.0,hwfi_events_tmean_90p,4.5874763784329,26.720445647135932,19.214650145772595,-7.5057955013633375,0.075,baseline_referenced
linear,cdf,Uttarakhand,Udam Singh Nagar,uttarakhand|udam singh nagar,ssp245,2020-2040,2,50.40798788980342,30.549684159378042,-19.85830373042538,488.0,542.0,hwfi_tmean_90p,48.53840307530772,13.277296955608904,16.955174927113703,3.677877971504799,0.075,baseline_referenced
linear,cdf,Uttarakhand,Udam Singh Nagar,uttarakhand|udam singh nagar,ssp245,2020-2040,2,50.40798788980342,30.549684159378042,-19.85830373042538,488.0,542.0,tas_annual_mean,25.510229898901986,77.42524316377258,24.681122448979593,-52.744120714792984,0.06666666666666667,absolute_threshold
linear,cdf,Uttarakhand,Udam Singh Nagar,uttarakhand|udam singh nagar,ssp245,2020-2040,2,50.40798788980342,30.549684159378042,-19.85830373042538,488.0,542.0,tas_summer_mean,28.122150267127868,75.81833118350217,28.434766763848398,-47.383564419653766,0.06666666666666667,absolute_threshold
linear,cdf,Uttarakhand,Udam Singh Nagar,uttarakhand|udam singh nagar,ssp245,2020-2040,2,50.40798788980342,30.549684159378042,-19.85830373042538,488.0,542.0,tasmax_summer_mean,35.47099900771867,77.67397562447644,36.670918367346935,-41.003057257129505,0.06666666666666667,absolute_threshold
linear,cdf,Uttarakhand,Udam Singh Nagar,uttarakhand|udam singh nagar,ssp245,2020-2040,2,50.40798788980342,30.549684159378042,-19.85830373042538,488.0,542.0,tasmin_tropical_nights_gt25,110.24078281557414,43.58381711829849,42.46537900874635,-1.1184381095521374,0.06666666666666667,absolute_threshold
linear,cdf,Uttarakhand,Udam Singh Nagar,uttarakhand|udam singh nagar,ssp245,2020-2040,2,50.40798788980342,30.549684159378042,-19.85830373042538,488.0,542.0,tnx_annual_max,30.297265304057873,74.76964138951861,43.44934402332362,-31.320297366194993,0.06666666666666667,absolute_threshold
linear,cdf,Uttarakhand,Udam Singh Nagar,uttarakhand|udam singh nagar,ssp245,2020-2040,2,50.40798788980342,30.549684159378042,-19.85830373042538,488.0,542.0,tx90p_hot_days_pct,20.06609213507248,16.812951150653568,16.66362973760933,-0.14932141304423752,0.06666666666666667,baseline_referenced
linear,cdf,Uttarakhand,Udam Singh Nagar,uttarakhand|udam singh nagar,ssp245,2020-2040,2,50.40798788980342,30.549684159378042,-19.85830373042538,488.0,542.0,txge30_hot_days,231.15188020496652,65.50158786419009,30.967565597667637,-34.53402226652245,0.06666666666666667,absolute_threshold
linear,cdf,Uttarakhand,Udam Singh Nagar,uttarakhand|udam singh nagar,ssp245,2020-2040,2,50.40798788980342,30.549684159378042,-19.85830373042538,488.0,542.0,txge35_extreme_heat_days,95.24215524275718,46.93466966760904,40.552113702623906,-6.382555964985137,0.06666666666666667,absolute_threshold
linear,cdf,Uttarakhand,Udam Singh Nagar,uttarakhand|udam singh nagar,ssp245,2020-2040,2,50.40798788980342,30.549684159378042,-19.85830373042538,488.0,542.0,wsdi_warm_spell_days,43.34880798586077,16.354397519832386,17.520043731778426,1.16564621194604,0.06666666666666667,baseline_referenced
linear,cdf,Punjab,Amritsar,punjab|amritsar,historical,1990-2010,3,39.936822422302164,20.092322643343056,-19.844499778959108,493.0,535.0,hwa_heatwave_amplitude,34.52725194743315,63.76712227234644,20.56304664723032,-43.20407562511612,0.08333333333333333,absolute_threshold
linear,cdf,Punjab,Amritsar,punjab|amritsar,historical,1990-2010,3,39.936822422302164,20.092322643343056,-19.844499778959108,493.0,535.0,tn90p_warm_nights_pct,10.194120465804247,0.0,0.08199708454810496,0.08199708454810496,0.08333333333333333,baseline_referenced
linear,cdf,Punjab,Amritsar,punjab|amritsar,historical,1990-2010,3,39.936822422302164,20.092322643343056,-19.844499778959108,493.0,535.0,txx_annual_max,43.30009047542718,77.02544337581763,47.458090379008745,-29.567352996808886,0.08333333333333333,absolute_threshold
linear,cdf,Punjab,Amritsar,punjab|amritsar,historical,1990-2010,3,39.936822422302164,20.092322643343056,-19.844499778959108,493.0,535.0,hwfi_events_tmean_90p,1.945481414196603,2.958448503186586,5.493804664723032,2.535356161536446,0.075,baseline_referenced
linear,cdf,Punjab,Amritsar,punjab|amritsar,historical,1990-2010,3,39.936822422302164,20.092322643343056,-19.844499778959108,493.0,535.0,hwfi_tmean_90p,14.879131625751924,0.8098089219903136,8.44569970845481,7.635890786464497,0.075,baseline_referenced
linear,cdf,Punjab,Amritsar,punjab|amritsar,historical,1990-2010,3,39.936822422302164,20.092322643343056,-19.844499778959108,493.0,535.0,tas_annual_mean,23.695538490871815,69.3879551128184,15.57033527696793,-53.81761983585047,0.06666666666666667,absolute_threshold
linear,cdf,Punjab,Amritsar,punjab|amritsar,historical,1990-2010,3,39.936822422302164,20.092322643343056,-19.844499778959108,493.0,535.0,tas_summer_mean,25.475119928485924,65.90803990607233,18.08491253644315,-47.823127369629184,0.06666666666666667,absolute_threshold
linear,cdf,Punjab,Amritsar,punjab|amritsar,historical,1990-2010,3,39.936822422302164,20.092322643343056,-19.844499778959108,493.0,535.0,tasmax_summer_mean,32.30511669911998,66.61584124689598,22.713192419825074,-43.902648827070905,0.06666666666666667,absolute_threshold
linear,cdf,Punjab,Amritsar,punjab|amritsar,historical,1990-2010,3,39.936822422302164,20.092322643343056,-19.844499778959108,493.0,535.0,tasmin_tropical_nights_gt25,92.35852233506601,36.50898026945424,33.88301749271137,-2.625962776742874,0.06666666666666667,absolute_threshold
linear,cdf,Punjab,Amritsar,punjab|amritsar,historical,1990-2010,3,39.936822422302164,20.092322643343056,-19.844499778959108,493.0,535.0,tnx_annual_max,30.044446550927635,73.61160771880085,40.606778425655975,-33.00482929314488,0.06666666666666667,absolute_threshold
linear,cdf,Punjab,Amritsar,punjab|amritsar,historical,1990-2010,3,39.936822422302164,20.092322643343056,-19.844499778959108,493.0,535.0,tx90p_hot_days_pct,10.242137509219665,0.0,0.027332361516034985,0.027332361516034985,0.06666666666666667,baseline_referenced
linear,cdf,Punjab,Amritsar,punjab|amritsar,historical,1990-2010,3,39.936822422302164,20.092322643343056,-19.844499778959108,493.0,535.0,txge30_hot_days,205.36389949071116,58.13873513671654,22.80430029154519,-35.33443484517135,0.06666666666666667,absolute_threshold
linear,cdf,Punjab,Amritsar,punjab|amritsar,historical,1990-2010,3,39.936822422302164,20.092322643343056,-19.844499778959108,493.0,535.0,txge35_extreme_heat_days,96.66044954255516,47.63362214615536,41.55430029154519,-6.079321854610171,0.06666666666666667,absolute_threshold
linear,cdf,Punjab,Amritsar,punjab|amritsar,historical,1990-2010,3,39.936822422302164,20.092322643343056,-19.844499778959108,493.0,535.0,wsdi_warm_spell_days,11.430257761908662,1.0175581340896565,5.329810495626822,4.3122523615371655,0.06666666666666667,baseline_referenced
linear,cdf,Mizoram,Lawngtlai,mizoram|lawngtlai,ssp585,2060-2080,4,73.61762378244069,53.83548955296405,-19.78213422947664,643.0,650.0,hwa_heatwave_amplitude,36.02366646884675,70.06176125166834,28.689868804664723,-41.37189244700362,0.08333333333333333,absolute_threshold
linear,cdf,Mizoram,Lawngtlai,mizoram|lawngtlai,ssp585,2060-2080,4,73.61762378244069,53.83548955296405,-19.78213422947664,643.0,650.0,tn90p_warm_nights_pct,80.48551297516288,99.21906396277139,98.91581632653062,-0.3032476362407692,0.08333333333333333,baseline_referenced
linear,cdf,Mizoram,Lawngtlai,mizoram|lawngtlai,ssp585,2060-2080,4,73.61762378244069,53.83548955296405,-19.78213422947664,643.0,650.0,txx_annual_max,38.412136548896704,55.97058983586787,25.409985422740526,-30.560604413127344,0.08333333333333333,absolute_threshold
linear,cdf,Mizoram,Lawngtlai,mizoram|lawngtlai,ssp585,2060-2080,4,73.61762378244069,53.83548955296405,-19.78213422947664,643.0,650.0,hwfi_events_tmean_90p,12.25109674787498,95.6467410398427,97.76785714285714,2.121116103014444,0.075,baseline_referenced
linear,cdf,Mizoram,Lawngtlai,mizoram|lawngtlai,ssp585,2060-2080,4,73.61762378244069,53.83548955296405,-19.78213422947664,643.0,650.0,hwfi_tmean_90p,287.1857843639253,100.0,99.17091836734694,-0.8290816326530575,0.075,baseline_referenced
linear,cdf,Mizoram,Lawngtlai,mizoram|lawngtlai,ssp585,2060-2080,4,73.61762378244069,53.83548955296405,-19.78213422947664,643.0,650.0,tas_annual_mean,26.297103038521723,80.91031288675511,36.525145772594755,-44.38516711416035,0.06666666666666667,absolute_threshold
linear,cdf,Mizoram,Lawngtlai,mizoram|lawngtlai,ssp585,2060-2080,4,73.61762378244069,53.83548955296405,-19.78213422947664,643.0,650.0,tas_summer_mean,27.688484592218874,74.19471807539692,25.610422740524783,-48.58429533487214,0.06666666666666667,absolute_threshold
linear,cdf,Mizoram,Lawngtlai,mizoram|lawngtlai,ssp585,2060-2080,4,73.61762378244069,53.83548955296405,-19.78213422947664,643.0,650.0,tasmax_summer_mean,32.61596985401793,67.70162259423796,23.387390670553938,-44.31423192368402,0.06666666666666667,absolute_threshold
linear,cdf,Mizoram,Lawngtlai,mizoram|lawngtlai,ssp585,2060-2080,4,73.61762378244069,53.83548955296405,-19.78213422947664,643.0,650.0,tasmin_tropical_nights_gt25,111.6653206933151,44.14741326326024,43.30357142857143,-0.8438418346888099,0.06666666666666667,absolute_threshold
linear,cdf,Mizoram,Lawngtlai,mizoram|lawngtlai,ssp585,2060-2080,4,73.61762378244069,53.83548955296405,-19.78213422947664,643.0,650.0,tnx_annual_max,27.578845710693194,62.317948699485264,22.622084548104958,-39.695864151380306,0.06666666666666667,absolute_threshold
linear,cdf,Mizoram,Lawngtlai,mizoram|lawngtlai,ssp585,2060-2080,4,73.61762378244069,53.83548955296405,-19.78213422947664,643.0,650.0,tx90p_hot_days_pct,68.38463272548542,99.83105131129507,98.97048104956268,-0.8605702617323914,0.06666666666666667,baseline_referenced
linear,cdf,Mizoram,Lawngtlai,mizoram|lawngtlai,ssp585,2060-2080,4,73.61762378244069,53.83548955296405,-19.78213422947664,643.0,650.0,txge30_hot_days,207.45587972069842,58.736026662286356,23.35094752186589,-35.385079140420466,0.06666666666666667,absolute_threshold
linear,cdf,Mizoram,Lawngtlai,mizoram|lawngtlai,ssp585,2060-2080,4,73.61762378244069,53.83548955296405,-19.78213422947664,643.0,650.0,txge35_extreme_heat_days,31.177329692982955,15.36275359064924,21.98432944606414,6.621575855414902,0.06666666666666667,absolute_threshold
linear,cdf,Mizoram,Lawngtlai,mizoram|lawngtlai,ssp585,2060-2080,4,73.61762378244069,53.83548955296405,-19.78213422947664,643.0,650.0,wsdi_warm_spell_days,216.17167912352298,99.39565717053621,98.95225947521865,-0.44339769531755735,0.06666666666666667,baseline_referenced
linear,cdf,Jharkhand,Lohardaga,jharkhand|lohardaga,ssp245,2020-2040,5,45.17557626118414,25.472698007774543,-19.702878253409597,591.0,618.0,hwa_heatwave_amplitude,37.012641740678404,74.22186676158836,36.106049562682216,-38.11581719890614,0.08333333333333333,absolute_threshold
linear,cdf,Jharkhand,Lohardaga,jharkhand|lohardaga,ssp245,2020-2040,5,45.17557626118414,25.472698007774543,-19.702878253409597,591.0,618.0,tn90p_warm_nights_pct,24.069579526328358,19.537451675411994,21.729227405247812,2.1917757298358183,0.08333333333333333,baseline_referenced
linear,cdf,Jharkhand,Lohardaga,jharkhand|lohardaga,ssp245,2020-2040,5,45.17557626118414,25.472698007774543,-19.702878253409597,591.0,618.0,txx_annual_max,43.152668634057406,76.39042403535638,45.94569970845481,-30.444724326901564,0.08333333333333333,absolute_threshold
linear,cdf,Jharkhand,Lohardaga,jharkhand|lohardaga,ssp245,2020-2040,5,45.17557626118414,25.472698007774543,-19.702878253409597,591.0,618.0,hwfi_events_tmean_90p,4.368396314229745,24.75004830332555,16.973396501457724,-7.776651801867825,0.075,baseline_referenced
linear,cdf,Jharkhand,Lohardaga,jharkhand|lohardaga,ssp245,2020-2040,5,45.17557626118414,25.472698007774543,-19.702878253409597,591.0,618.0,hwfi_tmean_90p,51.36725809597683,14.325112746033549,19.068877551020407,4.743764804986858,0.075,baseline_referenced
linear,cdf,Jharkhand,Lohardaga,jharkhand|lohardaga,ssp245,2020-2040,5,45.17557626118414,25.472698007774543,-19.702878253409597,591.0,618.0,tas_annual_mean,24.250188777043665,71.84450728349644,17.028061224489797,-54.816446059006644,0.06666666666666667,absolute_threshold
linear,cdf,Jharkhand,Lohardaga,jharkhand|lohardaga,ssp245,2020-2040,5,45.17557626118414,25.472698007774543,-19.702878253409597,591.0,618.0,tas_summer_mean,27.891716138627107,74.95560237364846,26.831268221574344,-48.12433415207411,0.06666666666666667,absolute_threshold
linear,cdf,Jharkhand,Lohardaga,jharkhand|lohardaga,ssp245,2020-2040,5,45.17557626118414,25.472698007774543,-19.702878253409597,591.0,618.0,tasmax_summer_mean,35.318771451746386,77.14225883723515,35.322521865889215,-41.81973697134593,0.06666666666666667,absolute_threshold
linear,cdf,Jharkhand,Lohardaga,jharkhand|lohardaga,ssp245,2020-2040,5,45.17557626118414,25.472698007774543,-19.702878253409597,591.0,618.0,tasmin_tropical_nights_gt25,36.229044109719936,14.302229546416134,16.864067055393587,2.5618375089774528,0.06666666666666667,absolute_threshold
linear,cdf,Jharkhand,Lohardaga,jharkhand|lohardaga,ssp245,2020-2040,5,45.17557626118414,25.472698007774543,-19.702878253409597,591.0,618.0,tnx_annual_max,29.30677279045528,70.23270072691368,33.66435860058309,-36.568342126330585,0.06666666666666667,absolute_threshold
linear,cdf,Jharkhand,Lohardaga,jharkhand|lohardaga,ssp245,2020-2040,5,45.17557626118414,25.472698007774543,-19.702878253409597,591.0,618.0,tx90p_hot_days_pct,20.23422119350795,17.10182069933111,17.42893586005831,0.3271151607271996,0.06666666666666667,baseline_referenced
linear,cdf,Jharkhand,Lohardaga,jharkhand|lohardaga,ssp245,2020-2040,5,45.17557626118414,25.472698007774543,-19.702878253409597,591.0,618.0,txge30_hot_days,161.05004432448135,45.486469222961595,17.44715743440233,-28.039311788559264,0.06666666666666667,absolute_threshold
linear,cdf,Jharkhand,Lohardaga,jharkhand|lohardaga,ssp245,2020-2040,5,45.17557626118414,25.472698007774543,-19.702878253409597,591.0,618.0,txge35_extreme_heat_days,68.6796625815852,33.84435400848308,30.402696793002914,-3.4416572154801663,0.06666666666666667,absolute_threshold
linear,cdf,Jharkhand,Lohardaga,jharkhand|lohardaga,ssp245,2020-2040,5,45.17557626118414,25.472698007774543,-19.702878253409597,591.0,618.0,wsdi_warm_spell_days,42.77142816148206,16.076966948301614,16.82762390670554,0.7506569584039262,0.06666666666666667,baseline_referenced
linear,cdf,Bihar,Supaul,bihar|supaul,ssp245,2020-2040,6,46.219893640202855,26.58801020408164,-19.631883436121214,575.0,601.0,hwa_heatwave_amplitude,36.15981465952731,70.63446600410049,29.94715743440233,-40.68730856969816,0.08333333333333333,absolute_threshold
linear,cdf,Bihar,Supaul,bihar|supaul,ssp245,2020-2040,6,46.219893640202855,26.58801020408164,-19.631883436121214,575.0,601.0,tn90p_warm_nights_pct,26.627704622316354,23.150536129043253,30.475583090379008,7.3250469613357545,0.08333333333333333,baseline_referenced
linear,cdf,Bihar,Supaul,bihar|supaul,ssp245,2020-2040,6,46.219893640202855,26.58801020408164,-19.631883436121214,575.0,601.0,txx_annual_max,39.776302589488076,61.84673282341274,30.69424198250729,-31.152490840905447,0.08333333333333333,absolute_threshold
linear,cdf,Bihar,Supaul,bihar|supaul,ssp245,2020-2040,6,46.219893640202855,26.58801020408164,-19.631883436121214,575.0,601.0,hwfi_events_tmean_90p,4.236265352367202,23.561667711800613,15.861880466472304,-7.699787245328309,0.075,baseline_referenced
linear,cdf,Bihar,Supaul,bihar|supaul,ssp245,2020-2040,6,46.219893640202855,26.58801020408164,-19.631883436121214,575.0,601.0,hwfi_tmean_90p,55.98509132451907,16.035571054805303,24.389577259475217,8.354006204669915,0.075,baseline_referenced
linear,cdf,Bihar,Supaul,bihar|supaul,ssp245,2020-2040,6,46.219893640202855,26.58801020408164,-19.631883436121214,575.0,601.0,tas_annual_mean,25.553648544279167,77.61754481800116,25.173104956268222,-52.444439861732945,0.06666666666666667,absolute_threshold
linear,cdf,Bihar,Supaul,bihar|supaul,ssp245,2020-2040,6,46.219893640202855,26.58801020408164,-19.631883436121214,575.0,601.0,tas_summer_mean,27.12236839708645,72.07521974221537,23.314504373177844,-48.76071536903753,0.06666666666666667,absolute_threshold
linear,cdf,Bihar,Supaul,bihar|supaul,ssp245,2020-2040,6,46.219893640202855,26.58801020408164,-19.631883436121214,575.0,601.0,tasmax_summer_mean,33.902685206961856,72.19600043004822,27.104591836734695,-45.09140859331352,0.06666666666666667,absolute_threshold
linear,cdf,Bihar,Supaul,bihar|supaul,ssp245,2020-2040,6,46.219893640202855,26.58801020408164,-19.631883436121214,575.0,601.0,tasmin_tropical_nights_gt25,105.34729529508932,41.64778526891221,40.041909620991255,-1.6058756479209535,0.06666666666666667,absolute_threshold
linear,cdf,Bihar,Supaul,bihar|supaul,ssp245,2020-2040,6,46.219893640202855,26.58801020408164,-19.631883436121214,575.0,601.0,tnx_annual_max,27.94883412134759,64.0126767685396,24.89978134110787,-39.11289542743174,0.06666666666666667,absolute_threshold
linear,cdf,Bihar,Supaul,bihar|supaul,ssp245,2020-2040,6,46.219893640202855,26.58801020408164,-19.631883436121214,575.0,601.0,tx90p_hot_days_pct,19.903757240529302,16.53403679665864,16.33564139941691,-0.19839539724172894,0.06666666666666667,baseline_referenced
linear,cdf,Bihar,Supaul,bihar|supaul,ssp245,2020-2040,6,46.219893640202855,26.58801020408164,-19.631883436121214,575.0,601.0,txge30_hot_days,248.98327551925425,70.59271690912097,41.70007288629738,-28.89264402282359,0.06666666666666667,absolute_threshold
linear,cdf,Bihar,Supaul,bihar|supaul,ssp245,2020-2040,6,46.219893640202855,26.58801020408164,-19.631883436121214,575.0,601.0,txge35_extreme_heat_days,52.08813813129017,25.6678513326651,26.630830903790088,0.9629795711249862,0.06666666666666667,absolute_threshold
linear,cdf,Bihar,Supaul,bihar|supaul,ssp245,2020-2040,6,46.219893640202855,26.58801020408164,-19.631883436121214,575.0,601.0,wsdi_warm_spell_days,38.17421655731359,13.868010228754391,14.440597667638484,0.5725874388840921,0.06666666666666667,baseline_referenced
linear,cdf,Punjab,Tarn Taran,punjab|tarn taran,historical,1990-2010,7,41.5507299189515,21.928753644314863,-19.621976274636634,458.0,503.0,hwa_heatwave_amplitude,34.75537479946948,64.72671667346565,21.802113702623906,-42.92460297084174,0.08333333333333333,absolute_threshold
linear,cdf,Punjab,Tarn Taran,punjab|tarn taran,historical,1990-2010,7,41.5507299189515,21.928753644314863,-19.621976274636634,458.0,503.0,tn90p_warm_nights_pct,10.195478344074019,0.0,0.10021865889212828,0.10021865889212828,0.08333333333333333,baseline_referenced
linear,cdf,Punjab,Tarn Taran,punjab|tarn taran,historical,1990-2010,7,41.5507299189515,21.928753644314863,-19.621976274636634,458.0,503.0,txx_annual_max,43.71553012891339,78.81494900338977,50.59220116618076,-28.222747837209013,0.08333333333333333,absolute_threshold
linear,cdf,Punjab,Tarn Taran,punjab|tarn taran,historical,1990-2010,7,41.5507299189515,21.928753644314863,-19.621976274636634,458.0,503.0,hwfi_events_tmean_90p,1.9393446294906256,2.9032545067443483,5.348032069970846,2.4447775632264976,0.075,baseline_referenced
linear,cdf,Punjab,Tarn Taran,punjab|tarn taran,historical,1990-2010,7,41.5507299189515,21.928753644314863,-19.621976274636634,458.0,503.0,hwfi_tmean_90p,14.558302727104097,0.6909730030154957,6.040451895043732,5.349478892028236,0.075,baseline_referenced
linear,cdf,Punjab,Tarn Taran,punjab|tarn taran,historical,1990-2010,7,41.5507299189515,21.928753644314863,-19.621976274636634,458.0,503.0,tas_annual_mean,24.19325891720462,71.59236431296046,16.84584548104956,-54.74651883191089,0.06666666666666667,absolute_threshold
linear,cdf,Punjab,Tarn Taran,punjab|tarn taran,historical,1990-2010,7,41.5507299189515,21.928753644314863,-19.621976274636634,458.0,503.0,tas_summer_mean,26.073152026210366,68.14702908393808,19.925291545189506,-48.22173753874857,0.06666666666666667,absolute_threshold
linear,cdf,Punjab,Tarn Taran,punjab|tarn taran,historical,1990-2010,7,41.5507299189515,21.928753644314863,-19.621976274636634,458.0,503.0,tasmax_summer_mean,32.96805395701725,68.93141983357363,24.243804664723033,-44.6876151688506,0.06666666666666667,absolute_threshold
linear,cdf,Punjab,Tarn Taran,punjab|tarn taran,historical,1990-2010,7,41.5507299189515,21.928753644314863,-19.621976274636634,458.0,503.0,tasmin_tropical_nights_gt25,104.45961721652915,41.29658931206133,39.677478134110785,-1.6191111779505434,0.06666666666666667,absolute_threshold
linear,cdf,Punjab,Tarn Taran,punjab|tarn taran,historical,1990-2010,7,41.5507299189515,21.928753644314863,-19.621976274636634,458.0,503.0,tnx_annual_max,30.592342045702615,76.12123733736455,46.72922740524781,-29.392009932116736,0.06666666666666667,absolute_threshold
linear,cdf,Punjab,Tarn Taran,punjab|tarn taran,historical,1990-2010,7,41.5507299189515,21.928753644314863,-19.621976274636634,458.0,503.0,tx90p_hot_days_pct,10.230144399196378,0.0,0.009110787172011662,0.009110787172011662,0.06666666666666667,baseline_referenced
linear,cdf,Punjab,Tarn Taran,punjab|tarn taran,historical,1990-2010,7,41.5507299189515,21.928753644314863,-19.621976274636634,458.0,503.0,txge30_hot_days,212.28716875942783,60.115431667671594,24.371355685131196,-35.744075982540394,0.06666666666666667,absolute_threshold
linear,cdf,Punjab,Tarn Taran,punjab|tarn taran,historical,1990-2010,7,41.5507299189515,21.928753644314863,-19.621976274636634,458.0,503.0,txge35_extreme_heat_days,106.8589821715443,52.659581609986546,48.77004373177842,-3.889537878208124,0.06666666666666667,absolute_threshold
linear,cdf,Punjab,Tarn Taran,punjab|tarn taran,historical,1990-2010,7,41.5507299189515,21.928753644314863,-19.621976274636634,458.0,503.0,wsdi_warm_spell_days,11.241182436055619,0.9267075821670624,4.928935860058309,4.002228277891247,0.06666666666666667,baseline_referenced
linear,cdf,Punjab,Kapurthala,punjab|kapurthala,historical,1990-2010,8,40.63952263934936,21.03589650145773,-19.603626137891627,478.0,519.0,hwa_heatwave_amplitude,34.53634886249666,63.805388271059314,20.599489795918366,-43.20589847514095,0.08333333333333333,absolute_threshold
linear,cdf,Punjab,Kapurthala,punjab|kapurthala,historical,1990-2010,8,40.63952263934936,21.03589650145773,-19.603626137891627,478.0,519.0,tn90p_warm_nights_pct,10.210500382512796,0.0,0.3553206997084548,0.3553206997084548,0.08333333333333333,baseline_referenced
linear,cdf,Punjab,Kapurthala,punjab|kapurthala,historical,1990-2010,8,40.63952263934936,21.03589650145773,-19.603626137891627,478.0,519.0,txx_annual_max,43.41666909905754,77.52760560633776,48.18695335276968,-29.34065225356808,0.08333333333333333,absolute_threshold
linear,cdf,Punjab,Kapurthala,punjab|kapurthala,historical,1990-2010,8,40.63952263934936,21.03589650145773,-19.603626137891627,478.0,519.0,hwfi_events_tmean_90p,1.9906179729867908,3.3644049094548216,7.771501457725948,4.4070965482711255,0.075,baseline_referenced
linear,cdf,Punjab,Kapurthala,punjab|kapurthala,historical,1990-2010,8,40.63952263934936,21.03589650145773,-19.603626137891627,478.0,519.0,hwfi_tmean_90p,14.957047700921505,0.8386692535711415,8.864795918367347,8.026126664796205,0.075,baseline_referenced
linear,cdf,Punjab,Kapurthala,punjab|kapurthala,historical,1990-2010,8,40.63952263934936,21.03589650145773,-19.603626137891627,478.0,519.0,tas_annual_mean,23.918979623456565,70.37757832758001,16.098760932944607,-54.278817394635404,0.06666666666666667,absolute_threshold
linear,cdf,Punjab,Kapurthala,punjab|kapurthala,historical,1990-2010,8,40.63952263934936,21.03589650145773,-19.603626137891627,478.0,519.0,tas_summer_mean,25.836923763590136,67.26260745251516,18.941326530612244,-48.32128092190291,0.06666666666666667,absolute_threshold
linear,cdf,Punjab,Kapurthala,punjab|kapurthala,historical,1990-2010,8,40.63952263934936,21.03589650145773,-19.603626137891627,478.0,519.0,tasmax_summer_mean,32.77978276485488,68.27380595553902,23.770043731778426,-44.50376222376059,0.06666666666666667,absolute_threshold
linear,cdf,Punjab,Kapurthala,punjab|kapurthala,historical,1990-2010,8,40.63952263934936,21.03589650145773,-19.603626137891627,478.0,519.0,tasmin_tropical_nights_gt25,98.48800226568183,38.934013196619155,36.39759475218659,-2.536418444432563,0.06666666666666667,absolute_threshold
linear,cdf,Punjab,Kapurthala,punjab|kapurthala,historical,1990-2010,8,40.63952263934936,21.03589650145773,-19.603626137891627,478.0,519.0,tnx_annual_max,30.165470875925482,74.16595838143226,42.0280612244898,-32.137897156942465,0.06666666666666667,absolute_threshold
linear,cdf,Punjab,Kapurthala,punjab|kapurthala,historical,1990-2010,8,40.63952263934936,21.03589650145773,-19.603626137891627,478.0,519.0,tx90p_hot_days_pct,10.255434643481049,0.0,0.13666180758017493,0.13666180758017493,0.06666666666666667,baseline_referenced
linear,cdf,Punjab,Kapurthala,punjab|kapurthala,historical,1990-2010,8,40.63952263934936,21.03589650145773,-19.603626137891627,478.0,519.0,txge30_hot_days,209.6557075316494,59.36411027911949,23.824708454810494,-35.539401824308996,0.06666666666666667,absolute_threshold
linear,cdf,Punjab,Kapurthala,punjab|kapurthala,historical,1990-2010,8,40.63952263934936,21.03589650145773,-19.603626137891627,478.0,519.0,txge35_extreme_heat_days,98.8452618748661,48.71032392451322,43.103134110787174,-5.607189813726045,0.06666666666666667,absolute_threshold
linear,cdf,Punjab,Kapurthala,punjab|kapurthala,historical,1990-2010,8,40.63952263934936,21.03589650145773,-19.603626137891627,478.0,519.0,wsdi_warm_spell_days,11.622106467250727,1.1097412927716561,6.095116618075802,4.985375325304146,0.06666666666666667,baseline_referenced
linear,cdf,Bihar,Araria,bihar|araria,ssp245,2020-2040,9,45.284858547949106,25.691964285714292,-19.592894262234815,589.0,613.0,hwa_heatwave_amplitude,35.96519601244572,69.81580639842825,28.307215743440235,-41.50859065498801,0.08333333333333333,absolute_threshold
linear,cdf,Bihar,Araria,bihar|araria,ssp245,2020-2040,9,45.284858547949106,25.691964285714292,-19.592894262234815,589.0,613.0,tn90p_warm_nights_pct,26.807655009225794,23.404697251338295,30.840014577259474,7.435317325921179,0.08333333333333333,baseline_referenced
linear,cdf,Bihar,Araria,bihar|araria,ssp245,2020-2040,9,45.284858547949106,25.691964285714292,-19.592894262234815,589.0,613.0,txx_annual_max,39.09930588242698,58.93057061557514,27.888119533527696,-31.042451082047446,0.08333333333333333,absolute_threshold
linear,cdf,Bihar,Araria,bihar|araria,ssp245,2020-2040,9,45.284858547949106,25.691964285714292,-19.592894262234815,589.0,613.0,hwfi_events_tmean_90p,4.227514691985934,23.48296462197566,15.73432944606414,-7.748635175911522,0.075,baseline_referenced
linear,cdf,Bihar,Araria,bihar|araria,ssp245,2020-2040,9,45.284858547949106,25.691964285714292,-19.592894262234815,589.0,613.0,hwfi_tmean_90p,57.40700994164368,16.56225367686825,26.612609329446062,10.050355652577814,0.075,baseline_referenced
linear,cdf,Bihar,Araria,bihar|araria,ssp245,2020-2040,9,45.284858547949106,25.691964285714292,-19.592894262234815,589.0,613.0,tas_annual_mean,25.4410047720985,77.11864432166563,23.934037900874635,-53.18460642079099,0.06666666666666667,absolute_threshold
linear,cdf,Bihar,Araria,bihar|araria,ssp245,2020-2040,9,45.284858547949106,25.691964285714292,-19.592894262234815,589.0,613.0,tas_summer_mean,26.85409430361254,71.07082082403791,22.075437317784257,-48.99538350625365,0.06666666666666667,absolute_threshold
linear,cdf,Bihar,Araria,bihar|araria,ssp245,2020-2040,9,45.284858547949106,25.691964285714292,-19.592894262234815,589.0,613.0,tasmax_summer_mean,33.451038323158016,70.61843959692648,25.774416909620992,-44.84402268730548,0.06666666666666667,absolute_threshold
linear,cdf,Bihar,Araria,bihar|araria,ssp245,2020-2040,9,45.284858547949106,25.691964285714292,-19.592894262234815,589.0,613.0,tasmin_tropical_nights_gt25,101.98639173415803,40.318096307932876,38.21975218658892,-2.098344121343956,0.06666666666666667,absolute_threshold
linear,cdf,Bihar,Araria,bihar|araria,ssp245,2020-2040,9,45.284858547949106,25.691964285714292,-19.592894262234815,589.0,613.0,tnx_annual_max,27.75799382805023,63.138534788833894,23.606049562682216,-39.53248522615168,0.06666666666666667,absolute_threshold
linear,cdf,Bihar,Araria,bihar|araria,ssp245,2020-2040,9,45.284858547949106,25.691964285714292,-19.592894262234815,589.0,613.0,tx90p_hot_days_pct,20.14138645672966,16.942317465539812,17.028061224489797,0.08574375894998454,0.06666666666666667,baseline_referenced
linear,cdf,Bihar,Araria,bihar|araria,ssp245,2020-2040,9,45.284858547949106,25.691964285714292,-19.592894262234815,589.0,613.0,txge30_hot_days,245.08544050831438,69.47982693686826,38.91217201166181,-30.567654925206455,0.06666666666666667,absolute_threshold
linear,cdf,Bihar,Araria,bihar|araria,ssp245,2020-2040,9,45.284858547949106,25.691964285714292,-19.592894262234815,589.0,613.0,txge35_extreme_heat_days,43.06964345112111,21.223428753825978,24.77223032069971,3.548801566873731,0.06666666666666667,absolute_threshold
linear,cdf,Bihar,Araria,bihar|araria,ssp245,2020-2040,9,45.284858547949106,25.691964285714292,-19.592894262234815,589.0,613.0,wsdi_warm_spell_days,38.70500943147208,14.123055805729143,14.622813411078717,0.4997576053495738,0.06666666666666667,baseline_referenced
linear,cdf,Punjab,Gurdaspur,punjab|gurdaspur,historical,1990-2010,10,38.72101882416749,19.163477891156464,-19.557540933011023,519.0,546.0,hwa_heatwave_amplitude,34.15155599962492,62.186764474686875,19.068877551020407,-43.11788692366647,0.08333333333333333,absolute_threshold
linear,cdf,Punjab,Gurdaspur,punjab|gurdaspur,historical,1990-2010,10,38.72101882416749,19.163477891156464,-19.557540933011023,519.0,546.0,tn90p_warm_nights_pct,10.204097833784614,0.0,0.1913265306122449,0.1913265306122449,0.08333333333333333,baseline_referenced
linear,cdf,Punjab,Gurdaspur,punjab|gurdaspur,historical,1990-2010,10,38.72101882416749,19.163477891156464,-19.557540933011023,519.0,546.0,txx_annual_max,42.91055163924863,75.34750547641448,44.542638483965014,-30.80486699244947,0.08333333333333333,absolute_threshold
linear,cdf,Punjab,Gurdaspur,punjab|gurdaspur,historical,1990-2010,10,38.72101882416749,19.163477891156464,-19.557540933011023,519.0,546.0,hwfi_events_tmean_90p,2.0228747797578346,3.6545213406903487,9.26567055393586,5.611149213245512,0.075,baseline_referenced
linear,cdf,Punjab,Gurdaspur,punjab|gurdaspur,historical,1990-2010,10,38.72101882416749,19.163477891156464,-19.557540933011023,519.0,546.0,hwfi_tmean_90p,15.15092164325943,0.9104807026023843,10.41362973760933,9.503149035006945,0.075,baseline_referenced
linear,cdf,Punjab,Gurdaspur,punjab|gurdaspur,historical,1990-2010,10,38.72101882416749,19.163477891156464,-19.557540933011023,519.0,546.0,tas_annual_mean,23.315534483354536,67.70491321631842,14.96902332361516,-52.735889892703256,0.06666666666666667,absolute_threshold
linear,cdf,Punjab,Gurdaspur,punjab|gurdaspur,historical,1990-2010,10,38.72101882416749,19.163477891156464,-19.557540933011023,519.0,546.0,tas_summer_mean,25.073219713011763,64.40335439428699,16.736516034985424,-47.666838359301565,0.06666666666666667,absolute_threshold
linear,cdf,Punjab,Gurdaspur,punjab|gurdaspur,historical,1990-2010,10,38.72101882416749,19.163477891156464,-19.557540933011023,519.0,546.0,tasmax_summer_mean,31.88328940873655,65.14243749827233,21.455903790087465,-43.68653370818487,0.06666666666666667,absolute_threshold
linear,cdf,Punjab,Gurdaspur,punjab|gurdaspur,historical,1990-2010,10,38.72101882416749,19.163477891156464,-19.557540933011023,519.0,546.0,tasmin_tropical_nights_gt25,82.1565578116342,32.472732468475655,29.127186588921283,-3.345545879554372,0.06666666666666667,absolute_threshold
linear,cdf,Punjab,Gurdaspur,punjab|gurdaspur,historical,1990-2010,10,38.72101882416749,19.163477891156464,-19.557540933011023,519.0,546.0,tnx_annual_max,29.570234716175946,71.43948533904845,35.75983965014577,-35.679645688902674,0.06666666666666667,absolute_threshold
linear,cdf,Punjab,Gurdaspur,punjab|gurdaspur,historical,1990-2010,10,38.72101882416749,19.163477891156464,-19.557540933011023,519.0,546.0,tx90p_hot_days_pct,10.264883900775143,0.0,0.3370991253644315,0.3370991253644315,0.06666666666666667,baseline_referenced
linear,cdf,Punjab,Gurdaspur,punjab|gurdaspur,historical,1990-2010,10,38.72101882416749,19.163477891156464,-19.557540933011023,519.0,546.0,txge30_hot_days,200.7472488762666,56.8206125995159,21.966107871720116,-34.854504727795785,0.06666666666666667,absolute_threshold
linear,cdf,Punjab,Gurdaspur,punjab|gurdaspur,historical,1990-2010,10,38.72101882416749,19.163477891156464,-19.557540933011023,519.0,546.0,txge35_extreme_heat_days,90.43804597472453,44.5671468759169,38.25619533527697,-6.310951540639927,0.06666666666666667,absolute_threshold
linear,cdf,Punjab,Gurdaspur,punjab|gurdaspur,historical,1990-2010,10,38.72101882416749,19.163477891156464,-19.557540933011023,519.0,546.0,wsdi_warm_spell_days,11.83312436313322,1.2111352330966323,6.951530612244898,5.740395379148266,0.06666666666666667,baseline_referenced
