state,scenario,period,ruler,unweighted_mean,area_weighted_mean,delta_area_minus_unweighted,n_districts_scored,n_districts_with_area
Andaman & Nicobar Islands,historical,1990-2010,linear,25.717708118726673,25.859558704831535,0.14185058610486223,3,3
Andaman & Nicobar Islands,ssp245,2020-2040,linear,48.06594817120358,47.7721306752455,-0.2938174959580806,3,3
Andaman & Nicobar Islands,ssp245,2040-2060,linear,61.495106085111495,61.46276740337293,-0.032338681738565356,3,3
Andaman & Nicobar Islands,ssp245,2060-2080,linear,64.30699368923973,64.4814639359978,0.17447024675806233,3,3
Andaman & Nicobar Islands,ssp585,2020-2040,linear,50.27272147941239,49.908379158533336,-0.3643423208790537,3,3
Andaman & Nicobar Islands,ssp585,2040-2060,linear,63.892887500341054,63.9713888562909,0.07850135594984664,3,3
Andaman & Nicobar Islands,ssp585,2060-2080,linear,64.82589899723541,65.04596813959662,0.22006914236121133,3,3
Andhra Pradesh,historical,1990-2010,linear,45.728345269678044,45.729959654930674,0.001614385252629802,26,26
Andhra Pradesh,ssp245,2020-2040,linear,55.8177383769604,55.787036062886116,-0.03070231407428281,26,26
Andhra Pradesh,ssp245,2040-2060,linear,65.62463995791722,65.38585717287606,-0.2387827850411668,26,26
Andhra Pradesh,ssp245,2060-2080,linear,74.36366097246909,74.03698452726367,-0.32667644520542183,26,26
Andhra Pradesh,ssp585,2020-2040,linear,56.15893994866514,56.13989461942603,-0.01904532923911262,26,26
Andhra Pradesh,ssp585,2040-2060,linear,72.65402310223286,72.35174176346594,-0.30228133876691743,26,26
Andhra Pradesh,ssp585,2060-2080,linear,88.84261727692734,88.43064103410816,-0.4119762428191791,26,26
Arunachal Pradesh,historical,1990-2010,linear,14.376740256615413,10.863134364938515,-3.5136058916768977,26,26
Arunachal Pradesh,ssp245,2020-2040,linear,25.492135631401425,21.840035877643896,-3.652099753757529,26,26
Arunachal Pradesh,ssp245,2040-2060,linear,34.76868865845207,30.95870958651865,-3.8099790719334194,26,26
Arunachal Pradesh,ssp245,2060-2080,linear,42.304292328159036,38.39024289952119,-3.9140494286378456,26,26
Arunachal Pradesh,ssp585,2020-2040,linear,26.87134794441602,23.192698687463015,-3.6786492569530047,26,26
Arunachal Pradesh,ssp585,2040-2060,linear,41.22081285829238,37.314706590256236,-3.9061062680361474,26,26
Arunachal Pradesh,ssp585,2060-2080,linear,55.52295223891368,51.43046980842516,-4.0924824304885234,26,26
Assam,historical,1990-2010,linear,30.458433297475064,29.66818048491943,-0.7902528125556358,35,35
Assam,ssp245,2020-2040,linear,42.3652322440342,41.6294401225446,-0.7357921214896024,35,35
Assam,ssp245,2040-2060,linear,53.27264701118981,52.38732451528484,-0.8853224959049726,35,35
Assam,ssp245,2060-2080,linear,62.011349627564194,61.08813062201428,-0.9232190055499103,35,35
Assam,ssp585,2020-2040,linear,43.87586713683272,43.07106350639588,-0.8048036304368367,35,35
Assam,ssp585,2040-2060,linear,60.444767494801546,59.551715881233754,-0.893051613567792,35,35
Assam,ssp585,2060-2080,linear,75.92437349775635,74.97587766269855,-0.9484958350577983,35,35
Bihar,historical,1990-2010,linear,42.832897469836766,42.83870562816785,0.005808158331085167,38,38
Bihar,ssp245,2020-2040,linear,50.95241349348159,51.03417704376458,0.08176355028298588,38,38
Bihar,ssp245,2040-2060,linear,62.88750896767927,62.91386601593255,0.026357048253281334,38,38
Bihar,ssp245,2060-2080,linear,70.95631615738705,70.9615806021659,0.005264444778845245,38,38
Bihar,ssp585,2020-2040,linear,52.55234043230992,52.61251661209886,0.06017617978893952,38,38
Bihar,ssp585,2040-2060,linear,68.92404848366188,68.95654221919558,0.0324937355337056,38,38
Bihar,ssp585,2060-2080,linear,85.31324031618244,85.31129094038022,-0.0019493758022264274,38,38
Chandigarh,historical,1990-2010,linear,38.953874857675615,38.953874857675615,0.0,1,1
Chandigarh,ssp245,2020-2040,linear,49.8149007113735,49.81490071137349,-7.105427357601002e-15,1,1
Chandigarh,ssp245,2040-2060,linear,59.436623850734684,59.436623850734684,0.0,1,1
Chandigarh,ssp245,2060-2080,linear,67.54434053504669,67.54434053504669,0.0,1,1
Chandigarh,ssp585,2020-2040,linear,50.61400473910761,50.61400473910761,0.0,1,1
Chandigarh,ssp585,2040-2060,linear,65.44182099621221,65.44182099621221,0.0,1,1
Chandigarh,ssp585,2060-2080,linear,80.72116094809483,80.72116094809483,0.0,1,1
Chhattisgarh,historical,1990-2010,linear,44.67582344298167,44.31254331135794,-0.36328013162372486,33,33
Chhattisgarh,ssp245,2020-2040,linear,53.902156304902654,53.56895766037853,-0.3331986445241242,33,33
Chhattisgarh,ssp245,2040-2060,linear,63.3362782061402,63.011282519821705,-0.32499568631849485,33,33
Chhattisgarh,ssp245,2060-2080,linear,70.71992654628941,70.4905404156811,-0.2293861306083187,33,33
Chhattisgarh,ssp585,2020-2040,linear,54.39205316842229,54.04577266690827,-0.34628050151401624,33,33
Chhattisgarh,ssp585,2040-2060,linear,69.40124214005753,69.14538548490286,-0.25585665515467326,33,33
Chhattisgarh,ssp585,2060-2080,linear,85.55627937209992,85.34621282538369,-0.21006654671623437,33,33
"Dadra, Nagar Haveli, Daman & Diu",historical,1990-2010,linear,40.621015904314774,42.66519808633753,2.044182182022759,3,3
"Dadra, Nagar Haveli, Daman & Diu",ssp245,2020-2040,linear,53.23986015554322,54.21660002296172,0.9767398674185017,3,3
"Dadra, Nagar Haveli, Daman & Diu",ssp245,2040-2060,linear,64.53199445747104,64.94083601988355,0.4088415624125048,3,3
"Dadra, Nagar Haveli, Daman & Diu",ssp245,2060-2080,linear,73.38330870032242,73.52226406129519,0.13895536097277272,3,3
"Dadra, Nagar Haveli, Daman & Diu",ssp585,2020-2040,linear,54.24141446328125,55.12401787478321,0.882603411501961,3,3
"Dadra, Nagar Haveli, Daman & Diu",ssp585,2040-2060,linear,71.31045706064121,71.70333446082341,0.39287740018220063,3,3
"Dadra, Nagar Haveli, Daman & Diu",ssp585,2060-2080,linear,85.28493893874183,86.77597763579791,1.4910386970560836,3,3
Delhi,historical,1990-2010,linear,44.13911612062793,44.0745732635111,-0.06454285711683383,11,11
Delhi,ssp245,2020-2040,linear,52.940555824785946,52.96137336594088,0.020817541154933394,11,11
Delhi,ssp245,2040-2060,linear,62.99111704809357,62.95879943054235,-0.032317617551221645,11,11
Delhi,ssp245,2060-2080,linear,69.98616461332966,70.00561898614832,0.01945437281865736,11,11
Delhi,ssp585,2020-2040,linear,54.52664203854203,54.50423685160549,-0.022405186936538257,11,11
Delhi,ssp585,2040-2060,linear,67.95308622247552,67.91658677577959,-0.03649944669592742,11,11
Delhi,ssp585,2060-2080,linear,82.26651072374591,82.2323648396354,-0.03414588411051511,11,11
Goa,historical,1990-2010,linear,39.07121956170705,39.000926895218676,-0.07029266648837762,2,2
Goa,ssp245,2020-2040,linear,54.6271312354278,54.54063005013,-0.0865011852977986,2,2
Goa,ssp245,2040-2060,linear,68.36594037440622,68.2697783819349,-0.09616199247132329,2,2
Goa,ssp245,2060-2080,linear,78.67070087143661,78.57695863021546,-0.09374224122115038,2,2
Goa,ssp585,2020-2040,linear,55.87225245183484,55.78776147405687,-0.08449097777796766,2,2
Goa,ssp585,2040-2060,linear,76.70974470276389,76.6174035819632,-0.09234112080068257,2,2
Goa,ssp585,2060-2080,linear,88.21427424176031,88.14592150900442,-0.0683527327558835,2,2
Gujarat,historical,1990-2010,linear,46.84130590043857,47.23429821335995,0.39299231292137904,33,33
Gujarat,ssp245,2020-2040,linear,58.23729499930635,58.900707516667715,0.6634125173613654,33,33
Gujarat,ssp245,2040-2060,linear,68.30241279109971,68.9675474949291,0.6651347038293807,33,33
Gujarat,ssp245,2060-2080,linear,75.89430569986297,76.7338305807682,0.8395248809052305,33,33
Gujarat,ssp585,2020-2040,linear,59.41590405919869,60.0616017704455,0.645697711246811,33,33
Gujarat,ssp585,2040-2060,linear,73.92965959871745,74.70034954207941,0.7706899433619583,33,33
Gujarat,ssp585,2060-2080,linear,87.90060952378805,88.58169493075769,0.6810854069696433,33,33
Haryana,historical,1990-2010,linear,43.52234781688692,43.92485452558631,0.4025067086993914,22,22
Haryana,ssp245,2020-2040,linear,53.34977852093841,53.89026758332468,0.5404890623862713,22,22
Haryana,ssp245,2040-2060,linear,63.008998685829695,63.49593098340249,0.48693229757279255,22,22
Haryana,ssp245,2060-2080,linear,70.52280156564574,71.08318917333047,0.5603876076847314,22,22
Haryana,ssp585,2020-2040,linear,54.39359959469212,54.85832482135258,0.46472522666046245,22,22
Haryana,ssp585,2040-2060,linear,68.2259820890669,68.70970028867701,0.4837181996101094,22,22
Haryana,ssp585,2060-2080,linear,82.93927282225529,83.38406237509086,0.444789552835573,22,22
Himachal Pradesh,historical,1990-2010,linear,15.274860675425423,8.454696859031875,-6.820163816393547,12,12
Himachal Pradesh,ssp245,2020-2040,linear,26.20012038686762,19.045822168160388,-7.154298218707233,12,12
Himachal Pradesh,ssp245,2040-2060,linear,34.873261775493226,27.176964013613233,-7.696297761879993,12,12
Himachal Pradesh,ssp245,2060-2080,linear,42.6847966394441,34.59462327250607,-8.090173366938032,12,12
Himachal Pradesh,ssp585,2020-2040,linear,27.029323047660938,19.94471464222124,-7.084608405439699,12,12
Himachal Pradesh,ssp585,2040-2060,linear,41.04177877584892,33.091756428941345,-7.9500223469075735,12,12
Himachal Pradesh,ssp585,2060-2080,linear,55.56813851722172,46.81081012425905,-8.75732839296267,12,12
Jammu & Kashmir,historical,1990-2010,linear,12.661403753894598,11.285597085386511,-1.375806668508087,22,22
Jammu & Kashmir,ssp245,2020-2040,linear,22.964469236624485,21.37888623922588,-1.5855829973986033,22,22
Jammu & Kashmir,ssp245,2040-2060,linear,30.69074182834462,28.920148472760662,-1.7705933555839586,22,22
Jammu & Kashmir,ssp245,2060-2080,linear,38.160811826877,36.2371523987658,-1.9236594281112005,22,22
Jammu & Kashmir,ssp585,2020-2040,linear,23.737767916955395,22.13417916829458,-1.6035887486608154,22,22
Jammu & Kashmir,ssp585,2040-2060,linear,36.76654503092424,34.849084978059075,-1.9174600528651666,22,22
Jammu & Kashmir,ssp585,2060-2080,linear,50.80077583228944,48.75998055994561,-2.0407952723438285,22,22
Jharkhand,historical,1990-2010,linear,41.45840089668926,41.44786527636715,-0.010535620322109196,24,24
Jharkhand,ssp245,2020-2040,linear,50.21606934345229,50.27017108746993,0.05410174401764323,24,24
Jharkhand,ssp245,2040-2060,linear,61.665126150657535,61.59795261393689,-0.06717353672064519,24,24
Jharkhand,ssp245,2060-2080,linear,69.22470547186576,69.11875080137872,-0.1059546704870371,24,24
Jharkhand,ssp585,2020-2040,linear,50.90872465559522,50.91809537487511,0.009370719279885975,24,24
Jharkhand,ssp585,2040-2060,linear,67.40330441625103,67.30830891168765,-0.09499550456338568,24,24
Jharkhand,ssp585,2060-2080,linear,83.98693180362217,83.92980678164031,-0.05712502198186087,24,24
Karnataka,historical,1990-2010,linear,36.85952952874988,37.473635557821304,0.6141060290714222,31,31
Karnataka,ssp245,2020-2040,linear,48.286222308132174,48.87296139296591,0.5867390848337379,31,31
Karnataka,ssp245,2040-2060,linear,58.39779338756344,59.02252950360613,0.6247361160426905,31,31
Karnataka,ssp245,2060-2080,linear,67.24430472866823,67.88593326365988,0.6416285349916535,31,31
Karnataka,ssp585,2020-2040,linear,48.89326467555397,49.49478344626103,0.6015187707070595,31,31
Karnataka,ssp585,2040-2060,linear,66.0768405724307,66.72706057449064,0.6502200020599389,31,31
Karnataka,ssp585,2060-2080,linear,81.21136635899896,81.88173232990981,0.6703659709108507,31,31
Kerala,historical,1990-2010,linear,33.5336385273048,33.34863054102682,-0.18500798627798076,14,14
Kerala,ssp245,2020-2040,linear,47.94253655833514,47.39801810276135,-0.5445184555737939,14,14
Kerala,ssp245,2040-2060,linear,60.063891185642625,59.264824997499,-0.7990661881436267,14,14
Kerala,ssp245,2060-2080,linear,69.68091741401211,68.7494013808177,-0.9315160331944128,14,14
Kerala,ssp585,2020-2040,linear,48.814866678213775,48.242952721198414,-0.5719139570153615,14,14
Kerala,ssp585,2040-2060,linear,68.82598510847379,67.94141103703132,-0.8845740714424721,14,14
Kerala,ssp585,2060-2080,linear,81.80848158525596,81.40331830160126,-0.40516328365470144,14,14
Ladakh,historical,1990-2010,linear,0.10457573082378328,0.08913562616568757,-0.015440104658095713,2,2
Ladakh,ssp245,2020-2040,linear,8.86741595939353,8.646100149068612,-0.2213158103249171,2,2
Ladakh,ssp245,2040-2060,linear,14.501565042161838,14.114662988458942,-0.38690205370289554,2,2
Ladakh,ssp245,2060-2080,linear,19.933803589661885,19.41261279265979,-0.5211907970020953,2,2
Ladakh,ssp585,2020-2040,linear,9.479047348762053,9.298854130170282,-0.1801932185917714,2,2
Ladakh,ssp585,2040-2060,linear,18.78979057275503,18.353900598970576,-0.43588997378445526,2,2
Ladakh,ssp585,2060-2080,linear,30.439071795487706,29.841674633270657,-0.5973971622170495,2,2
Lakshadweep,historical,1990-2010,linear,25.173574439718582,25.173574439718582,0.0,1,1
Lakshadweep,ssp245,2020-2040,linear,50.30850050651061,50.30850050651062,7.105427357601002e-15,1,1
Lakshadweep,ssp245,2040-2060,linear,60.92876769794753,60.92876769794753,0.0,1,1
Lakshadweep,ssp245,2060-2080,linear,61.4071049881268,61.4071049881268,0.0,1,1
Lakshadweep,ssp585,2020-2040,linear,51.705525193751285,51.705525193751285,0.0,1,1
Lakshadweep,ssp585,2040-2060,linear,61.42005469576124,61.420054695761245,7.105427357601002e-15,1,1
Lakshadweep,ssp585,2060-2080,linear,62.15848722551727,62.15848722551727,0.0,1,1
Madhya Pradesh,historical,1990-2010,linear,45.27505159442046,45.18300273852823,-0.09204885589223011,52,52
Madhya Pradesh,ssp245,2020-2040,linear,53.97400383139406,53.848887536579824,-0.1251162948142337,52,52
Madhya Pradesh,ssp245,2040-2060,linear,63.198179143409206,63.02903989492216,-0.1691392484870491,52,52
Madhya Pradesh,ssp245,2060-2080,linear,69.39601950374012,69.2105202386069,-0.1854992651332168,52,52
Madhya Pradesh,ssp585,2020-2040,linear,54.73268626448801,54.58859956312003,-0.14408670136798207,52,52
Madhya Pradesh,ssp585,2040-2060,linear,67.96750580570283,67.82073828885852,-0.14676751684430656,52,52
Madhya Pradesh,ssp585,2060-2080,linear,83.17115880144021,83.06583107501596,-0.10532772642424959,52,52
Maharashtra,historical,1990-2010,linear,45.132501843293376,45.22788118204653,0.09537933875315474,36,36
Maharashtra,ssp245,2020-2040,linear,55.53176048231333,55.35412916543778,-0.1776313168755479,36,36
Maharashtra,ssp245,2040-2060,linear,65.22653177385774,64.82357529764838,-0.4029564762093685,36,36
Maharashtra,ssp245,2060-2080,linear,73.24564280580601,72.80336229266479,-0.4422805131412275,36,36
Maharashtra,ssp585,2020-2040,linear,56.186185813381925,55.97290950322496,-0.2132763101569637,36,36
Maharashtra,ssp585,2040-2060,linear,71.83111945147903,71.39813717910904,-0.43298227236998343,36,36
Maharashtra,ssp585,2060-2080,linear,86.6281560055685,86.27746636889005,-0.3506896366784531,36,36
Manipur,historical,1990-2010,linear,18.31974628726147,17.496962652469175,-0.8227836347922945,16,16
Manipur,ssp245,2020-2040,linear,29.910710582918497,28.983313299599097,-0.9273972833194009,16,16
Manipur,ssp245,2040-2060,linear,40.123244032883875,39.07336024604574,-1.0498837868381372,16,16
Manipur,ssp245,2060-2080,linear,48.65408598144873,47.5209315219009,-1.133154459547832,16,16
Manipur,ssp585,2020-2040,linear,30.812646603586057,29.89562432113617,-0.917022282449885,16,16
Manipur,ssp585,2040-2060,linear,46.76272426982018,45.73046522248062,-1.032259047339565,16,16
Manipur,ssp585,2060-2080,linear,60.40463585041545,59.261858724937845,-1.1427771254776076,16,16
Meghalaya,historical,1990-2010,linear,21.882868403106425,21.347823322159833,-0.5350450809465919,12,12
Meghalaya,ssp245,2020-2040,linear,32.77448741350693,32.25398669090899,-0.5205007225979443,12,12
Meghalaya,ssp245,2040-2060,linear,43.89861087025806,43.28821191056277,-0.6103989596952886,12,12
Meghalaya,ssp245,2060-2080,linear,52.94504754964752,52.307407448991114,-0.6376401006564052,12,12
Meghalaya,ssp585,2020-2040,linear,34.25390470904,33.71459457018854,-0.5393101388514623,12,12
Meghalaya,ssp585,2040-2060,linear,50.793418062208566,50.179178969208174,-0.6142390930003927,12,12
Meghalaya,ssp585,2060-2080,linear,65.36229248620086,64.69890884297078,-0.6633836432300768,12,12
Mizoram,historical,1990-2010,linear,21.564294781653658,22.90200678724396,1.3377120055903013,11,11
Mizoram,ssp245,2020-2040,linear,32.90878581153645,34.30202729659082,1.393241485054375,11,11
Mizoram,ssp245,2040-2060,linear,43.732499308566254,45.23444506939161,1.5019457608253575,11,11
Mizoram,ssp245,2060-2080,linear,53.103177552263176,54.73895202777184,1.6357744755086614,11,11
Mizoram,ssp585,2020-2040,linear,34.11639514306142,35.510354828846204,1.393959685784786,11,11
Mizoram,ssp585,2040-2060,linear,51.44993819858187,53.05390350008498,1.6039653015031092,11,11
Mizoram,ssp585,2060-2080,linear,65.68605841481796,67.60965907709914,1.9236006622811743,11,11
Nagaland,historical,1990-2010,linear,17.63095368974499,16.65446177249742,-0.9764919172475715,16,16
Nagaland,ssp245,2020-2040,linear,29.156916215102527,28.091205216562734,-1.0657109985397923,16,16
Nagaland,ssp245,2040-2060,linear,38.881428709797646,37.7731675835467,-1.1082611262509445,16,16
Nagaland,ssp245,2060-2080,linear,46.84629324885273,45.7127149590673,-1.133578289785433,16,16
Nagaland,ssp585,2020-2040,linear,30.27191600128541,29.211573120467516,-1.0603428808178919,16,16
Nagaland,ssp585,2040-2060,linear,45.50036101326137,44.35664275892057,-1.143718254340797,16,16
Nagaland,ssp585,2060-2080,linear,59.58338281302514,58.38040843002606,-1.2029743829990807,16,16
Odisha,historical,1990-2010,linear,42.317577940232816,41.634672136279946,-0.6829058039528704,30,30
Odisha,ssp245,2020-2040,linear,52.37600826752529,51.65402509158686,-0.7219831759384334,30,30
Odisha,ssp245,2040-2060,linear,62.52680540239637,61.678288628129806,-0.8485167742665638,30,30
Odisha,ssp245,2060-2080,linear,70.64021459769985,69.72830305272889,-0.9119115449709625,30,30
Odisha,ssp585,2020-2040,linear,52.41793990508949,51.71939753521758,-0.6985423698719089,30,30
Odisha,ssp585,2040-2060,linear,69.14857750149876,68.30091378721814,-0.8476637142806283,30,30
Odisha,ssp585,2060-2080,linear,85.48487691340907,84.65633199098613,-0.8285449224229353,30,30
Puducherry,historical,1990-2010,linear,43.777406547683846,45.342862277285036,1.5654557296011902,4,4
Puducherry,ssp245,2020-2040,linear,56.173602520220555,56.82785779343151,0.654255273210957,4,4
Puducherry,ssp245,2040-2060,linear,68.51392575428375,68.70484023757717,0.19091448329342597,4,4
Puducherry,ssp245,2060-2080,linear,77.81690472623077,77.23761062746712,-0.5792940987636541,4,4
Puducherry,ssp585,2020-2040,linear,57.087822545945855,57.84455231291276,0.756729766966906,4,4
Puducherry,ssp585,2040-2060,linear,76.28386488543445,75.70843803336078,-0.5754268520736758,4,4
Puducherry,ssp585,2060-2080,linear,90.64516622788031,91.34101798209434,0.6958517542140328,4,4
Punjab,historical,1990-2010,linear,42.404299716601834,42.72765210904068,0.3233523924388493,23,23
Punjab,ssp245,2020-2040,linear,53.517808075654685,53.85380574909939,0.33599767344470877,23,23
Punjab,ssp245,2040-2060,linear,62.92366025518191,63.2548801621563,0.33121990697438974,23,23
Punjab,ssp245,2060-2080,linear,71.07820311815935,71.40880547276764,0.33060235460828835,23,23
Punjab,ssp585,2020-2040,linear,54.10295713610289,54.425655606067295,0.32269846996440776,23,23
Punjab,ssp585,2040-2060,linear,68.7920370297737,69.09266075229856,0.30062372252486114,23,23
Punjab,ssp585,2060-2080,linear,83.31221760160706,83.57445055609274,0.2622329544856825,23,23
Rajasthan,historical,1990-2010,linear,46.24699274926441,47.21482484916252,0.9678320998981107,49,49
Rajasthan,ssp245,2020-2040,linear,56.39963351051104,57.683580957989605,1.2839474474785675,49,49
Rajasthan,ssp245,2040-2060,linear,65.56695552048004,66.74554847162582,1.178592951145788,49,49
Rajasthan,ssp245,2060-2080,linear,72.3864560923707,73.70522602630187,1.3187699339311791,49,49
Rajasthan,ssp585,2020-2040,linear,57.29299669877653,58.540326455408724,1.2473297566321975,49,49
Rajasthan,ssp585,2040-2060,linear,70.28447661473105,71.60677610333927,1.3222994886082233,49,49
Rajasthan,ssp585,2060-2080,linear,84.68275997574638,85.88943761510643,1.206677639360052,49,49
Sikkim,historical,1990-2010,linear,4.590245244726746,2.0375564644730364,-2.5526887802537095,6,6
Sikkim,ssp245,2020-2040,linear,13.918500636871848,11.101213223256197,-2.8172874136156505,6,6
Sikkim,ssp245,2040-2060,linear,21.903927177318746,18.447199862604535,-3.456727314714211,6,6
Sikkim,ssp245,2060-2080,linear,28.22051127382632,24.36729930395906,-3.8532119698672602,6,6
Sikkim,ssp585,2020-2040,linear,14.559485698753283,11.748850751626085,-2.8106349471271983,6,6
Sikkim,ssp585,2040-2060,linear,27.752938216733426,23.954366251477357,-3.7985719652560697,6,6
Sikkim,ssp585,2060-2080,linear,40.931913812952736,35.927549489935146,-5.00436432301759,6,6
Tamil Nadu,historical,1990-2010,linear,41.000854981898186,40.520066811035655,-0.48078817086253167,38,38
Tamil Nadu,ssp245,2020-2040,linear,52.892359087720386,52.38335087109676,-0.5090082166236272,38,38
Tamil Nadu,ssp245,2040-2060,linear,63.61512690035467,62.9457858534381,-0.6693410469165642,38,38
Tamil Nadu,ssp245,2060-2080,linear,72.0222913340733,71.31249977571008,-0.7097915583632215,38,38
Tamil Nadu,ssp585,2020-2040,linear,53.60932572047933,53.07551080007228,-0.5338149204070533,38,38
Tamil Nadu,ssp585,2040-2060,linear,70.87398145057519,70.22501600393596,-0.6489654466392238,38,38
Tamil Nadu,ssp585,2060-2080,linear,86.17526468299089,85.66421496979845,-0.5110497131924348,38,38
Telangana,historical,1990-2010,linear,48.002834470207404,48.02724843939782,0.024413969190419493,33,33
Telangana,ssp245,2020-2040,linear,57.84694651880657,57.86583715854997,0.01889063974340388,33,33
Telangana,ssp245,2040-2060,linear,66.73734926170495,66.76144393830506,0.02409467660011444,33,33
Telangana,ssp245,2060-2080,linear,75.1472043459829,75.17501531125052,0.02781096526761928,33,33
Telangana,ssp585,2020-2040,linear,57.99178486994183,58.02225480945783,0.030469939515995748,33,33
Telangana,ssp585,2040-2060,linear,73.48228324909851,73.50738348221105,0.025100233112539172,33,33
Telangana,ssp585,2060-2080,linear,88.78539239387976,88.86109440280158,0.075702008921823,33,33
Tripura,historical,1990-2010,linear,34.08324896586022,33.923400619542974,-0.1598483463172471,8,8
Tripura,ssp245,2020-2040,linear,45.487926458223114,45.38683436676107,-0.10109209146204279,8,8
Tripura,ssp245,2040-2060,linear,56.90986401904194,56.82951383496857,-0.08035018407336736,8,8
Tripura,ssp245,2060-2080,linear,66.54556196186923,66.48001108824614,-0.06555087362308143,8,8
Tripura,ssp585,2020-2040,linear,46.81943330443954,46.71691177822073,-0.1025215262188155,8,8
Tripura,ssp585,2040-2060,linear,64.73833503978669,64.67487892426938,-0.06345611551731167,8,8
Tripura,ssp585,2060-2080,linear,79.83683634943762,79.78463562488704,-0.05220072455057334,8,8
Uttar Pradesh,historical,1990-2010,linear,45.91672009477099,45.99223485226967,0.07551475749868075,75,75
Uttar Pradesh,ssp245,2020-2040,linear,53.954664750532565,54.017805195298614,0.06314044476604863,75,75
Uttar Pradesh,ssp245,2040-2060,linear,64.79859626851535,64.87713434092447,0.07853807240911692,75,75
Uttar Pradesh,ssp245,2060-2080,linear,72.04903325403227,72.11779015690978,0.06875690287751013,75,75
Uttar Pradesh,ssp585,2020-2040,linear,55.54138858936707,55.586611020557385,0.04522243119031799,75,75
Uttar Pradesh,ssp585,2040-2060,linear,70.10046871632119,70.17191126213406,0.07144254581287157,75,75
Uttar Pradesh,ssp585,2060-2080,linear,85.61688351856145,85.74611123357319,0.12922771501173713,75,75
Uttarakhand,historical,1990-2010,linear,18.023595649590874,13.623231804539921,-4.400363845050952,13,13
Uttarakhand,ssp245,2020-2040,linear,27.933153697280833,23.55197964300774,-4.381174054273092,13,13
Uttarakhand,ssp245,2040-2060,linear,36.73291634832044,32.082076557806666,-4.650839790513771,13,13
Uttarakhand,ssp245,2060-2080,linear,44.51172376011766,39.80239780298202,-4.70932595713564,13,13
Uttarakhand,ssp585,2020-2040,linear,29.220065255914943,24.79604759401214,-4.424017661902802,13,13
Uttarakhand,ssp585,2040-2060,linear,42.97125305425979,38.30476058043156,-4.666492473828228,13,13
Uttarakhand,ssp585,2060-2080,linear,57.90223067554546,53.004518012180846,-4.897712663364615,13,13
West Bengal,historical,1990-2010,linear,40.621409159936356,42.25635934937132,1.6349501894349672,23,23
West Bengal,ssp245,2020-2040,linear,49.60171775938481,51.15037500761765,1.5486572482328356,23,23
West Bengal,ssp245,2040-2060,linear,60.536800752087096,62.14737034984275,1.6105695977556564,23,23
West Bengal,ssp245,2060-2080,linear,68.42898916482395,70.0291245537646,1.6001353889406573,23,23
West Bengal,ssp585,2020-2040,linear,50.28065794676436,51.76438257974054,1.483724632976184,23,23
West Bengal,ssp585,2040-2060,linear,67.17398886339643,68.73866538358551,1.5646765201890815,23,23
West Bengal,ssp585,2060-2080,linear,83.23887824771197,84.8669169205425,1.6280386728305274,23,23
Andaman & Nicobar Islands,historical,1990-2010,cdf,14.72060252672498,14.825062653165924,0.10446012644094438,3,3
Andaman & Nicobar Islands,ssp245,2020-2040,cdf,38.19004089731131,37.817358907899425,-0.37268198941188757,3,3
Andaman & Nicobar Islands,ssp245,2040-2060,cdf,48.50436305474572,48.46983020939554,-0.034532845350177865,3,3
Andaman & Nicobar Islands,ssp245,2060-2080,cdf,49.36917921930678,49.56044323247409,0.1912640131673129,3,3
Andaman & Nicobar Islands,ssp585,2020-2040,cdf,40.36215379008747,39.93445033979756,-0.4277034502899113,3,3
Andaman & Nicobar Islands,ssp585,2040-2060,cdf,49.08993359248462,49.21935090870123,0.12941731621661035,3,3
Andaman & Nicobar Islands,ssp585,2060-2080,cdf,49.59613905085845,49.715698439815355,0.11955938895690821,3,3
Andhra Pradesh,historical,1990-2010,cdf,35.4359336454362,35.68851185655273,0.25257821111652845,26,26
Andhra Pradesh,ssp245,2020-2040,cdf,46.861152771548184,47.04192810525448,0.1807753337062934,26,26
Andhra Pradesh,ssp245,2040-2060,cdf,60.3235322288256,60.35417574423673,0.03064351541112842,26,26
Andhra Pradesh,ssp245,2060-2080,cdf,73.49604264782838,73.59163041864453,0.09558777081615233,26,26
Andhra Pradesh,ssp585,2020-2040,cdf,47.48692952455709,47.67339984637449,0.18647032181739576,26,26
Andhra Pradesh,ssp585,2040-2060,cdf,70.83577455707558,70.82813545440554,-0.007639102670040643,26,26
Andhra Pradesh,ssp585,2060-2080,cdf,86.90846462211259,87.26494005486856,0.35647543275597116,26,26
Arunachal Pradesh,historical,1990-2010,cdf,5.488682767062871,4.4742023046617065,-1.0144804624011643,26,26
Arunachal Pradesh,ssp245,2020-2040,cdf,16.886914106301866,15.641935067922901,-1.2449790383789647,26,26
Arunachal Pradesh,ssp245,2040-2060,cdf,26.404678973237647,24.96004424091386,-1.444634732323788,26,26
Arunachal Pradesh,ssp245,2060-2080,cdf,35.28983399678553,33.67574838402515,-1.614085612760384,26,26
Arunachal Pradesh,ssp585,2020-2040,cdf,18.74963206436421,17.47220808861552,-1.2774239757486896,26,26
Arunachal Pradesh,ssp585,2040-2060,cdf,34.094276790386495,32.47245653998822,-1.6218202503982724,26,26
Arunachal Pradesh,ssp585,2060-2080,cdf,43.184436205801006,41.21307108990934,-1.9713651158916647,26,26
Assam,historical,1990-2010,cdf,12.439027141468836,12.026851658315888,-0.4121754831529483,35,35
Assam,ssp245,2020-2040,cdf,25.181048694988206,24.707589794430486,-0.4734589005577199,35,35
Assam,ssp245,2040-2060,cdf,37.79648236845759,36.91626725394731,-0.8802151145102783,35,35
Assam,ssp245,2060-2080,cdf,48.60086509093434,47.54178526221428,-1.0590798287200585,35,35
Assam,ssp585,2020-2040,cdf,27.40028460363738,26.816287918776762,-0.5839966848606188,35,35
Assam,ssp585,2040-2060,cdf,47.052916319589066,46.04757426801413,-1.0053420515749352,35,35
Assam,ssp585,2060-2080,cdf,60.452302859919484,59.14466588206109,-1.3076369778583938,35,35
Bihar,historical,1990-2010,cdf,26.074121847987325,26.106018792540556,0.031896944553231776,38,38
Bihar,ssp245,2020-2040,cdf,34.71397722622884,34.896448125226705,0.18247089899786317,38,38
Bihar,ssp245,2040-2060,cdf,53.400385530151915,53.48835569955937,0.0879701694074555,38,38
Bihar,ssp245,2060-2080,cdf,67.39319200424534,67.41996660665113,0.026774602405794212,38,38
Bihar,ssp585,2020-2040,cdf,37.90186962943073,38.05969816339046,0.15782853395973007,38,38
Bihar,ssp585,2040-2060,cdf,63.68416257480436,63.78132878494162,0.09716621013726012,38,38
Bihar,ssp585,2060-2080,cdf,83.51745914531227,83.54153806293148,0.024078917619206663,38,38
Chandigarh,historical,1990-2010,cdf,20.01564018464529,20.01564018464529,0.0,1,1
Chandigarh,ssp245,2020-2040,cdf,31.827623906705547,31.827623906705547,0.0,1,1
Chandigarh,ssp245,2040-2060,cdf,43.147473275024296,43.147473275024296,0.0,1,1
Chandigarh,ssp245,2060-2080,cdf,56.30208333333335,56.30208333333335,0.0,1,1
Chandigarh,ssp585,2020-2040,cdf,33.36476554907678,33.36476554907678,0.0,1,1
Chandigarh,ssp585,2040-2060,cdf,53.05864310009719,53.05864310009719,0.0,1,1
Chandigarh,ssp585,2060-2080,cdf,72.96222060252674,72.96222060252674,0.0,1,1
Chhattisgarh,historical,1990-2010,cdf,32.44895198339077,31.650736077972674,-0.7982159054180968,33,33
Chhattisgarh,ssp245,2020-2040,cdf,42.96029261271609,42.08931164859813,-0.8709809641179618,33,33
Chhattisgarh,ssp245,2040-2060,cdf,58.82598304473306,57.85202193011398,-0.9739611146190796,33,33
Chhattisgarh,ssp245,2060-2080,cdf,70.8659205024001,70.22992977559137,-0.6359907268087284,33,33
Chhattisgarh,ssp585,2020-2040,cdf,44.24007752451631,43.33596576065332,-0.9041117638629856,33,33
Chhattisgarh,ssp585,2040-2060,cdf,68.34031827016521,67.60162231246325,-0.7386959577019638,33,33
Chhattisgarh,ssp585,2060-2080,cdf,88.44383613835144,87.98700934719305,-0.45682679115839164,33,33
"Dadra, Nagar Haveli, Daman & Diu",historical,1990-2010,cdf,26.328454000647884,28.618517452416008,2.2900634517681233,3,3
"Dadra, Nagar Haveli, Daman & Diu",ssp245,2020-2040,cdf,41.437530369290585,42.769228823712226,1.331698454421641,3,3
"Dadra, Nagar Haveli, Daman & Diu",ssp245,2040-2060,cdf,56.72512755102043,57.3128172744135,0.5876897233930691,3,3
"Dadra, Nagar Haveli, Daman & Diu",ssp245,2060-2080,cdf,68.30903790087466,70.7261297002933,2.4170917994186425,3,3
"Dadra, Nagar Haveli, Daman & Diu",ssp585,2020-2040,cdf,42.93868440233236,44.24888817268492,1.3102037703525582,3,3
"Dadra, Nagar Haveli, Daman & Diu",ssp585,2040-2060,cdf,65.79835803368967,68.15707433367791,2.358716299988245,3,3
"Dadra, Nagar Haveli, Daman & Diu",ssp585,2060-2080,cdf,79.14065030774215,83.53618142863236,4.395531120890212,3,3
Delhi,historical,1990-2010,cdf,26.183353211414442,25.918568459447133,-0.26478475196730855,11,11
Delhi,ssp245,2020-2040,cdf,36.452038607650856,36.487645167668404,0.03560656001754836,11,11
Delhi,ssp245,2040-2060,cdf,53.405170509762364,53.24988232366019,-0.15528818610217598,11,11
Delhi,ssp245,2060-2080,cdf,66.00693524162912,65.97411140390336,-0.0328238377257577,11,11
Delhi,ssp585,2020-2040,cdf,40.49387368583798,40.42468147097487,-0.069192214863115,11,11
Delhi,ssp585,2040-2060,cdf,61.62816668875343,61.46976017514821,-0.15840651360522173,11,11
Delhi,ssp585,2060-2080,cdf,81.85287183055041,81.68364091246136,-0.1692309180890561,11,11
Goa,historical,1990-2010,cdf,24.0086704324587,23.8778681290347,-0.13080230342400156,2,2
Goa,ssp245,2020-2040,cdf,43.812788508260454,43.65568659736219,-0.15710191089826253,2,2
Goa,ssp245,2040-2060,cdf,61.38165087463557,61.238623531851616,-0.14302734278395235,2,2
Goa,ssp245,2060-2080,cdf,70.86188046647231,70.73219738722442,-0.12968307924789713,2,2
Goa,ssp585,2020-2040,cdf,44.98853559280855,44.83164974835355,-0.15688584445500453,2,2
Goa,ssp585,2040-2060,cdf,68.73329689018466,68.60934389301218,-0.12395299717248065,2,2
Goa,ssp585,2060-2080,cdf,79.74573311467447,79.63765235842425,-0.10808075625021729,2,2
Gujarat,historical,1990-2010,cdf,36.557963012044645,36.46983890451701,-0.08812410752763356,33,33
Gujarat,ssp245,2020-2040,cdf,51.56786063992698,52.59413168827617,1.0262710483491944,33,33
Gujarat,ssp245,2040-2060,cdf,65.794575676591,66.39711515068136,0.6025394740903636,33,33
Gujarat,ssp245,2060-2080,cdf,76.74694282474896,77.58052526355435,0.8335824388053936,33,33
Gujarat,ssp585,2020-2040,cdf,54.03707722266397,54.7771512443205,0.7400740216565325,33,33
Gujarat,ssp585,2040-2060,cdf,73.69065564537505,74.64904517973639,0.9583895343613449,33,33
Gujarat,ssp585,2060-2080,cdf,88.44843754601408,88.8598531675963,0.411415621582222,33,33
Haryana,historical,1990-2010,cdf,25.224070147539543,25.650869117330185,0.42679896979064225,22,22
Haryana,ssp245,2020-2040,cdf,37.85305680713845,38.892570461747894,1.0395136546094434,22,22
Haryana,ssp245,2040-2060,cdf,52.830010656860146,53.79849973567594,0.9684890788157929,22,22
Haryana,ssp245,2060-2080,cdf,66.09597247990105,67.20349840849205,1.1075259285910022,22,22
Haryana,ssp585,2020-2040,cdf,40.469950967399946,41.35875735014885,0.8888063827489034,22,22
Haryana,ssp585,2040-2060,cdf,61.734148610743006,62.77980207746216,1.045653466719152,22,22
Haryana,ssp585,2060-2080,cdf,81.82496659378037,82.66194010438099,0.8369735106006146,22,22
Himachal Pradesh,historical,1990-2010,cdf,7.533925028344672,4.770899367030819,-2.7630256613138533,12,12
Himachal Pradesh,ssp245,2020-2040,cdf,19.304138321995467,16.699117305529665,-2.605021016465802,12,12
Himachal Pradesh,ssp245,2040-2060,cdf,26.90507825153871,24.10325169499415,-2.8018265565445617,12,12
Himachal Pradesh,ssp245,2060-2080,cdf,36.21674562682216,32.818156931406534,-3.3985886954156257,12,12
Himachal Pradesh,ssp585,2020-2040,cdf,20.123451166180764,17.48515340414036,-2.6382977620404056,12,12
Himachal Pradesh,ssp585,2040-2060,cdf,34.602541909621,31.422860278379062,-3.179681631241941,12,12
Himachal Pradesh,ssp585,2060-2080,cdf,44.46709487366376,40.31747565573271,-4.149619217931054,12,12
Jammu & Kashmir,historical,1990-2010,cdf,6.480647859793269,6.0192381738088585,-0.46140968598441034,22,22
Jammu & Kashmir,ssp245,2020-2040,cdf,16.893960100273883,16.429921273732834,-0.46403882654104933,22,22
Jammu & Kashmir,ssp245,2040-2060,cdf,24.04886142768796,23.437364846902586,-0.6114965807853743,22,22
Jammu & Kashmir,ssp245,2060-2080,cdf,32.88307409002562,32.15324742566859,-0.7298266643570344,22,22
Jammu & Kashmir,ssp585,2020-2040,cdf,18.255532732573553,17.727318216493387,-0.5282145160801655,22,22
Jammu & Kashmir,ssp585,2040-2060,cdf,31.181379207527183,30.45037569101451,-0.731003516512672,22,22
Jammu & Kashmir,ssp585,2060-2080,cdf,42.44877943060342,41.601880750141866,-0.8468986804615568,22,22
Jharkhand,historical,1990-2010,cdf,24.58221979267898,24.631814891560342,0.04959509888136182,24,24
Jharkhand,ssp245,2020-2040,cdf,33.35025155895692,33.49970261412777,0.1494510551708501,24,24
Jharkhand,ssp245,2040-2060,cdf,51.416936194120524,51.441956566351436,0.025020372230912358,24,24
Jharkhand,ssp245,2060-2080,cdf,64.88718441245547,64.8439112995956,-0.04327311285986468,24,24
Jharkhand,ssp585,2020-2040,cdf,34.819264759475224,34.91682867428669,0.09756391481146665,24,24
Jharkhand,ssp585,2040-2060,cdf,61.15055955417882,61.09860882446895,-0.05195072970987269,24,24
Jharkhand,ssp585,2060-2080,cdf,83.1816450538549,83.32603151508987,0.14438646123497278,24,24
Karnataka,historical,1990-2010,cdf,21.915381359917244,22.87227493548939,0.9568935755721455,31,31
Karnataka,ssp245,2020-2040,cdf,34.5631279585567,35.725502128553735,1.1623741699970367,31,31
Karnataka,ssp245,2040-2060,cdf,47.08717357910908,48.30327770210299,1.2161041229939116,31,31
Karnataka,ssp245,2060-2080,cdf,59.300482577823765,60.633313267776046,1.3328306899522815,31,31
Karnataka,ssp585,2020-2040,cdf,35.221450907551976,36.433480097640945,1.2120291900889697,31,31
Karnataka,ssp585,2040-2060,cdf,57.519431447694295,58.9038661775511,1.3844347298568067,31,31
Karnataka,ssp585,2060-2080,cdf,73.22854948430988,74.46780439100903,1.239254906699145,31,31
Kerala,historical,1990-2010,cdf,17.626976173122312,17.363236671258363,-0.2637395018639488,14,14
Kerala,ssp245,2020-2040,cdf,34.09425760099959,33.34667942625525,-0.7475781747443406,14,14
Kerala,ssp245,2040-2060,cdf,49.00586127308069,47.93537959525485,-1.070481677825839,14,14
Kerala,ssp245,2060-2080,cdf,59.33713600236013,58.45861837114661,-0.8785176312135192,14,14
Kerala,ssp585,2020-2040,cdf,35.100055966264065,34.31752588441991,-0.7825300818441576,14,14
Kerala,ssp585,2040-2060,cdf,58.51400891989449,57.65484849688777,-0.8591604230067205,14,14
Kerala,ssp585,2060-2080,cdf,69.17725253366653,68.78593110354947,-0.3913214301170598,14,14
Ladakh,historical,1990-2010,cdf,1.1690658406219634,1.1618723234106634,-0.007193517211300016,2,2
Ladakh,ssp245,2020-2040,cdf,11.934827502429545,11.557230949864453,-0.37759655256509284,2,2
Ladakh,ssp245,2040-2060,cdf,18.062287414965986,17.69251538989389,-0.36977202507209483,2,2
Ladakh,ssp245,2060-2080,cdf,25.373542274052483,24.749851711627123,-0.6236905624253595,2,2
Ladakh,ssp585,2020-2040,cdf,12.877034742468418,12.580207505960031,-0.2968272365083866,2,2
Ladakh,ssp585,2040-2060,cdf,24.053920675413025,23.58072606517144,-0.4731946102415847,2,2
Ladakh,ssp585,2060-2080,cdf,33.807853498542286,33.54800346454111,-0.25985003400117535,2,2
Lakshadweep,historical,1990-2010,cdf,13.68728741496599,13.68728741496599,0.0,1,1
Lakshadweep,ssp245,2020-2040,cdf,39.99073736637512,39.99073736637512,0.0,1,1
Lakshadweep,ssp245,2040-2060,cdf,47.19569970845482,47.19569970845482,0.0,1,1
Lakshadweep,ssp245,2060-2080,cdf,47.61509961127309,47.61509961127309,0.0,1,1
Lakshadweep,ssp585,2020-2040,cdf,41.28446914480078,41.28446914480078,0.0,1,1
Lakshadweep,ssp585,2040-2060,cdf,47.34678692905735,47.34678692905736,7.105427357601002e-15,1,1
Lakshadweep,ssp585,2060-2080,cdf,49.61825801749273,49.61825801749273,0.0,1,1
Madhya Pradesh,historical,1990-2010,cdf,32.33251044236377,32.24856890114707,-0.08394154121670283,52,52
Madhya Pradesh,ssp245,2020-2040,cdf,42.27292823035808,42.044904092895955,-0.22802413746212835,52,52
Madhya Pradesh,ssp245,2040-2060,cdf,58.67216993253346,58.40937351783255,-0.2627964147009081,52,52
Madhya Pradesh,ssp245,2060-2080,cdf,68.77894427001571,68.4604569885935,-0.3184872814222075,52,52
Madhya Pradesh,ssp585,2020-2040,cdf,44.2512539012858,43.94810898648936,-0.3031449147964409,52,52
Madhya Pradesh,ssp585,2040-2060,cdf,66.14346511269345,65.92348399912504,-0.21998111356840866,52,52
Madhya Pradesh,ssp585,2060-2080,cdf,87.16783296422969,87.04863660322471,-0.1191963610049811,52,52
Maharashtra,historical,1990-2010,cdf,35.62886364863406,35.79234333058991,0.16347968195584883,36,36
Maharashtra,ssp245,2020-2040,cdf,48.05469087436563,47.83655470014443,-0.21813617422120046,36,36
Maharashtra,ssp245,2040-2060,cdf,61.87826048077962,61.47609987407345,-0.40216060670617537,36,36
Maharashtra,ssp245,2060-2080,cdf,73.42909361165103,73.2500453722452,-0.17904823940583015,36,36
Maharashtra,ssp585,2020-2040,cdf,49.518136371612144,49.29656606090892,-0.2215703107032212,36,36
Maharashtra,ssp585,2040-2060,cdf,71.30472799238746,71.04844923570776,-0.25627875667969136,36,36
Maharashtra,ssp585,2060-2080,cdf,86.9166185819566,86.98242278902943,0.06580420707282997,36,36
Manipur,historical,1990-2010,cdf,6.6609439534742485,6.292764237766095,-0.36817971570815367,16,16
Manipur,ssp245,2020-2040,cdf,19.01012246416424,18.53436200324918,-0.47576046091506186,16,16
Manipur,ssp245,2040-2060,cdf,29.802827380952387,29.17526617218665,-0.6275612087657372,16,16
Manipur,ssp245,2060-2080,cdf,38.30265085945093,37.62434420320205,-0.6783066562488784,16,16
Manipur,ssp585,2020-2040,cdf,20.320177736273084,19.88899362225855,-0.4311841140145347,16,16
Manipur,ssp585,2040-2060,cdf,36.86939117164724,36.26047084196315,-0.6089203296840893,16,16
Manipur,ssp585,2060-2080,cdf,44.835455387512155,43.93286990575431,-0.9025854817578463,16,16
Meghalaya,historical,1990-2010,cdf,8.409433713961779,8.140962084447024,-0.2684716295147549,12,12
Meghalaya,ssp245,2020-2040,cdf,19.86943735827665,19.60786362312853,-0.26157373514811866,12,12
Meghalaya,ssp245,2040-2060,cdf,31.72300170068027,31.301603666487047,-0.4213980341932242,12,12
Meghalaya,ssp245,2060-2080,cdf,40.956442844995145,40.418909169751394,-0.5375336752437505,12,12
Meghalaya,ssp585,2020-2040,cdf,21.894752692743765,21.603051786848585,-0.29170090589517983,12,12
Meghalaya,ssp585,2040-2060,cdf,39.4293357223842,38.92924773687317,-0.5000879855110298,12,12
Meghalaya,ssp585,2060-2080,cdf,48.94092160673794,48.18362667253168,-0.7572949342062572,12,12
Mizoram,historical,1990-2010,cdf,8.523486504991608,9.198403011883192,0.6749165068915843,11,11
Mizoram,ssp245,2020-2040,cdf,19.930054002120333,20.583335212902554,0.6532812107822217,11,11
Mizoram,ssp245,2040-2060,cdf,31.58676782401273,32.33091820537744,0.7441503813647152,11,11
Mizoram,ssp245,2060-2080,cdf,40.66852471508084,41.61235369476093,0.9438289796800845,11,11
Mizoram,ssp585,2020-2040,cdf,21.784195821185623,22.44034960411218,0.6561537829265554,11,11
Mizoram,ssp585,2040-2060,cdf,39.46552809435463,40.36950782610421,0.9039797317495797,11,11
Mizoram,ssp585,2060-2080,cdf,48.07901813322733,49.565920980046,1.4869028468186727,11,11
Nagaland,historical,1990-2010,cdf,6.153700877672498,5.644883443664605,-0.5088174340078933,16,16
Nagaland,ssp245,2020-2040,cdf,18.316345511418856,17.79875474997571,-0.5175907614431452,16,16
Nagaland,ssp245,2040-2060,cdf,28.455531766277943,27.867501348985552,-0.5880304172923907,16,16
Nagaland,ssp245,2060-2080,cdf,37.303368333940725,36.5272638282816,-0.7761045056591271,16,16
Nagaland,ssp585,2020-2040,cdf,20.077612518221578,19.582259523469954,-0.49535299475162375,16,16
Nagaland,ssp585,2040-2060,cdf,36.12519170614675,35.367376549003005,-0.7578151571437459,16,16
Nagaland,ssp585,2060-2080,cdf,45.05702783345482,43.73926153496212,-1.3177662984926997,16,16
Odisha,historical,1990-2010,cdf,28.214675453514744,26.982030312800212,-1.2326451407145314,30,30
Odisha,ssp245,2020-2040,cdf,39.70527615808228,38.17287009796784,-1.5324060601144396,30,30
Odisha,ssp245,2040-2060,cdf,54.65292456268223,53.019876231752036,-1.633048330930194,30,30
Odisha,ssp245,2060-2080,cdf,67.59850785552318,66.13840145782173,-1.460106397701452,30,30
Odisha,ssp585,2020-2040,cdf,39.708718011013936,38.250832733145494,-1.4578852778684421,30,30
Odisha,ssp585,2040-2060,cdf,65.33538832199548,63.81880019655203,-1.5165881254434481,30,30
Odisha,ssp585,2060-2080,cdf,83.73417759961127,82.77909132958018,-0.9550862700310887,30,30
Puducherry,historical,1990-2010,cdf,31.89417061467445,34.023440677437165,2.129270062762714,4,4
Puducherry,ssp245,2020-2040,cdf,46.81111060495628,47.75959065843091,0.9484800534746256,4,4
Puducherry,ssp245,2040-2060,cdf,61.91888362487854,62.1816362707169,0.26275264583836133,4,4
Puducherry,ssp245,2060-2080,cdf,72.60397685860059,73.09862680566644,0.4946499470658523,4,4
Puducherry,ssp585,2020-2040,cdf,48.01567055393588,49.18315393496171,1.167483381025832,4,4
Puducherry,ssp585,2040-2060,cdf,71.11273080660837,71.43072758602445,0.3179967794160774,4,4
Puducherry,ssp585,2060-2080,cdf,83.00208029640429,84.19816781445196,1.1960875180476762,4,4
Punjab,historical,1990-2010,cdf,23.963080185490348,24.333353071122204,0.3702728856318558,23,23
Punjab,ssp245,2020-2040,cdf,39.00941315967381,39.60055378531149,0.5911406256376779,23,23
Punjab,ssp245,2040-2060,cdf,51.28681946381037,51.98345654854583,0.6966370847354639,23,23
Punjab,ssp245,2060-2080,cdf,64.87787583977692,65.62332786339432,0.7454520236174034,23,23
Punjab,ssp585,2020-2040,cdf,40.217226253855586,40.80584775094209,0.5886214970865069,23,23
Punjab,ssp585,2040-2060,cdf,61.550477722144784,62.242244505610216,0.6917667834654324,23,23
Punjab,ssp585,2060-2080,cdf,79.20062085393165,79.83397644076601,0.6333555868343552,23,23
Rajasthan,historical,1990-2010,cdf,31.328668858213845,33.05510738424708,1.7264385260332347,49,49
Rajasthan,ssp245,2020-2040,cdf,45.80741097459393,48.489997933446354,2.6825869588524256,49,49
Rajasthan,ssp245,2040-2060,cdf,60.730936142678665,62.97458046175814,2.243644319079472,49,49
Rajasthan,ssp245,2060-2080,cdf,72.39990529739593,74.61833260404373,2.218427306647797,49,49
Rajasthan,ssp585,2020-2040,cdf,48.25818793260745,50.886747318187595,2.6285593855801466,49,49
Rajasthan,ssp585,2040-2060,cdf,68.28150101148331,70.74878564773638,2.467284636253069,49,49
Rajasthan,ssp585,2060-2080,cdf,87.45396883243095,88.89531650804246,1.4413476756115102,49,49
Sikkim,historical,1990-2010,cdf,2.7844084062196317,1.9613231812976826,-0.8230852249219491,6,6
Sikkim,ssp245,2020-2040,cdf,12.316949101069005,12.378501642580822,0.06155254151181744,6,6
Sikkim,ssp245,2040-2060,cdf,20.248724489795922,19.732592727194106,-0.516131762601816,6,6
Sikkim,ssp245,2060-2080,cdf,28.638620626822163,27.890678081545225,-0.7479425452769384,6,6
Sikkim,ssp585,2020-2040,cdf,13.695031584062198,13.64031780669353,-0.05471377736866856,6,6
Sikkim,ssp585,2040-2060,cdf,28.06653911564626,27.458007748050427,-0.6085313675958339,6,6
Sikkim,ssp585,2060-2080,cdf,36.943508057985106,35.789111726191216,-1.1543963317938903,6,6
Tamil Nadu,historical,1990-2010,cdf,28.287239942969677,27.336750758372553,-0.9504891845971244,38,38
Tamil Nadu,ssp245,2020-2040,cdf,41.48182957393485,40.35813768890304,-1.1236918850318105,38,38
Tamil Nadu,ssp245,2040-2060,cdf,55.04734412562018,53.95866165904584,-1.0886824665743404,38,38
Tamil Nadu,ssp245,2060-2080,cdf,66.23066355301522,65.24504732832929,-0.985616224685927,38,38
Tamil Nadu,ssp585,2020-2040,cdf,42.438709976471806,41.28457475973837,-1.1541352167334367,38,38
Tamil Nadu,ssp585,2040-2060,cdf,64.51860278885992,63.5161888523126,-1.0024139365473204,38,38
Tamil Nadu,ssp585,2060-2080,cdf,79.20118376297891,78.83886403814768,-0.362319724831238,38,38
Telangana,historical,1990-2010,cdf,40.8824211502783,40.88620826910298,0.0037871188246825227,33,33
Telangana,ssp245,2020-2040,cdf,52.873137350178176,52.83578641482561,-0.0373509353525634,33,33
Telangana,ssp245,2040-2060,cdf,66.24096743675825,66.27726743084982,0.03629999409156426,33,33
Telangana,ssp245,2060-2080,cdf,79.43217709161587,79.43316299439476,0.0009859027788934327,33,33
Telangana,ssp585,2020-2040,cdf,53.21703275466032,53.22324922965779,0.006216474997465582,33,33
Telangana,ssp585,2040-2060,cdf,76.44909830815443,76.44207785510018,-0.0070204530542525845,33,33
Telangana,ssp585,2060-2080,cdf,92.48773264717143,92.52705071091098,0.039318063739557374,33,33
Tripura,historical,1990-2010,cdf,15.62989704810496,15.489669521563311,-0.14022752654164883,8,8
Tripura,ssp245,2020-2040,cdf,28.1506430697279,27.99520756778624,-0.1554355019416569,8,8
Tripura,ssp245,2040-2060,cdf,42.62557701652089,42.46376776971322,-0.16180924680767106,8,8
Tripura,ssp245,2060-2080,cdf,55.24386540330419,55.1211429522009,-0.12272245110329294,8,8
Tripura,ssp585,2020-2040,cdf,30.179045948736643,30.02318797795857,-0.15585797077807229,8,8
Tripura,ssp585,2040-2060,cdf,53.469710428814395,53.34529159780688,-0.12441883100751738,8,8
Tripura,ssp585,2060-2080,cdf,66.99156113338194,66.91645140314957,-0.07510973023237,8,8
Uttar Pradesh,historical,1990-2010,cdf,31.29982790735343,31.50838224133578,0.20855433398235235,75,75
Uttar Pradesh,ssp245,2020-2040,cdf,40.36605523161645,40.5865081804594,0.2204529488429472,75,75
Uttar Pradesh,ssp245,2040-2060,cdf,59.457377712989974,59.758709317198935,0.3013316042089613,75,75
Uttar Pradesh,ssp245,2060-2080,cdf,72.04351311953356,72.32055206091631,0.27703894138275587,75,75
Uttar Pradesh,ssp585,2020-2040,cdf,44.13909742468416,44.32152829050543,0.18243086582126722,75,75
Uttar Pradesh,ssp585,2040-2060,cdf,68.15211775186266,68.45140859272006,0.2992908408573953,75,75
Uttar Pradesh,ssp585,2060-2080,cdf,88.04300291545192,88.3535405293002,0.3105376138482825,75,75
Uttarakhand,historical,1990-2010,cdf,9.418276239067058,7.669850096072598,-1.74842614299446,13,13
Uttarakhand,ssp245,2020-2040,cdf,18.921201035359204,17.708468065319078,-1.2127329700401255,13,13
Uttarakhand,ssp245,2040-2060,cdf,27.97401790386485,26.109361807299493,-1.8646560965653585,13,13
Uttarakhand,ssp245,2060-2080,cdf,37.97756877476266,35.79648106045703,-2.181087714305626,13,13
Uttarakhand,ssp585,2020-2040,cdf,21.11055823428273,19.552823642346834,-1.5577345919358976,13,13
Uttarakhand,ssp585,2040-2060,cdf,36.122682589519336,34.139229009394704,-1.9834535801246318,13,13
Uttarakhand,ssp585,2060-2080,cdf,48.25651070867909,45.05386944416676,-3.20264126451233,13,13
West Bengal,historical,1990-2010,cdf,27.087816104702757,28.786601019465824,1.698784914763067,23,23
West Bengal,ssp245,2020-2040,cdf,36.116051622512366,37.82537416557177,1.7093225430594075,23,23
West Bengal,ssp245,2040-2060,cdf,51.7519779650991,54.01544827276024,2.2634703076611373,23,23
West Bengal,ssp245,2060-2080,cdf,64.12034029450291,66.58753017195141,2.4671898774485044,23,23
West Bengal,ssp585,2020-2040,cdf,37.24418494105716,38.837797872208114,1.5936129311509504,23,23
West Bengal,ssp585,2040-2060,cdf,62.16065618794105,64.50952268232847,2.3488664943874156,23,23
West Bengal,ssp585,2060-2080,cdf,78.89758154814722,81.73213927950934,2.834557731362125,23,23
