model,run,level,field,quantity,n_units_ranked,n_units_total,n_units_excluded_partial_or_invalid,min,max,top_3,ranking_scope
ACCESS-CM2,baseline,district,wbgt_annual_mean_c,Annual mean of daily maximum outdoor WBGT,72,75,3,13.236809577712297,30.861190180662152,Alappuzha 30.86; Ernakulam 30.81; Thrissur 30.77,units meeting the declared coverage screen only
ACCESS-CM2,baseline,district,days_ge_28,Area-weighted mean annual cell exceedance days,72,75,3,0.0,362.93543109688875,Alappuzha 362.94; Thrissur 349.80; Kottayam 347.54,units meeting the declared coverage screen only
ACCESS-CM2,baseline,district,days_ge_30,Area-weighted mean annual cell exceedance days,72,75,3,0.0,282.63958910095187,Alappuzha 282.64; Ernakulam 275.43; Thrissur 242.87,units meeting the declared coverage screen only
ACCESS-CM2,baseline,district,days_ge_32,Area-weighted mean annual cell exceedance days,72,75,3,0.0,137.64991115104863,Ganganagar 137.65; Anoopgarh 136.94; Dholpur 133.16,units meeting the declared coverage screen only
ACCESS-CM2,baseline,block,wbgt_annual_mean_c,Annual mean of daily maximum outdoor WBGT,576,581,5,9.552953515291605,31.64421795662831,Palakkad||Ottappalam 31.64; Palakkad||Sreekrishnapuram 31.63; Palakkad||Chittur 31.49,units meeting the declared coverage screen only
ACCESS-CM2,baseline,block,days_ge_28,Area-weighted mean annual cell exceedance days,576,581,5,0.0,364.0,Ernakulam||Vazhakkulam 364.00; Ernakulam||Koovappady 364.00; Ernakulam||Alangad 364.00,units meeting the declared coverage screen only
ACCESS-CM2,baseline,block,days_ge_30,Area-weighted mean annual cell exceedance days,576,581,5,0.0,335.1001276502948,Palakkad||Ottappalam 335.10; Palakkad||Sreekrishnapuram 333.96; Ernakulam||Koovappady 332.06,units meeting the declared coverage screen only
ACCESS-CM2,baseline,block,days_ge_32,Area-weighted mean annual cell exceedance days,576,581,5,0.0,150.417889386415,Palakkad||Ottappalam 150.42; Palakkad||Sreekrishnapuram 149.36; Dholpur||Rajakhera 146.29,units meeting the declared coverage screen only
ACCESS-CM2,rh,district,wbgt_annual_mean_c,Annual mean of daily maximum outdoor WBGT,75,75,0,7.673938626570363,30.861190180662152,Alappuzha 30.86; Ernakulam 30.81; Thrissur 30.77,units meeting the declared coverage screen only
ACCESS-CM2,rh,district,days_ge_28,Area-weighted mean annual cell exceedance days,75,75,0,0.0,362.93543109688875,Alappuzha 362.94; Thrissur 349.80; Kottayam 347.54,units meeting the declared coverage screen only
ACCESS-CM2,rh,district,days_ge_30,Area-weighted mean annual cell exceedance days,75,75,0,0.0,282.63958910095187,Alappuzha 282.64; Ernakulam 275.43; Thrissur 242.87,units meeting the declared coverage screen only
ACCESS-CM2,rh,district,days_ge_32,Area-weighted mean annual cell exceedance days,75,75,0,0.0,137.64991115104863,Ganganagar 137.65; Anoopgarh 136.94; Dholpur 133.16,units meeting the declared coverage screen only
ACCESS-CM2,rh,block,wbgt_annual_mean_c,Annual mean of daily maximum outdoor WBGT,580,581,1,7.393570397854838,31.64421795662831,Palakkad||Ottappalam 31.64; Palakkad||Sreekrishnapuram 31.63; Palakkad||Chittur 31.49,units meeting the declared coverage screen only
ACCESS-CM2,rh,block,days_ge_28,Area-weighted mean annual cell exceedance days,580,581,1,0.0,364.0,Ernakulam||Vazhakkulam 364.00; Ernakulam||Koovappady 364.00; Ernakulam||Alangad 364.00,units meeting the declared coverage screen only
ACCESS-CM2,rh,block,days_ge_30,Area-weighted mean annual cell exceedance days,580,581,1,0.0,335.1001276502948,Palakkad||Ottappalam 335.10; Palakkad||Sreekrishnapuram 333.96; Ernakulam||Koovappady 332.06,units meeting the declared coverage screen only
ACCESS-CM2,rh,block,days_ge_32,Area-weighted mean annual cell exceedance days,580,581,1,0.0,150.417889386415,Palakkad||Ottappalam 150.42; Palakkad||Sreekrishnapuram 149.36; Dholpur||Rajakhera 146.29,units meeting the declared coverage screen only
ACCESS-CM2,elev,district,wbgt_annual_mean_c,Annual mean of daily maximum outdoor WBGT,72,75,3,13.044303780361002,30.860799003620716,Alappuzha 30.86; Ernakulam 30.81; Thrissur 30.77,units meeting the declared coverage screen only
ACCESS-CM2,elev,district,days_ge_28,Area-weighted mean annual cell exceedance days,72,75,3,0.0,362.93543109688875,Alappuzha 362.94; Thrissur 349.47; Kottayam 347.49,units meeting the declared coverage screen only
ACCESS-CM2,elev,district,days_ge_30,Area-weighted mean annual cell exceedance days,72,75,3,0.0,282.63958910095187,Alappuzha 282.64; Ernakulam 275.09; Thrissur 242.36,units meeting the declared coverage screen only
ACCESS-CM2,elev,district,days_ge_32,Area-weighted mean annual cell exceedance days,72,75,3,0.0,136.27136523297568,Ganganagar 136.27; Anoopgarh 135.71; Dholpur 131.57,units meeting the declared coverage screen only
ACCESS-CM2,elev,block,wbgt_annual_mean_c,Annual mean of daily maximum outdoor WBGT,576,581,5,9.376306577515901,31.640526682826028,Palakkad||Ottappalam 31.64; Palakkad||Sreekrishnapuram 31.63; Palakkad||Chittur 31.47,units meeting the declared coverage screen only
ACCESS-CM2,elev,block,days_ge_28,Area-weighted mean annual cell exceedance days,576,581,5,0.0,364.0,Ernakulam||Vazhakkulam 364.00; Ernakulam||Alangad 364.00; Ernakulam||Parakkadav 363.73,units meeting the declared coverage screen only
ACCESS-CM2,elev,block,days_ge_30,Area-weighted mean annual cell exceedance days,576,581,5,0.0,335.1001276502948,Palakkad||Ottappalam 335.10; Palakkad||Sreekrishnapuram 333.94; Ernakulam||Koovappady 332.06,units meeting the declared coverage screen only
ACCESS-CM2,elev,block,days_ge_32,Area-weighted mean annual cell exceedance days,576,581,5,0.0,150.3891026608196,Palakkad||Ottappalam 150.39; Palakkad||Sreekrishnapuram 149.30; Dholpur||Rajakhera 145.21,units meeting the declared coverage screen only
ACCESS-CM2,combined,district,wbgt_annual_mean_c,Annual mean of daily maximum outdoor WBGT,75,75,0,7.5793818449167425,30.860799003620716,Alappuzha 30.86; Ernakulam 30.81; Thrissur 30.77,units meeting the declared coverage screen only
ACCESS-CM2,combined,district,days_ge_28,Area-weighted mean annual cell exceedance days,75,75,0,0.0,362.93543109688875,Alappuzha 362.94; Thrissur 349.47; Kottayam 347.49,units meeting the declared coverage screen only
ACCESS-CM2,combined,district,days_ge_30,Area-weighted mean annual cell exceedance days,75,75,0,0.0,282.63958910095187,Alappuzha 282.64; Ernakulam 275.09; Thrissur 242.36,units meeting the declared coverage screen only
ACCESS-CM2,combined,district,days_ge_32,Area-weighted mean annual cell exceedance days,75,75,0,0.0,136.27136523297568,Ganganagar 136.27; Anoopgarh 135.71; Dholpur 131.57,units meeting the declared coverage screen only
ACCESS-CM2,combined,block,wbgt_annual_mean_c,Annual mean of daily maximum outdoor WBGT,580,581,1,7.307271168617944,31.640526682826028,Palakkad||Ottappalam 31.64; Palakkad||Sreekrishnapuram 31.63; Palakkad||Chittur 31.47,units meeting the declared coverage screen only
ACCESS-CM2,combined,block,days_ge_28,Area-weighted mean annual cell exceedance days,580,581,1,0.0,364.0,Ernakulam||Vazhakkulam 364.00; Ernakulam||Alangad 364.00; Ernakulam||Parakkadav 363.73,units meeting the declared coverage screen only
ACCESS-CM2,combined,block,days_ge_30,Area-weighted mean annual cell exceedance days,580,581,1,0.0,335.1001276502948,Palakkad||Ottappalam 335.10; Palakkad||Sreekrishnapuram 333.94; Ernakulam||Koovappady 332.06,units meeting the declared coverage screen only
ACCESS-CM2,combined,block,days_ge_32,Area-weighted mean annual cell exceedance days,580,581,1,0.0,150.3891026608196,Palakkad||Ottappalam 150.39; Palakkad||Sreekrishnapuram 149.30; Dholpur||Rajakhera 145.21,units meeting the declared coverage screen only
MRI-ESM2-0,baseline,district,wbgt_annual_mean_c,Annual mean of daily maximum outdoor WBGT,10,12,2,12.960442332310206,25.78983321785873,Una 25.79; Hamirpur 24.52; Bilaspur 24.32,units meeting the declared coverage screen only
MRI-ESM2-0,baseline,district,days_ge_28,Area-weighted mean annual cell exceedance days,10,12,2,0.0,160.65612291546574,Una 160.66; Hamirpur 131.02; Bilaspur 121.17,units meeting the declared coverage screen only
MRI-ESM2-0,baseline,district,days_ge_30,Area-weighted mean annual cell exceedance days,10,12,2,0.0,120.6502920509123,Una 120.65; Hamirpur 80.51; Kangra 70.04,units meeting the declared coverage screen only
MRI-ESM2-0,baseline,district,days_ge_32,Area-weighted mean annual cell exceedance days,10,12,2,0.0,68.23274661758614,Una 68.23; Kangra 38.89; Hamirpur 22.97,units meeting the declared coverage screen only
MRI-ESM2-0,baseline,block,wbgt_annual_mean_c,Annual mean of daily maximum outdoor WBGT,78,81,3,9.020055521685595,26.621995293364712,Kangra||Indora 26.62; Una||Haroli 26.35; Kangra||Fatehpur 26.23,units meeting the declared coverage screen only
MRI-ESM2-0,baseline,block,days_ge_28,Area-weighted mean annual cell exceedance days,78,81,3,0.0,172.83191397015142,Kangra||Indora 172.83; Una||Haroli 168.54; Kangra||Fatehpur 166.52,units meeting the declared coverage screen only
MRI-ESM2-0,baseline,block,days_ge_30,Area-weighted mean annual cell exceedance days,78,81,3,0.0,144.96358777820743,Kangra||Indora 144.96; Kangra||Fatehpur 136.54; Una||Haroli 134.64,units meeting the declared coverage screen only
MRI-ESM2-0,baseline,block,days_ge_32,Area-weighted mean annual cell exceedance days,78,81,3,0.0,96.84284010434622,Kangra||Indora 96.84; Una||Haroli 87.41; Kangra||Fatehpur 86.72,units meeting the declared coverage screen only
MRI-ESM2-0,combined,district,wbgt_annual_mean_c,Annual mean of daily maximum outdoor WBGT,12,12,0,7.183590600029691,25.75011087898305,Una 25.75; Hamirpur 24.47; Bilaspur 24.27,units meeting the declared coverage screen only
MRI-ESM2-0,combined,district,days_ge_28,Area-weighted mean annual cell exceedance days,12,12,0,0.0,159.44767980459775,Una 159.45; Hamirpur 130.58; Bilaspur 120.92,units meeting the declared coverage screen only
MRI-ESM2-0,combined,district,days_ge_30,Area-weighted mean annual cell exceedance days,12,12,0,0.0,120.36159209427622,Una 120.36; Hamirpur 80.65; Kangra 69.55,units meeting the declared coverage screen only
MRI-ESM2-0,combined,district,days_ge_32,Area-weighted mean annual cell exceedance days,12,12,0,0.0,67.4407777939863,Una 67.44; Kangra 38.55; Hamirpur 22.90,units meeting the declared coverage screen only
MRI-ESM2-0,combined,block,wbgt_annual_mean_c,Annual mean of daily maximum outdoor WBGT,81,81,0,6.9278167973664395,26.596713518950676,Kangra||Indora 26.60; Una||Haroli 26.31; Kangra||Fatehpur 26.20,units meeting the declared coverage screen only
MRI-ESM2-0,combined,block,days_ge_28,Area-weighted mean annual cell exceedance days,81,81,0,0.0,172.7522815396657,Kangra||Indora 172.75; Una||Haroli 166.92; Kangra||Fatehpur 166.52,units meeting the declared coverage screen only
MRI-ESM2-0,combined,block,days_ge_30,Area-weighted mean annual cell exceedance days,81,81,0,0.0,144.4918031014605,Kangra||Indora 144.49; Kangra||Fatehpur 135.54; Una||Haroli 133.40,units meeting the declared coverage screen only
MRI-ESM2-0,combined,block,days_ge_32,Area-weighted mean annual cell exceedance days,81,81,0,0.0,96.40557402628231,Kangra||Indora 96.41; Una||Haroli 86.41; Kangra||Fatehpur 85.73,units meeting the declared coverage screen only
