state,model,run,cells,setup_seconds,load_seconds,compute_seconds,seconds_per_cell
Kerala,ACCESS-CM2,baseline,86,44.407621500082314,1.106593000004068,11.48207160003949,0.13351246046557547
Kerala,ACCESS-CM2,rh,86,44.407621500082314,1.106593000004068,11.561284599942155,0.1344335418597925
Kerala,ACCESS-CM2,elev,86,44.407621500082314,1.106593000004068,11.64697400003206,0.13542993023293093
Kerala,ACCESS-CM2,combined,86,44.407621500082314,1.106593000004068,11.465364199946634,0.1333181883714725
Rajasthan,ACCESS-CM2,baseline,582,47.039804200059734,1.1166749000549316,91.7979314000113,0.15772840446737335
Rajasthan,ACCESS-CM2,rh,582,47.039804200059734,1.1166749000549316,94.0820323000662,0.16165297646059484
Rajasthan,ACCESS-CM2,elev,582,47.039804200059734,1.1166749000549316,91.96819469996262,0.1580209530927193
Rajasthan,ACCESS-CM2,combined,582,47.039804200059734,1.1166749000549316,91.60964510007761,0.15740488848810585
Himachal Pradesh,ACCESS-CM2,baseline,116,43.20533079991583,1.14875569997821,28.66773700003978,0.24713566379344637
Himachal Pradesh,ACCESS-CM2,rh,116,43.20533079991583,1.14875569997821,17.165640700026415,0.14797966120712427
Himachal Pradesh,ACCESS-CM2,elev,116,43.20533079991583,1.14875569997821,28.522576400078833,0.2458842793110244
Himachal Pradesh,ACCESS-CM2,combined,116,43.20533079991583,1.14875569997821,17.48884360003285,0.15076589310373148
Himachal Pradesh,MRI-ESM2-0,baseline,116,42.24836059997324,1.104828100069426,28.511312199989334,0.24578717413783907
Himachal Pradesh,MRI-ESM2-0,combined,116,42.24836059997324,1.104828100069426,17.072200499940664,0.14717414224086778
