element,carbonplan,irt_selected,material_difference
Temperature input,daily `tasmax` only; no within-day temperature curve,"hourly curve from `tasmin`/`tasmax` (Parton & Logan 1981, a=1.86 h, b=2.2)",YES - IRT resolves the hour of peak heat; CarbonPlan evaluates one daily value
Humidity input,"RH at `tasmax`, from `huss` + elevation-synthesised `ps` (xclim)","hourly RH from constant daily vapour pressure, from `hurs` directly",NO for the invariant (both hold moisture fixed and re-evaluate RH at the hot hour); IRT skips their pressure synthesis because it holds `hurs`
Radiation input,"daily-mean `rsds` disaggregated to hourly by `metsim.disaggregate.shortwave` (MTCLIM tiny_rad_fract), then daily max, then x0.75 (Parsons et al. 2021)","daily-mean `rsds` disaggregated by the TOA interval-mean shape, rescaled to conserve daily `rsds`, split into beam/diffuse by Erbs et al. (1982)","PARTIAL - same idea (clear-sky shape scaled by the day's mean), different implementation; `metsim` is not installed. IRT additionally needs the beam FRACTION, which CarbonPlan never computes because its adjustment is linear in the daily peak"
Wind input,"shade: FIXED 0.5 m/s (and inert, since their BGT ignores wind when mrt=tas). sun adjustment: daily-mean `sfcWind`, clipped to [0.5, 3] m/s",hourly 10 m wind from daily-mean `sfcWind` via a within-day shape; the solver applies its own 0.62 m/s floor and its own 10 m->2 m stability profile,YES - this is the whole subject of this milestone. CarbonPlan never resolves wind within the day
Pressure,"synthesised from elevation (`adjust_pressure`), needed because NEX publishes no `ps`",ISA barometric from site elevation - the same idea,NO - and measured in milestone 1 to be worth <=0.022 C on the daily maximum anyway
Outdoor mechanism,EMPIRICAL: shade WBGT plus a 2-predictor linear adjustment OLS-fitted to 16 points read off Kong & Huber (2022) Fig S12 (R2=0.922),PHYSICAL: Liljegren et al. (2008) globe and natural-wet-bulb energy balances solved hourly (thermofeel 2.3.0),YES - fundamentally different. The linear form cannot represent the beam-geometry dependence that dominates a low-sun or high-latitude hour
Shade formula,"three-term ISO `0.7*WBT + 0.2*BGT(t,t,v) + 0.1*Ta`",two-term `0.7*Twb_Stull + 0.3*Ta` (used only for the comparator),"NO - measured identical to 2.9e-13 C (CHG-0554), because BGT(t,t,v)==t"
Bias correction,"QDM on the DERIVED shade WBGT against UHE-daily (an ERA5 product), nquantiles=100, additive, dayofyear window 31, trained once on 1985-2014 and applied unchanged to all horizons (notebook 06)",NONE in the comparator scored here; a QDM trial is conditional on SPEC.md 9's trigger,"YES - the comparator is their RAW chain. SPEC.md 6 requires the raw calculation, so their correction is deliberately excluded"
Reference for correction,"UHE-daily (Tuholske et al.), itself ERA5-derived","ERA5 hourly via the Open-Meteo archive, Liljegren-solved, `ref_audited` identity","PARTIAL - both ERA5 lineage, different product and different derivation"
Thresholds,"days over 29, 30.5, 32, 35 C; annual maximum; heatwave days","days >= 28, 30, 32 C; annual mean of daily maxima","PARTIAL - only 32 C is shared, and it is the threshold this milestone gates on"
Aggregation,"population-weighted mean over ~15,300 urban centres + ~24,000 climate-similar regions; historical window pinned to 1985-2014",six point sites for validation; district/block area-weighted in production; baseline 1990-2010,"YES - and this is why national distribution similarity is not evidence of agreement (KS D=0.101, p=1.4e-5, CHG-0544)"
Source archive,"NEX-GDDP-CMIP6, 26 GCMs, ssp245 to 2060","NEX-GDDP-CMIP6, same archive; 19-20 defensible outdoor models, historical 1990-2010 + projections 2020-2080",NO for the archive; YES for roster and coverage
