site,candidate,years_requested,source,model,n_complete_years,annual_mean_c,days_ge_28_per_year,days_ge_30_per_year,days_ge_32_per_year,q50_c,q90_c,q99_c,DJF_mean_c,MAM_mean_c,JJAS_mean_c,ON_mean_c,signed_error_28,relative_error_28,signed_error_30,relative_error_30,signed_error_32,relative_error_32,annual_mean_signed_error_c
Kochi,W1,1990-1999,ERA5 ref_audited (IST day),,9.0,31.878150764398747,356.6666666666667,307.1111111111111,189.0,32.05353937226084,34.01815000971504,35.20746288237078,32.57094490578248,33.01514120191343,30.35005076997212,32.05316236083669,,,,,,,
Kochi,W1,1990-1999,NEX W1 (inferred NEX day),ACCESS-CM2,8.0,30.99319263407648,364.375,276.875,79.25,30.78371719304178,32.938687621158984,34.49677696731374,30.42661219648552,32.39508994412262,30.38827162066594,31.237482527967963,7.708333333333314,0.021612149532710227,-30.236111111111086,-0.09845332850940658,-109.75,-0.5806878306878307,-0.8849581303222678
Kochi,W1,1990-1999,NEX W1 (inferred NEX day),MRI-ESM2-0,8.0,31.07727843148671,362.75,282.0,94.875,30.8412099042977,32.96842543035465,34.54841663531043,30.46138600303262,32.374611155268816,30.388444882626178,31.18986850940856,6.083333333333314,0.017056074766355084,-25.111111111111086,-0.08176555716353104,-94.125,-0.498015873015873,-0.8008723329120357
Kolkata,W1,1990-1999,ERA5 ref_audited (IST day),,9.0,29.733262495590605,258.0,210.44444444444446,124.22222222222223,30.75241457567438,33.56353801752732,35.50460939395157,24.880739934670146,31.631528318719386,31.913826932354002,29.508590825111742,,,,,,,
Kolkata,W1,1990-1999,NEX W1 (inferred NEX day),ACCESS-CM2,8.0,30.675589903364447,264.375,230.75,184.75,32.14308701366417,34.76582881835911,35.97969663302354,24.8689575183772,31.520054322458048,34.152646419887276,31.13128436192956,6.375,0.024709302325581394,20.305555555555543,0.09648891235480458,60.52777777777777,0.48725402504472265,0.9423274077738419
Kolkata,W1,1990-1999,NEX W1 (inferred NEX day),MRI-ESM2-0,8.0,30.64805772771477,261.875,225.25,186.75,32.18254046397007,34.774421143191795,36.201590737361855,25.019313892956397,31.24146607871377,34.163001408811695,31.10329566543528,3.875,0.015019379844961241,14.805555555555543,0.07035374868004217,62.52777777777777,0.5033542039355992,0.9147952321241668
Bikaner,W1,1990-1999,ERA5 ref_audited (IST day),,9.0,27.447212449748022,190.22222222222223,146.77777777777777,70.77777777777777,28.42490841648697,33.07435107711427,35.8408119014816,21.038245090570705,28.40257773485665,31.96150230453419,26.39315825796692,,,,,,,
Bikaner,W1,1990-1999,NEX W1 (inferred NEX day),ACCESS-CM2,8.0,27.443660426360683,192.875,158.25,101.25,28.809185598913302,34.19565907251032,36.15809583142115,19.71510718137866,28.287844725851556,33.16088073076287,26.508126225056927,2.6527777777777715,0.013945677570093424,11.472222222222229,0.07816048448145349,30.47222222222223,0.4305337519623235,-0.003552023387339176
Bikaner,W1,1990-1999,NEX W1 (inferred NEX day),MRI-ESM2-0,8.0,27.46230471614954,196.625,167.625,109.25,29.041141597246792,33.8067663336421,36.031170557035054,19.640133259474528,28.446232422547077,33.02550045105308,26.538295590453583,6.4027777777777715,0.03365946261682239,20.84722222222223,0.14203255109765334,38.47222222222223,0.5435635792778651,0.015092266401516952
Lucknow,W1,1990-1999,ERA5 ref_audited (IST day),,9.0,28.429052629211714,212.33333333333334,171.11111111111111,108.0,29.5439998240019,34.285568727566556,37.175752140547786,21.911130009611785,29.678179756298128,32.460552964262725,27.98928938599917,,,,,,,
Lucknow,W1,1990-1999,NEX W1 (inferred NEX day),ACCESS-CM2,8.0,28.474545153356768,207.25,176.875,128.375,29.798688409613277,34.69921041434686,36.992046030359425,20.901023822398184,28.685676325635118,34.114559329145806,28.525561241120272,-5.083333333333343,-0.02394034536891684,5.763888888888886,0.033685064935064915,20.375,0.1886574074074074,0.04549252414505389
Lucknow,W1,1990-1999,NEX W1 (inferred NEX day),MRI-ESM2-0,8.0,28.53273881821995,214.125,180.125,136.125,29.926092392536987,34.8470339311679,36.40257320995725,20.695685290055128,28.54052877569538,34.172636472055224,28.56918080927069,1.7916666666666572,0.008437990580847678,9.013888888888886,0.05267857142857141,28.125,0.2604166666666667,0.10368618900823634
Hyderabad,W1,1990-1999,ERA5 ref_audited (IST day),,9.0,28.558684553155146,212.33333333333334,104.66666666666667,39.333333333333336,28.454705979628613,32.0448916377394,34.7902894831017,26.083311904500416,31.097654254047423,28.73415830798909,27.63087432536441,,,,,,,
Hyderabad,W1,1990-1999,NEX W1 (inferred NEX day),ACCESS-CM2,8.0,28.490781386127026,231.0,133.25,17.625,29.315519914854974,31.585549153435398,33.36986358386028,24.830209580777776,29.579732526354956,30.63738000192274,28.335873251844323,18.666666666666657,0.08791208791208786,28.58333333333333,0.27308917197452226,-21.708333333333336,-0.551906779661017,-0.06790316702812049
Hyderabad,W1,1990-1999,NEX W1 (inferred NEX day),MRI-ESM2-0,8.0,28.641766581625628,231.375,139.0,28.625,29.20180361098261,31.77618684154381,33.714327051052365,25.090701047830823,29.464683232170792,30.675260315056157,28.485246964645164,19.041666666666657,0.0896781789638932,34.33333333333333,0.3280254777070063,-10.708333333333336,-0.27224576271186446,0.08308202847048207
Shimla,W1,1990-1999,ERA5 ref_audited (IST day),,9.0,19.520941091001962,0.5555555555555556,0.0,0.0,20.16872050854073,25.25207584228599,27.11593390092827,13.385662625816675,19.900653593151233,24.330735921455524,18.464451645055124,,,,,,,
Shimla,W1,1990-1999,NEX W1 (inferred NEX day),ACCESS-CM2,8.0,20.92681485337478,1.5,0.0,0.0,22.070510297429593,26.706862377149235,27.679293218719483,14.061082847558081,21.718401600766985,25.914250746705566,20.10015378968694,0.9444444444444444,1.7,0.0,,0.0,,1.405873762372817
Shimla,W1,1990-1999,NEX W1 (inferred NEX day),MRI-ESM2-0,8.0,20.853180323957922,2.375,0.0,0.0,22.41309394384882,26.585726716821807,27.787452735991117,13.845811709491725,21.616627095466555,25.86858151587344,20.346400124560603,1.8194444444444444,3.275,0.0,,0.0,,1.3322392329559598
