model,site,split,train_years,eval_years,n_eval_days,n_uncorrectable_nan,raw_min_c,raw_max_c,corrected_min_c,corrected_max_c,train_range_max_c,n_eval_above_train_range,raw_annual_mean_c,raw_days_ge_28_per_year,raw_error_28,raw_days_ge_30_per_year,raw_error_30,raw_days_ge_32_per_year,raw_error_32,raw_DJF_mean_c,raw_MAM_mean_c,raw_JJAS_mean_c,raw_ON_mean_c,corrected_annual_mean_c,corrected_days_ge_28_per_year,corrected_error_28,corrected_days_ge_30_per_year,corrected_error_30,corrected_days_ge_32_per_year,corrected_error_32,corrected_DJF_mean_c,corrected_MAM_mean_c,corrected_JJAS_mean_c,corrected_ON_mean_c,reference_annual_mean_c,reference_days_ge_28_per_year,reference_days_ge_30_per_year,reference_days_ge_32_per_year,future_years,scenario,n_future_days,raw_future_minus_hist_q50_c,corrected_future_minus_hist_q50_c,signal_change_q50_c,raw_future_minus_hist_q90_c,corrected_future_minus_hist_q90_c,signal_change_q90_c,raw_future_minus_hist_q99_c,corrected_future_minus_hist_q99_c,signal_change_q99_c
ACCESS-CM2,Bikaner,held-out,1990-1999,2000-2010,4018.0,0,12.80851821144961,39.76779764869332,11.81660155055049,39.988149250829935,38.519799662801745,4.0,27.959500062260105,204.8,0.30000000000001137,174.8,12.5,121.1,39.89999999999999,20.064253828595962,28.62841927902274,33.80031938911635,27.008089952990765,27.859582644047713,202.1,-2.4000000000000057,157.5,-4.800000000000011,91.4,10.200000000000003,21.30132764112568,28.71643122981965,32.56067410406544,26.936047827195562,27.713981642723887,204.5,162.3,81.2,,,,,,,,,,,,
ACCESS-CM2,Bikaner,future signal,,,,0,,,,,,,,,,,,,,,,,,,,,,,,,,,,,,,,,2071-2080,ssp585,3653.0,4.721958777714178,4.787754116424434,0.06579533871025589,4.157289058830656,4.132957357778935,-0.024331701051721666,4.002726624383229,4.831167576549134,0.8284409521659057
ACCESS-CM2,Hyderabad,held-out,1990-1999,2000-2010,4018.0,0,20.020456800974785,36.34966785358728,20.00477218473807,37.85263574500246,35.79801526940116,2.0,28.726557442121965,236.2,15.399999999999977,152.4,36.30000000000001,34.9,-8.300000000000004,24.96386239389514,29.825330871216604,30.842713057622348,28.50602041842279,28.647636726899066,211.3,-9.5,110.8,-5.299999999999997,43.3,0.09999999999999432,26.12235510479968,31.310523094370474,28.980562098131458,27.833792001466517,28.77256616036172,220.8,116.1,43.2,,,,,,,,,,,,
ACCESS-CM2,Hyderabad,future signal,,,,0,,,,,,,,,,,,,,,,,,,,,,,,,,,,,,,,,2071-2080,ssp585,3653.0,3.8886681174949445,3.927203461601618,0.038535344106673364,4.343277093176425,3.8329902972650416,-0.5102867959113837,4.786403534194164,4.530230841624167,-0.2561726925699972
ACCESS-CM2,Kochi,held-out,1990-1999,2000-2010,4018.0,0,27.07686142383949,37.05115031063821,25.6593427815746,37.81064877922932,35.91350453336747,4.0,31.23674991342787,364.1,7.100000000000023,310.1,-11.899999999999977,94.4,-111.79999999999998,30.537021808419958,32.52020917861461,30.63804790450706,31.61332205090607,32.030275309041954,358.3,1.3000000000000114,313.3,-8.699999999999989,204.1,-2.0999999999999943,32.67322059258784,33.109139757313464,30.59539479639711,32.49167722708577,32.100031012720564,357.0,322.0,206.2,,,,,,,,,,,,
ACCESS-CM2,Kochi,future signal,,,,0,,,,,,,,,,,,,,,,,,,,,,,,,,,,,,,,,2071-2080,ssp585,3653.0,3.293108019263798,3.1515375311154514,-0.14157048814834639,3.002899580600115,2.9455729938083692,-0.057326586791745626,3.040456364200537,3.1341981064074105,0.09374174220687337
ACCESS-CM2,Kolkata,held-out,1990-1999,2000-2010,4018.0,0,20.036267462331978,37.96939306173232,16.540614360929357,37.085693073825055,37.7091657997006,3.0,30.832831497254432,261.7,-3.1999999999999886,232.1,9.5,194.4,58.900000000000006,25.090656179134385,31.622244882662667,34.35928177898417,31.077933472918104,29.828048173373446,259.5,-5.399999999999977,210.3,-12.299999999999983,129.7,-5.800000000000011,24.935900957699037,31.774314918997334,32.18312654064734,29.43810396161199,29.988208471063864,264.9,222.6,135.5,,,,,,,,,,,,
ACCESS-CM2,Kolkata,future signal,,,,0,,,,,,,,,,,,,,,,,,,,,,,,,,,,,,,,,2071-2080,ssp585,3653.0,3.135433065867062,3.262660959072825,0.1272278932057631,3.7648397904282547,3.495247079969751,-0.26959271045850386,3.7887195656817596,3.538744186976132,-0.2499753787056278
ACCESS-CM2,Lucknow,held-out,1990-1999,2000-2010,4018.0,0,15.350135105574509,41.28200894747107,15.022953505290875,40.80334017976666,40.95543294463346,3.0,28.894352461177867,215.6,-10.099999999999994,185.7,-1.700000000000017,149.3,25.200000000000017,21.237904334566878,28.90566865430562,34.563579829304956,28.877363460628565,28.748024923673835,218.2,-7.5,182.0,-5.400000000000006,115.3,-8.799999999999997,22.113659655056118,29.883769795955477,32.967985078897485,28.38000791101735,28.83309958854838,225.7,187.4,124.1,,,,,,,,,,,,
ACCESS-CM2,Lucknow,future signal,,,,0,,,,,,,,,,,,,,,,,,,,,,,,,,,,,,,,,2071-2080,ssp585,3653.0,4.264489238127908,4.227695943701871,-0.03679329442603674,4.824733572043954,5.017596929090736,0.19286335704678237,5.3943246733315675,5.211224062773908,-0.18310061055765914
ACCESS-CM2,Shimla,held-out,1990-1999,2000-2010,4018.0,0,7.723269946623816,30.419599755198192,1.986880513682018,30.333951808778096,29.80241124428312,2.0,21.255249913252054,3.7,2.7,0.2,0.2,0.0,0.0,14.275731421132138,21.946869767590584,26.294392607112425,20.445876538471992,19.843442195938835,1.1,0.10000000000000009,0.1,0.1,0.0,0.0,13.57725402661606,20.14786067051808,24.719362820403376,18.871733035852237,19.839319248175784,1.0,0.0,0.0,,,,,,,,,,,,
ACCESS-CM2,Shimla,future signal,,,,0,,,,,,,,,,,,,,,,,,,,,,,,,,,,,,,,,2071-2080,ssp585,3653.0,4.413648089145454,4.460586021356217,0.04693793221076348,4.147576170828074,4.274582244464206,0.1270060736361316,4.641316962869695,4.462810717346734,-0.17850624552296068
MRI-ESM2-0,Bikaner,held-out,1990-1999,2000-2010,4018.0,0,13.315458599510748,37.192755717417015,13.458889463259728,36.553024962095186,37.50859238400119,0.0,27.580741737816176,198.0,-6.5,165.2,2.8999999999999773,117.6,36.39999999999999,19.9108661522391,28.540156204302797,33.30393378472493,26.39601277948064,27.49061273645799,190.8,-13.699999999999989,149.4,-12.900000000000006,79.6,-1.6000000000000085,21.237022056544813,28.47263439648454,32.240449017987764,26.22417364801112,27.713981642723887,204.5,162.3,81.2,,,,,,,,,,,,
MRI-ESM2-0,Bikaner,future signal,,,,0,,,,,,,,,,,,,,,,,,,,,,,,,,,,,,,,,2071-2080,ssp585,3653.0,3.301105551143735,3.387991673246521,0.08688612210278635,2.7156645714945284,2.6943509671310437,-0.02131360436348473,2.355133559474808,2.1425894645890082,-0.21254409488579995
MRI-ESM2-0,Hyderabad,held-out,1990-1999,2000-2010,4018.0,0,11.007860439144565,37.01327093037685,12.392800224583826,36.579173072828134,37.030148142436815,0.0,28.69263968717211,235.9,15.099999999999994,149.6,33.5,30.4,-12.800000000000004,24.95310660077616,29.666547820257414,30.85905546228092,28.336459095362148,28.553437224382247,209.7,-11.100000000000023,102.9,-13.199999999999989,42.7,-0.5,25.93664839284584,31.29958931860781,28.94202499452908,27.42455801952991,28.77256616036172,220.8,116.1,43.2,,,,,,,,,,,,
MRI-ESM2-0,Hyderabad,future signal,,,,0,,,,,,,,,,,,,,,,,,,,,,,,,,,,,,,,,2071-2080,ssp585,3653.0,2.4695815432801282,2.2297497289744754,-0.2398318143056528,2.393238351671414,2.9883579154730953,0.5951195638016813,2.802661304889284,2.845880156742254,0.04321885185296992
MRI-ESM2-0,Kochi,held-out,1990-1999,2000-2010,4018.0,0,25.239820397598123,39.3186040897192,24.982433130882974,40.86446656141888,36.220322054867495,10.0,31.415173611885432,361.1,4.100000000000023,316.3,-5.699999999999989,121.8,-84.39999999999999,30.895792548596358,32.57241445511054,30.620806764461175,31.857778040153853,32.24622152418415,357.9,0.8999999999999773,316.7,-5.300000000000011,208.3,2.1000000000000227,32.995305219926415,33.22447012552397,30.575110234659824,32.79877246124357,32.100031012720564,357.0,322.0,206.2,,,,,,,,,,,,
MRI-ESM2-0,Kochi,future signal,,,,0,,,,,,,,,,,,,,,,,,,,,,,,,,,,,,,,,2071-2080,ssp585,3653.0,2.5840025903171977,2.546604412632334,-0.037398177684863754,2.4121487805732613,2.4894800374264534,0.07733125685319209,2.4083540605177234,2.4624995426195966,0.0541454821018732
MRI-ESM2-0,Kolkata,held-out,1990-1999,2000-2010,4018.0,0,15.650430503280518,39.98536592690016,14.533178478554515,39.184358578124595,37.705657203709734,7.0,30.670628280948154,262.6,-2.2999999999999545,230.2,7.599999999999994,187.5,52.0,24.69026105645475,31.41162210175502,34.34520978977802,31.052947202696934,29.708658382846398,257.2,-7.699999999999989,210.7,-11.900000000000006,126.6,-8.900000000000006,24.49506383230357,31.75963637749285,32.1690694708864,29.436882363106566,29.988208471063864,264.9,222.6,135.5,,,,,,,,,,,,
MRI-ESM2-0,Kolkata,future signal,,,,0,,,,,,,,,,,,,,,,,,,,,,,,,,,,,,,,,2071-2080,ssp585,3653.0,2.708539608574256,2.6843605937755584,-0.02417901479869755,2.8101684970994825,2.9942188036286836,0.18405030652920118,3.13789726635261,2.9412965972465557,-0.19660066910605423
MRI-ESM2-0,Lucknow,held-out,1990-1999,2000-2010,4018.0,0,12.86108540857623,39.58876332175771,15.859637349471129,39.85039868727136,38.90276719415232,2.0,28.626538060380746,212.1,-13.599999999999994,178.5,-8.900000000000006,132.3,8.200000000000017,20.96106764460948,28.67990057503332,34.43362102532999,28.451528350233556,28.51995939482771,211.0,-14.699999999999989,169.1,-18.30000000000001,107.3,-16.799999999999997,22.080945425504247,29.724650745148107,32.80350681292488,27.861244733102627,28.83309958854838,225.7,187.4,124.1,,,,,,,,,,,,
MRI-ESM2-0,Lucknow,future signal,,,,0,,,,,,,,,,,,,,,,,,,,,,,,,,,,,,,,,2071-2080,ssp585,3653.0,2.9615077344564043,3.2284040477479543,0.26689631329155006,3.4909415930050613,3.311803202682661,-0.1791383903224002,3.7854621476037664,3.9569809905800994,0.17151884297633302
MRI-ESM2-0,Shimla,held-out,1990-1999,2000-2010,4018.0,0,7.7107682362138235,30.648966456999517,3.271257999238533,29.825465116107583,29.230909244207737,14.0,21.057944552683,6.3,5.3,0.2,0.2,0.0,0.0,14.187497406495774,21.72693813816003,26.21184551983347,20.186117523669314,19.688820305038945,2.8,1.7999999999999998,0.0,0.0,0.0,0.0,13.731390242861927,19.979139160120372,24.694081653794072,18.362956296273754,19.839319248175784,1.0,0.0,0.0,,,,,,,,,,,,
MRI-ESM2-0,Shimla,future signal,,,,0,,,,,,,,,,,,,,,,,,,,,,,,,,,,,,,,,2071-2080,ssp585,3653.0,3.238354918625703,3.2612074094072447,0.022852490781541945,3.7816979903102492,3.8289161273782106,0.04721813706796141,3.6038950715984015,3.631668113446324,0.027773041847922286
