site,years,series,n_complete_years,annual_mean_c,days_ge_28_per_year,days_ge_30_per_year,days_ge_32_per_year,q50_c,q90_c,q99_c,DJF_mean_c,MAM_mean_c,JJAS_mean_c,ON_mean_c
Kochi,1990-1999,"UTC day, ref_audited",10.0,31.853683631540974,356.3,305.7,186.8,32.054481742852715,34.017757666398055,35.20715153738176,32.57156647738923,33.01514120191343,30.35005076997212,32.05316236083669
Kochi,1990-1999,"UTC day, W1",8.0,31.830898348137985,348.25,302.125,185.5,31.979625590872814,34.19611465113023,35.363911577727855,32.08583569903695,33.58899719283582,30.311966642697907,31.563485587615514
Kochi,1990-1999,"IST day, ref_audited",9.0,31.878150764398747,356.6666666666667,307.1111111111111,189.0,32.05353937226084,34.01815000971504,35.20746288237078,32.57094490578248,33.01514120191343,30.35005076997212,32.05316236083669
Kolkata,1990-1999,"UTC day, ref_audited",10.0,29.70300638141331,257.3,208.2,121.5,30.751520559550755,33.56315238087625,35.50442793650861,24.875597414281316,31.631528318719386,31.913826932354002,29.508493485857855
Kolkata,1990-1999,"UTC day, W1",8.0,29.788927266343364,258.25,213.25,125.625,30.79153185512996,33.51834430019508,35.12347689690417,25.075203140758905,31.972159740749625,31.7112017339085,29.553157156272086
Kolkata,1990-1999,"IST day, ref_audited",9.0,29.733262495590605,258.0,210.44444444444446,124.22222222222223,30.75241457567438,33.56353801752732,35.50460939395157,24.880739934670146,31.631528318719386,31.913826932354002,29.508590825111742
Bikaner,1990-1999,"UTC day, ref_audited",10.0,27.4388119293201,190.1,146.7,71.0,28.42294489478627,33.07432544475789,35.84077452184887,21.035673706823506,28.4023914274355,31.96147772922065,26.392104120577127
Bikaner,1990-1999,"UTC day, W1",8.0,27.034221078036094,181.75,139.75,80.625,28.00584877254238,33.07924246979748,34.68452340410736,20.199310176057672,28.046526406572195,32.06709689933865,25.782209523119118
Bikaner,1990-1999,"IST day, ref_audited",9.0,27.447212449748022,190.22222222222223,146.77777777777777,70.77777777777777,28.42490841648697,33.07435107711427,35.8408119014816,21.038245090570705,28.40257773485665,31.96150230453419,26.39315825796692
Lucknow,1990-1999,"UTC day, ref_audited",10.0,28.406728693538724,211.7,169.9,106.4,29.534663864273824,34.284896587893044,37.17544101817876,21.905970437178958,29.678179756298128,32.460462585342526,27.988446339930647
Lucknow,1990-1999,"UTC day, W1",8.0,28.12859140116472,205.875,162.375,97.75,29.254983669943982,33.70781398967539,35.484445722898,21.672075260176637,29.454379937105628,32.20394671627423,27.699193737434463
Lucknow,1990-1999,"IST day, ref_audited",9.0,28.429052629211714,212.33333333333334,171.11111111111111,108.0,29.5439998240019,34.285568727566556,37.175752140547786,21.911130009611785,29.678179756298128,32.460552964262725,27.98928938599917
Hyderabad,1990-1999,"UTC day, ref_audited",10.0,28.490566637024358,207.6,100.9,37.4,28.454121220536933,32.044147046594404,34.790158205860855,26.085384549083326,31.097654254047423,28.73415830798909,27.63087432536441
Hyderabad,1990-1999,"UTC day, W1",8.0,28.539551594637047,216.75,113.625,31.375,28.56119244718076,31.73310024985712,33.201029070343246,25.92035453538883,30.822379956463188,28.8708084686975,27.79887441325657
Hyderabad,1990-1999,"IST day, ref_audited",9.0,28.558684553155146,212.33333333333334,104.66666666666667,39.333333333333336,28.454705979628613,32.0448916377394,34.7902894831017,26.083311904500416,31.097654254047423,28.73415830798909,27.63087432536441
Shimla,1990-1999,"UTC day, ref_audited",10.0,19.53091817450159,0.8,0.0,0.0,20.167313507592013,25.25188268322227,27.11583005717033,13.382554976007338,19.900653593151233,24.330735921455524,18.464451645055124
Shimla,1990-1999,"UTC day, W1",8.0,19.2420215485999,0.0,0.0,0.0,19.87091371763745,25.632566383979913,27.105316404815593,12.611707962189273,19.500104500530348,24.622245890823873,18.317948599588654
Shimla,1990-1999,"IST day, ref_audited",9.0,19.520941091001962,0.5555555555555556,0.0,0.0,20.16872050854073,25.25207584228599,27.11593390092827,13.385662625816675,19.900653593151233,24.330735921455524,18.464451645055124
